,id,c1,c2,c3,formula_combined,chemical_formula,x,y,z,sphericity,shape,area/volume,max/min,space_group_core,space_group_shell,crystal_structure,coer_oe,sat_em_g,mr (emu/g),exc_bias_oe,ver_shift_emu_g,temperature_k,fc_field_t,h_range_max_koe,mass_ratio,exc_dir,ver_s_dir,common_spin,Effective anisotropy constant (J/m3),magnetic anisotropy constant (J/m3),magnetocrystalline anisotropy constant (J/m3),Anisotropy constant,Crystalline,MAE,Curie temperature (K),exchange constant (J/m) *10^-12,Electronegativity core,Demagnetization factors (Nd),interdomain coupling (alpha),mass_magnetic_susceptibility(emu/Oe*g)
533,1,AuFe2O3,,,,,14,14,14,1,,0.429,1,167,0,,3.564,28,19.253,,,,,,,,,0.917,6000,34000,11000,34000,,140000,948,0.1,2.753,0.333,0.5,0
534,2,Co0.03Fe0.97Fe2O4,,,,,7.1,7.1,7.1,1,,0.423,1,227,0,,0,20,0,,,,,,,,,1,11000,128,47750,1500,,140000,632.75,0.257,2.75,0.333,0.5,0
535,3,Co0.05Fe0.95Fe2O4,,,,,6.9,6.9,6.9,1,,0.435,1,227,0,,0,20,0,,,,,,,,,1,11000,128,47750,2000,,140000,632.75,0.257,2.75,0.333,0.5,0
536,4,Co0.1Fe0.9Fe2O4,,,,,17,17,17,1,,0.353,1,227,0,,143,73.5,10.8,,,,,,,,,1,9625,167276,11000,82000,,772500,810,0.105,2.751,0.333,0.5,0.004
537,5,Co0.1Fe0.9Fe2O4,,,,,17,17,17,1,,0.353,1,227,0,,9.1,86.2,69,,,,,,,,,1,230100,104,1613500,82000,,612500,682.25,0.132,2.751,0.333,4.714,0
538,6,Co0.1Fe0.9Fe2O4,,,,,6,6,6,1,,0.5,1,227,0,,7.4,82,65,,,,,,,,,1,200000,55828,580000,82000,,772500,550.5,0.533,2.751,0.333,9.1,0.004
539,7,Co0.1Fe0.9Fe2O4,,,,,6,6,6,1,,0.5,1,227,0,,7.4,82,65,,,,,,,,,1,200000,55828,580000,82000,,772500,550.5,0.533,2.751,0.333,9.1,0.004
540,8,Co0.1Fe0.9Fe2O4,,,,,6,6,6,1,,0.5,1,227,0,,7.4,82,65,,,,,,,,,1,200000,55828,580000,82000,,772500,550.5,0.533,2.751,0.333,9.1,0.004
541,9,Co0.1Fe0.9Fe2O4,,,,,7.1,7.1,7.1,1,,0.423,1,227,0,,0,20,0,,,,,,,,,1,11000,104,11000,82000,,140000,635,0.257,2.751,0.333,0.5,0
542,10,Co0.24Mn0.15Fe0.61Fe2O4,,,,,19,19,19,1,,0.158,1,141,0,,0,93,0,,,,,,,,,1.011,280000,10.6,200000,280000,,2030000,520,0.17,2.746,0.333,0.156,0.001
543,11,Co0.3Fe0.7Fe2O4,,,,,19,19,19,1,,0.316,1,227,0,,94.12,63.97,8.107,,,,,,,,,1,38225,104,5000,119000,,140000,800,0.257,2.752,0.333,0.5,0
544,12,Co0.3Fe0.7Fe2O4,,,,,19,19,19,1,,0.316,1,227,0,,94.12,63.97,6.107,,,,,,,,,1,38225,104,5000,119000,,140000,800,0.257,2.752,0.333,0.5,0
545,13,Co0.3Fe0.7Fe2O4,,,,,9,9,9,1,,0.333,1,227,0,,10.597,84,70,,,,,,,,,1,200000,177250,820000,119000,,1717500,550.5,0.282,2.752,0.333,9.1,0.004
546,14,Co0.3Fe0.7Fe2O4,,,,,9,9,9,1,,0.333,1,227,0,,10.597,84,70,,,,,,,,,1,200000,177250,820000,119000,,1717500,550.5,0.282,2.752,0.333,9.1,0.004
547,15,Co0.3Fe0.7Fe2O4,,,,,9,9,9,1,,0.333,1,227,0,,10.597,84,70,,,,,,,,,1,200000,177250,1700000,119000,,1717500,550.5,0.282,2.752,0.333,9.1,0.004
548,16,Co0.5Fe0.5Fe2O4,,,,,20,20,20,1,,0.3,1,227,0,,13.58,73.75,49.2,,,,,,,,,1,320400,223000,5280000,275000,,2670000,534,0.158,2.754,0.333,9.1,0.015
549,17,Co0.5Fe0.5Fe2O4,,,,,20,20,20,1,,0.3,1,227,0,,2.545,40,30,,,,,,,,,1,320400,223000,5280000,275000,,2670000,534,0.152,2.754,0.333,9.1,0.015
550,18,Co0.5Fe0.5Fe2O4,,,,,20,20,20,1,,0.3,1,227,0,,2.545,60,30,,,,,,,,,1,320400,223000,5280000,275000,,2670000,534,0.17,2.754,0.333,9.1,0.015
551,19,Co0.5Fe0.5Fe2O4,,,,,20,20,20,1,,0.3,1,227,0,,2.545,60,30,,,,,,,,,1,320400,223000,5280000,275000,,2670000,534,0.17,2.754,0.333,9.1,0.015
552,20,Co0.5Fe0.5Fe2O4,,,,,20,20,20,1,,0.3,1,227,0,,2.545,60,30,,,,,,,,,1,320400,223000,5280000,275000,,2670000,534,0.17,2.754,0.333,9.1,0.015
553,21,Co0.5Fe0.5Fe2O4,,,,,20,20,20,1,,0.3,1,227,0,,2.545,60,30,,,,,,,,,1,320400,223000,5280000,275000,,2670000,534,0.17,2.754,0.333,9.1,0.015
554,22,Co0.5Fe0.5Fe2O4,,,,,20,20,20,1,,0.3,1,227,0,,2.545,60,30,,,,,,,,,1,320400,223000,5280000,275000,,2670000,534,0.17,2.754,0.333,9.1,0.015
555,23,Co0.5Fe0.5Fe2O4,,,,,20,20,20,1,,0.3,1,227,0,,2.545,60,30,,,,,,,,,1,320400,223000,5280000,275000,,2670000,534,0.17,2.754,0.333,9.1,0.015
556,24,Co0.5Fe0.5Fe2O4,,,,,20,20,20,1,,0.3,1,227,0,,2.545,60,30,,,,,,,,,1,320400,223000,5280000,275000,,2670000,534,0.17,2.754,0.333,9.1,0.015
557,25,Co0.5Fe0.5Fe2O4,,,,,20,20,20,1,,0.3,1,227,0,,2.545,60,30,,,,,,,,,1,320400,223000,5280000,275000,,2670000,534,0.17,2.754,0.333,9.1,0.015
558,26,Co0.5Fe0.5Fe2O4,,,,,20,20,20,1,,0.3,1,227,0,,2.545,60,30,,,,,,,,,1,320400,223000,5280000,275000,,2670000,534,0.17,2.754,0.333,9.1,0.015
559,27,Co0.5Fe0.5Fe2O4,,,,,20,20,20,1,,0.3,1,227,0,,2.545,60,30,,,,,,,,,1,320400,223000,5280000,275000,,2670000,534,0.17,2.754,0.333,9.1,0.015
560,28,Co0.5Fe0.5Fe2O4,,,,,20,20,20,1,,0.3,1,227,0,,2.545,60,30,,,,,,,,,1,320400,111528.65,5280000,275000,,1717500,534,0.158,2.754,0.333,6.864,0.004
561,29,Co0.5Fe0.5Fe2O4,,,,,12,12,12,1,,0.25,1,227,0,,15.701,77,67,,,,,,,,,1,200000,177250,1700000,275000,,2190000,534,0.17,2.754,0.333,9.1,0.004
562,30,Co0.5Fe0.5Fe2O4,,,,,12,12,12,1,,0.25,1,227,0,,15.701,77,67,,,,,,,,,1,200000,177250,1700000,25000,,772500,595.25,0.533,2.754,0.333,9.1,0.004
563,31,Co0.5Fe0.5Fe2O4,,,,,12,12,12,1,,0.25,1,227,0,,15.701,77,67,,,,,,,,,1,200000,177250,1700000,25000,,772500,595.25,0.533,2.754,0.333,9.1,0.004
564,32,Co0.7Fe0.3Fe2O4,,,,,27,27,27,1,,0.222,1,227,0,,7.36,60,40,,,,,,,,,1,290300,223000,4385000,294000,,2670000,534,-5.15,2.755,0.333,9.1,0.015
565,33,Co0.7Fe0.3Fe2O4,,,,,27,27,27,1,,0.222,1,227,0,,400,70,20,,,,,,,,,1,38225,223000,5280000,294000,,2670000,534,-5.15,2.755,0.333,9.1,0.015
566,34,Co0.7Fe0.3Fe2O4,,,,,27,27,27,1,,0.222,1,227,0,,400,70,20,,,,,,,,,1,38225,223000,5280000,294000,,2670000,534,-5.15,2.755,0.333,9.1,0.015
567,35,Co0.7Fe0.3Fe2O4,,,,,27,27,27,1,,0.222,1,227,0,,400,70,20,,,,,,,,,1,38225,223000,5280000,294000,,2670000,534,-5.15,2.755,0.333,9.1,0.015
568,36,Co0.7Fe0.3Fe2O4,,,,,27,27,27,1,,0.222,1,227,0,,400,70,20,,,,,,,,,1,38225,223000,5280000,294000,,2670000,534,-5.15,2.755,0.333,9.1,0.015
569,37,Co0.7Fe0.3Fe2O4,,,,,27,27,27,1,,0.222,1,227,0,,400,70,20,,,,,,,,,1,38225,223000,5280000,294000,,2670000,534,-5.15,2.755,0.333,9.1,0.015
570,38,Co0.7Fe0.3Fe2O4,,,,,27,27,27,1,,0.222,1,227,0,,300,49,15,,,,,,,,,1,29600,223000,5280000,294000,,2670000,534,-5.15,2.755,0.333,9.1,0.015
571,39,Co0.7Fe0.3Fe2O4,,,,,27,27,27,1,,0.222,1,227,0,,300,49,15,,,,,,,,,1,29600,223000,5280000,294000,,2670000,534,-5.15,2.755,0.333,9.1,0.015
572,40,Co0.7Fe0.3Fe2O4,,,,,27,27,27,1,,0.222,1,227,0,,300,49,15,,,,,,,,,1,29600,223000,5280000,294000,,2670000,534,-5.15,2.755,0.333,9.1,0.015
573,41,Co0.7Fe0.3Fe2O4,,,,,27,27,27,1,,0.222,1,227,0,,300,49,15,,,,,,,,,1,29600,223000,5280000,294000,,2670000,534,-5.15,2.755,0.333,9.1,0.015
574,42,Co0.7Fe0.3Fe2O4,,,,,27,27,27,1,,0.222,1,227,0,,300,49,15,,,,,,,,,1,29600,223000,5280000,294000,,2670000,534,-5.15,2.755,0.333,9.1,0.015
575,43,Co0.7Fe0.3Fe2O4,,,,,27,27,27,1,,0.222,1,227,0,,400,53,20,,,,,,,,,1,35475,223000,5280000,294000,,2670000,534,-5.15,2.755,0.333,9.1,0.015
576,44,Co0.7Fe0.3Fe2O4,,,,,27,27,27,1,,0.222,1,227,0,,400,53,20,,,,,,,,,1,35475,223000,5280000,294000,,2670000,534,-5.15,2.755,0.333,9.1,0.015
577,45,Co0.7Fe0.3Fe2O4,,,,,27,27,27,1,,0.222,1,227,0,,400,53,20,,,,,,,,,1,35475,223000,5280000,294000,,2670000,534,-5.15,2.755,0.333,9.1,0.015
578,46,Co0.7Fe0.3Fe2O4,,,,,27,27,27,1,,0.222,1,227,0,,400,53,20,,,,,,,,,1,35475,223000,5280000,294000,,2670000,534,-5.15,2.755,0.333,9.1,0.015
579,47,Co0.7Fe0.3Fe2O4,,,,,27,27,27,1,,0.222,1,227,0,,300,48,15.4,,,,,,,,,1,29600,223000,5280000,294000,,2670000,534,-5.15,2.755,0.333,9.1,0.015
580,48,Co0.7Fe0.3Fe2O4,,,,,27,27,27,1,,0.222,1,227,0,,300,48,15.4,,,,,,,,,1,29600,223000,5280000,294000,,2670000,534,-5.15,2.755,0.333,9.1,0.015
581,49,Co0.7Fe0.3Fe2O4,,,,,27,27,27,1,,0.222,1,227,0,,300,48,15.4,,,,,,,,,1,29600,223000,5280000,294000,,2670000,534,-5.15,2.755,0.333,9.1,0.015
582,50,Co0.7Fe0.3Fe2O4,,,,,27,27,27,1,,0.222,1,227,0,,300,48,15.4,,,,,,,,,1,29600,223000,5280000,294000,,2670000,534,-5.15,2.755,0.333,9.1,0.015
583,51,Co0.7Fe0.3Fe2O4,,,,,27,27,27,1,,0.222,1,227,0,,300,48,15.4,,,,,,,,,1,29600,223000,5280000,294000,,2670000,534,-5.15,2.755,0.333,9.1,0.015
584,52,Co0.7Fe0.3Fe2O4,,,,,27,27,27,1,,0.222,1,227,0,,400,70,20,,,,,,,,,1,38225,223000,5280000,294000,,2670000,534,-5.15,2.755,0.333,9.1,0.015
585,53,Co0.7Fe0.3Fe2O4,,,,,27,27,27,1,,0.222,1,227,0,,10.86,63.25,43.067,,,,,,,,,1,290300,192500,4385000,294000,,2670000,534,-5.15,2.755,0.333,9.1,0.015
586,54,Co0.7Fe0.3Fe2O4,,,,,27,27,27,1,,0.222,1,227,0,,10.86,63.25,43.067,,,,,,,,,1,290300,192500,4385000,294000,,2670000,534,-5.15,2.755,0.333,9.1,0.015
587,55,Co0.7Fe0.3Fe2O4,,,,,27,27,27,1,,0.222,1,227,0,,10.86,63.25,43.067,,,,,,,,,1,290300,192500,4385000,294000,,2670000,534,-5.15,2.755,0.333,9.1,0.015
588,56,Co0.7Fe0.3Fe2O4,,,,,27,27,27,1,,0.222,1,227,0,,10.86,63.25,43.067,,,,,,,,,1,290300,192500,4385000,294000,,2670000,534,-5.15,2.755,0.333,9.1,0.015
589,57,Co0.7Fe0.3Fe2O4,,,,,27,27,27,1,,0.222,1,227,0,,10.86,63.25,43.067,,,,,,,,,1,290300,192500,4385000,294000,,2670000,534,-5.15,2.755,0.333,9.1,0.015
590,58,Co0.7Fe0.3Fe2O4,,,,,27,27,27,1,,0.222,1,227,0,,10.86,63.25,43.067,,,,,,,,,1,290300,192500,4385000,294000,,2670000,534,-5.15,2.755,0.333,9.1,0.015
591,59,Co0.7Fe0.3Fe2O4,,,,,22,22,22,1,,0.273,1,227,0,,11,56,40,,,,,,,,,1,290300,223000,4385000,294000,,2670000,534,-5.098,2.755,0.333,9.1,0.015
592,60,Co0.7Fe0.3Fe2O4,,,,,22,22,22,1,,0.273,1,227,0,,5,61,42,,,,,,,,,1,290300,223000,4385000,294000,,2670000,534,-5.098,2.755,0.333,9.1,0.015
593,61,Co0.7Fe0.3Fe2O4,,,,,22,22,22,1,,0.273,1,227,0,,8,70,40,,,,,,,,,1,290300,223000,4385000,294000,,2670000,534,-5.098,2.755,0.333,9.1,0.015
594,62,Co0.7Fe0.3Fe2O4,,,,,22,22,22,1,,0.273,1,227,0,,400,53,20,,,,,,,,,1,29975,223000,5280000,294000,,2670000,534,-2.08,2.755,0.333,9.1,0.015
595,63,Co0.7Fe0.3Fe2O4,,,,,22,22,22,1,,0.273,1,227,0,,8,60,40,,,,,,,,,1,290300,223000,4385000,294000,,2670000,534,-5.098,2.755,0.333,9.1,0.015
596,64,Co0.7Fe0.3Fe2O4,,,,,22,22,22,1,,0.273,1,227,0,,10.86,63.25,43.067,,,,,,,,,1,290300,223000,4385000,294000,,2670000,534,-5.098,2.755,0.333,9.1,0.015
597,65,CoFe2O4,,,,,12,12,12,1,,0.25,1,141,0,,0,81.11,0,,,,,,,,,1,280000,10.6,200000,280000,,2030000,520,0.17,2.757,0.333,0.156,0.001
598,66,CoFe2O4,,,,,12,12,12,1,,0.25,1,141,0,,0,81.11,0,,,,,,,,,1,280000,10.6,200000,280000,,2030000,520,0.17,2.757,0.333,0.156,0.001
599,67,CoFe2O4,,,,,12,12,12,1,,0.25,1,141,0,,0,81.11,0,,,,,,,,,1,280000,10.6,200000,280000,,2030000,520,0.17,2.757,0.333,0.156,0.001
600,68,CoFe2O4,,,,,12,12,12,1,,0.25,1,141,0,,0,81.11,0,,,,,,,,,1,280000,10.6,200000,280000,,2030000,520,0.17,2.757,0.333,0.156,0.001
601,69,CoFe2O4,,,,,12,12,12,1,,0.25,1,141,0,,0,81.11,0,,,,,,,,,1,280000,10.6,200000,280000,,2030000,520,0.17,2.757,0.333,0.156,0.001
602,70,CoFe2O4,,,,,12,12,12,1,,0.25,1,141,0,,0,76.9,0,,,,,,,,,1,280000,10.6,200000,280000,,2030000,520,0.17,2.757,0.333,0.156,0.001
603,71,CoFe2O4,,,,,12,12,12,1,,0.25,1,141,0,,0,76.9,0,,,,,,,,,1,280000,10.6,200000,280000,,2030000,520,0.17,2.757,0.333,0.156,0.001
604,72,CoFe2O4,,,,,12,12,12,1,,0.25,1,141,0,,0,76.9,0,,,,,,,,,1,280000,10.6,200000,280000,,2030000,520,0.17,2.757,0.333,0.156,0.001
605,73,CoFe2O4,,,,,12,12,12,1,,0.25,1,141,0,,0,76.9,0,,,,,,,,,1,280000,10.6,200000,280000,,2030000,520,0.17,2.757,0.333,0.156,0.001
606,74,CoFe2O4,,,,,12,12,12,1,,0.25,1,141,0,,0,76.9,0,,,,,,,,,1,280000,10.6,200000,280000,,2030000,520,0.17,2.757,0.333,0.156,0.001
607,75,CoFe2O4,,,,,11,11,11,1,,0.273,1,227,0,,64.3,49.18,7.6,,,,,,,,,1,16000,10.6,14000,280000,,2030000,520,0.17,2.757,0.333,0.156,0.001
608,76,CoFe2O4,,,,,11,11,11,1,,0.273,1,227,0,,64.3,49.18,7.6,,,,,,,,,1,16000,10.6,14000,280000,,2030000,520,0.17,2.757,0.333,0.156,0.001
609,77,CoFe2O4,,,,,11,11,11,1,,0.273,1,227,0,,64.3,49.18,7.6,,,,,,,,,1,16000,10.6,14000,280000,,2030000,520,0.17,2.757,0.333,0.156,0.001
610,78,CoFe2O4,,,,,7.7,7.7,7.7,1,,0.39,1,227,0,,55.6,61.51,9.25,,,,,,,,,1,16000,10.6,14000,280000,,2030000,520,0.17,2.757,0.333,0.156,0.001
611,79,CoFe2O4,,,,,7.7,7.7,7.7,1,,0.39,1,227,0,,55.6,61.51,9.25,,,,,,,,,1,16000,10.6,14000,280000,,2030000,520,0.17,2.757,0.333,0.156,0.001
612,80,CoFe2O4,,,,,7.7,7.7,7.7,1,,0.39,1,227,0,,55.6,61.51,9.25,,,,,,,,,1,16000,10.6,14000,280000,,2030000,520,0.17,2.757,0.333,0.156,0.001
613,81,CoFe2O4,,,,,11.96,11.96,11.96,1,,0.251,1,227,0,,20,55.4,6.2,,,,,,,,,1,200000,10.6,1200,280000,,2030000,520,0.17,2.757,0.333,0.156,0.001
614,82,CoFe2O4,,,,,11.96,11.96,11.96,1,,0.251,1,227,0,,20,55.4,6.2,,,,,,,,,1,200000,10.6,1200,280000,,2030000,520,0.17,2.757,0.333,0.156,0.001
615,83,CoFe2O4,,,,,11.96,11.96,11.96,1,,0.251,1,227,0,,20,55.4,6.2,,,,,,,,,1,200000,10.6,1200,280000,,2030000,520,0.17,2.757,0.333,0.156,0.001
616,84,CoFe2O4,,,,,11.96,11.96,11.96,1,,0.251,1,227,0,,20,55.4,6.2,,,,,,,,,1,200000,10.6,1200,280000,,2030000,520,0.17,2.757,0.333,0.156,0.001
617,85,CoFe2O4,,,,,11.96,11.96,11.96,1,,0.251,1,227,0,,20,55.4,6.2,,,,,,,,,1,200000,10.6,1200,280000,,2030000,520,0.17,2.757,0.333,0.156,0.001
618,86,CoFe2O4,,,,,10,10,10,1,,0.3,1,227,0,,0.8,76,43,,,,,,,,,1,296000,10.6,200000,280000,,2030000,520,0.17,2.757,0.333,0.156,0.001
619,87,CoFe2O4,,,,,10,10,10,1,,0.3,1,227,0,,0.8,76,43,,,,,,,,,1,296000,10.6,200000,280000,,2030000,520,0.17,2.757,0.333,0.156,0.001
620,88,CoFe2O4,,,,,10,10,10,1,,0.3,1,227,0,,0.8,76,43,,,,,,,,,1,296000,10.6,200000,280000,,2030000,520,0.17,2.757,0.333,0.156,0.001
621,89,CoFe2O4,,,,,10,10,10,1,,0.3,1,227,0,,0.8,76,43,,,,,,,,,1,296000,10.6,200000,280000,,2030000,520,0.17,2.757,0.333,0.156,0.001
622,90,CoFe2O4,,,,,10,10,10,1,,0.3,1,227,0,,0.8,76,43,,,,,,,,,1,296000,10.6,200000,280000,,2030000,520,0.17,2.757,0.333,0.156,0.001
623,91,CoFe2O4,,,,,10,10,10,1,,0.3,1,227,0,,0.8,76,43,,,,,,,,,1,296000,10.6,200000,280000,,2030000,520,0.17,2.757,0.333,0.156,0.001
624,92,CoFe2O4,,,,,4,4,4,1,,0.75,1,227,0,,123.8,48.01,0.72,,,,,,,,,1,16000,10.6,200000,280000,,1200000,520,0.17,2.757,0.333,0.156,0.001
625,93,CoFe2O4,,,,,4,4,4,1,,0.75,1,227,0,,123.8,48.01,0.72,,,,,,,,,1,16000,10.6,200000,280000,,1200000,520,0.17,2.757,0.333,0.156,0.001
626,94,CoFe2O4,,,,,4,4,4,1,,0.75,1,227,0,,123.8,48.01,0.72,,,,,,,,,1,16000,10.6,200000,280000,,1200000,520,0.17,2.757,0.333,0.156,0.001
627,95,CoFe2O4,,,,,7.7,7.7,7.7,1,,0.39,1,227,0,,0,92,0,,,,,,,,,1,16000,10.6,14000,280000,,2030000,789,0.17,2.757,0.333,0.156,0.001
628,96,CoFe2O4,,,,,15,15,15,1,,0.4,1,227,0,,10,47.9,40,,,,,,,,,1,52750,33.95,14000,280000,,2030000,803,0.17,2.757,0.333,0.156,0.001
629,97,CoFe2O4,,,,,9.2,9.2,9.2,1,,0.652,1,227,0,,3.564,32,19.253,,,,,,,,,1,92000,10.6,1200,200000,,2030000,793,0.17,2.757,0.333,0.156,0.001
630,98,CoFe2O4,,,,,9.2,9.2,9.2,1,,0.652,1,227,0,,3.564,32,19.253,,,,,,,,,1,92000,10.6,1200,200000,,2030000,793,0.17,2.757,0.333,0.156,0.001
631,99,CoFe2O4,,,,,4.1,4.1,4.1,0.995,,1.463,1,227,0,,1450,71.7,32.8,,,,,,,,,2.333,60000,10.6,210000,11000,,1200000,795,0.17,2.757,0.333,0.156,0.001
632,100,CoFe2O4,,,,,13.8,13.8,13.8,1,,0.435,1,227,0,,1450,71.7,32.8,,,,,,,,,2.333,60000,10.6,210000,11000,,2030000,795,0.17,2.757,0.333,0.156,0.001
633,101,CoFe2O4,,,,,4.1,4.1,4.1,0.995,,1.463,1,227,0,,1450,71.7,32.8,,,,,,,,,2.333,60000,10.6,210000,11000,,1200000,795,0.17,2.757,0.333,0.156,0.001
634,102,CoFe2O4,,,,,13.8,13.8,13.8,1,,0.435,1,227,0,,631.5,23.1,8.4,,,,,,,,,2.333,60000,10.6,210000,11000,,2030000,795,0.17,2.757,0.333,0.156,0.001
635,103,CoFe2O4,,,,,24.5,24.5,24.5,1,,0.245,1,227,0,,748.72,127.6,38.8,,,,,,,,,2.333,60000,10.6,210000,11000,,2030000,795,0.17,2.757,0.333,0.156,0.001
636,104,CoFe2O4,,,,,32.1,32.1,32.1,1,,0.187,1,227,0,,1567.15,45.7,21.2,,,,,,,,,2.333,60000,10.6,210000,11000,,1615000,795,0.17,2.757,0.333,0.156,0.001
637,105,CoFe2O4,,,,,45.2,45.2,45.2,1,,0.133,1,227,0,,631.5,23.1,8.4,,,,,,,,,2.333,60000,10.6,210000,11000,,512734.25,795,0.17,2.757,0.333,0.156,0.001
638,106,CoFe2O4,,,,,24.5,24.5,24.5,1,,0.245,1,227,0,,748.72,127.6,38.8,,,,,,,,,2.333,60000,10.6,210000,11000,,2030000,795,0.17,2.757,0.333,0.156,0.001
639,107,CoFe2O4,,,,,32.1,32.1,32.1,1,,0.187,1,227,0,,1567.15,45.7,21.2,,,,,,,,,2.333,60000,10.6,210000,11000,,1615000,795,0.17,2.757,0.333,0.156,0.001
640,108,CoFe2O4,,,,,45.2,45.2,45.2,1,,0.133,1,227,0,,631.5,23.1,8.4,,,,,,,,,2.333,60000,10.6,210000,11000,,512734.25,795,0.17,2.757,0.333,0.156,0.001
641,109,CoFe2O4,,,,,14,14,14,1,,0.429,1,227,0,,1450,71.7,32.8,,,,,,,,,2.333,60000,10.6,210000,11000,,2030000,793,0.17,2.757,0.333,0.156,0.001
642,110,CoFe2O4,,,,,164.8,164.8,164.8,1,,0.018,1,227,0,,797,100,29,,,,,,,,,2.333,200000,10.6,390000,280000,,1615000,793,0.17,2.757,0.333,0.156,0.001
643,111,CoFe2O4,,,,,164.8,164.8,164.8,1,,0.018,1,227,0,,797,100,29,,,,,,,,,2.333,16000,10.6,390000,280000,,1615000,793,0.17,2.757,0.333,0.156,0.001
644,112,CoFe2O4,,,,,4,4,4,1,,0.75,1,227,0,,277.4,68.3,11.7,,,,,,,,,2.333,1900000,10.6,390000,600,,1200000,793,0.17,2.757,0.333,0.156,0.001
645,113,CoFe2O4,,,,,3.5,3.5,3.5,1,,0.857,1,227,0,,127.2,80.3,6.9,,,,,,,,,2.333,1900000,10.6,390000,600,,1200000,793,0.17,2.757,0.333,0.156,0.001
646,114,CoFe2O4,,,,,4,4,4,1,,0.75,1,227,0,,47,66.3,3.8,,,,,,,,,2.333,1900000,10.6,390000,200000,,1200000,793,0.17,2.842,0.333,0.156,0.001
647,115,CoFe2O4,,,,,1.5,1.5,1.5,1,,2,1,227,0,,77.3,35.2,0.5,,,,,,,,,2.333,16000,10.6,390000,200000,,1200000,793,0.17,2.757,0.333,0.156,0.001
648,116,CoFe2O4,,,,,2,2,2,1,,1.5,1,227,0,,59.1,45.3,0.9,,,,,,,,,2.333,16000,10.6,390000,200000,,1200000,793,0.17,2.757,0.333,0.156,0.001
649,117,CoFe2O4,,,,,2,2,2,1,,1.5,1,227,0,,195.4,99.3,5.8,,,,,,,,,2.333,16000,10.6,390000,200000,,1200000,793,0.17,2.757,0.333,0.156,0.001
650,118,CoFe2O4,,,,,2,2,2,1,,1.5,1,227,0,,72.5,36.6,0.8,,,,,,,,,2.333,200000,10.6,390000,200000,,1200000,793,0.17,2.842,0.333,0.156,0.001
651,119,CoFe2O4,,,,,5,5,5,0.998,,1.2,1,227,0,,101.775,55.7,1.975,,,,,,,,,2.333,16000,10.6,390000,200000,,1200000,793,0.17,2.757,0.333,0.156,0.001
652,120,CoFe2O4,,,,,10,10,10,0.998,,0.6,1,227,0,,101.775,55.7,1.975,,,,,,,,,2.333,16000,10.6,390000,200000,,1200000,793,0.17,2.757,0.333,0.156,0.001
653,121,CoFe2O4,,,,,20.5,20.5,20.5,1,,0.293,1,227,0,,101.775,55.7,1.975,,,,,,,,,2.333,16000,10.6,390000,200000,,2030000,793,0.17,2.757,0.333,0.156,0.001
654,122,CoFe2O4,,,,,11.5,11.5,11.5,1,,0.522,1,227,0,,101.775,55.7,1.975,,,,,,,,,2.333,16000,10.6,390000,200000,,2030000,793,0.17,2.757,0.333,0.156,0.001
655,123,CoFe2O4,,,,,2,2,2,1,,1.5,1,227,0,,75.3,43,0.7,,,,,,,,,2.333,16000,10.6,1200,200000,,1200000,793,0.17,2.842,0.333,0.156,0.001
656,124,CuFe2O4,,,,,19.9,19.9,19.9,1,,0.151,1,141,0,,4,53.1,0.5,,,,,,,,,0.786,62500,200,190000,18100,,2030000,508,12.24,2.76,0.333,0.328,0
657,125,CuFe2O4,,,,,19.9,19.9,19.9,1,,0.151,1,141,0,,4,53.1,0.5,,,,,,,,,0.786,62500,200,190000,18100,,2030000,508,12.24,2.76,0.333,0.328,0
658,126,CuFe2O4,,,,,19.9,19.9,19.9,1,,0.151,1,141,0,,4,53.1,0.5,,,,,,,,,0.786,62500,200,190000,18100,,2030000,508,12.24,2.76,0.333,0.328,0
659,127,Cu2Fe2O4,,,,,480,41.5,41.5,1,,0.006,11.566,141,0,,0,7,0,,,,,,,,,0.333,62500,8602,190000,18100,,2030000,508,12.24,2.652,0.333,0.328,0
660,128,Cu2Fe2O4,,,,,480,41.5,41.5,1,,0.006,11.566,141,0,,0,7,0,,,,,,,,,0.333,62500,8602,190000,18100,,2030000,508,12.24,2.652,0.333,0.328,0
661,129,Cu2Fe2O4,,,,,7,7,7,1,,0.429,1,227,0,,16.83,28.4,0.212,,,,,,,,,0.333,62500,111552,190000,18100,,2670000,508,12.24,2.652,0.333,0.5,0.008
662,130,Cu2Fe2O4,,,,,7,7,7,1,,0.429,1,227,0,,6.11,7.2,0.212,,,,,,,,,0.333,62500,111552,190000,18100,,2670000,508,12.24,2.652,0.333,0.5,0.008
663,131,Fe0.5Mn0.5Fe2O4,,,,,8,8,8,0.999,,0.375,1,227,0,,60,65.9,0,,,,,,,,,0.536,61900,104,3000,27946.56,,140000,800,0.12,2.73,0.333,0.5,0
664,132,Fe0.5Mn0.5Fe2O4,,,,,8,8,8,0.999,,0.375,1,227,0,,60,65.9,0,,,,,,,,,0.536,61900,104,3000,27946.56,,140000,800,0.12,2.73,0.333,0.5,0
665,133,Fe3O4,,,,,35,35,35,1,,0.086,1,227,0,,0,66,0,,,,,,,,,1,11000,104,11000,255000,,140000,858,0.67,2.75,0.333,0.5,0
666,134,Fe3O4,,,,,35,35,35,1,,0.086,1,227,0,,0,66,0,,,,,,,,,1,11000,104,11000,255000,,140000,858,0.67,2.75,0.333,0.5,0
667,135,Fe3O4,,,,,35,35,35,1,,0.086,1,227,0,,0,66,0,,,,,,,,,1,11000,104,11000,255000,,140000,858,0.67,2.75,0.333,0.5,0
668,136,Fe3O4,,,,,35,35,35,1,,0.086,1,227,0,,0,66,0,,,,,,,,,1,11000,104,11000,255000,,140000,858,0.67,2.75,0.333,0.5,0
669,137,Fe3O4,,,,,35,35,35,1,,0.086,1,227,0,,0,66,0,,,,,,,,,1,11000,104,11000,255000,,140000,858,0.67,2.75,0.333,0.5,0
670,138,Fe3O4,,,,,35,35,35,1,,0.086,1,227,0,,0,66,0,,,,,,,,,1,11000,104,11000,255000,,140000,858,0.67,2.75,0.333,0.5,0
671,139,Fe3O4,,,,,35,35,35,1,,0.086,1,227,0,,0,66,0,,,,,,,,,1,11000,104,11000,255000,,140000,858,0.67,2.75,0.333,0.5,0
672,140,Fe3O4,,,,,35,35,35,1,,0.086,1,227,0,,0,66,0,,,,,,,,,1,11000,104,11000,255000,,140000,858,0.67,2.75,0.333,0.5,0
673,141,Fe3O4,,,,,17,17,17,1,,0.176,1,227,0,,0,59,0,,,,,,,,,1,11000,104,3000,255000,,140000,858,0.12,2.75,0.333,0.5,0
674,142,Fe3O4,,,,,17,17,17,1,,0.176,1,227,0,,0,59,0,,,,,,,,,1,11000,104,3000,255000,,140000,858,0.12,2.75,0.333,0.5,0
675,143,Fe3O4,,,,,17,17,17,1,,0.176,1,227,0,,0,59,0,,,,,,,,,1,11000,104,3000,255000,,140000,858,0.12,2.75,0.333,0.5,0
676,144,Fe3O4,,,,,17,17,17,1,,0.176,1,227,0,,0,59,0,,,,,,,,,1,11000,104,3000,255000,,140000,858,0.12,2.75,0.333,0.5,0
677,145,Fe3O4,,,,,17,17,17,1,,0.176,1,227,0,,0,59,0,,,,,,,,,1,11000,104,3000,255000,,140000,858,0.12,2.75,0.333,0.5,0
678,146,Fe3O4,,,,,17,17,17,1,,0.176,1,227,0,,0,59,0,,,,,,,,,1,11000,104,3000,255000,,140000,858,0.12,2.75,0.333,0.5,0
679,147,Fe3O4,,,,,17,17,17,1,,0.176,1,227,0,,0,59,0,,,,,,,,,1,11000,104,3000,255000,,140000,858,0.12,2.75,0.333,0.5,0
680,148,Fe3O4,,,,,17,17,17,1,,0.176,1,227,0,,0,59,0,,,,,,,,,1,11000,104,3000,255000,,140000,858,0.12,2.75,0.333,0.5,0
681,149,Fe3O4,,,,,17,17,17,1,,0.176,1,227,0,,0,59,0,,,,,,,,,1,11000,104,3000,255000,,140000,858,0.12,2.75,0.333,0.5,0
682,150,Fe3O4,,,,,17,17,17,1,,0.176,1,227,0,,0,59,0,,,,,,,,,1,11000,104,3000,255000,,140000,858,0.12,2.75,0.333,0.5,0
683,151,Fe3O4,,,,,17,17,17,1,,0.176,1,227,0,,0,59,0,,,,,,,,,1,11000,104,3000,255000,,140000,858,0.12,2.75,0.333,0.5,0
684,152,Fe3O4,,,,,17,17,17,1,,0.176,1,227,0,,0,59,0,,,,,,,,,1,11000,104,3000,255000,,140000,858,0.12,2.75,0.333,0.5,0
685,153,Fe3O4,,,,,17,17,17,1,,0.176,1,227,0,,0,59,0,,,,,,,,,1,11000,104,3000,255000,,140000,858,0.12,2.75,0.333,0.5,0
686,154,Fe3O4,,,,,17,17,17,1,,0.176,1,227,0,,0,59,0,,,,,,,,,1,11000,104,3000,255000,,140000,858,0.12,2.75,0.333,0.5,0
687,155,Fe3O4,,,,,17,17,17,1,,0.176,1,227,0,,0,59,0,,,,,,,,,1,11000,104,3000,255000,,140000,858,0.12,2.75,0.333,0.5,0
688,156,Fe3O4,,,,,17,17,17,1,,0.176,1,227,0,,0,59,0,,,,,,,,,1,11000,104,3000,255000,,140000,858,0.12,2.75,0.333,0.5,0
689,157,Fe3O4,,,,,17,17,17,1,,0.176,1,227,0,,0,59,0,,,,,,,,,1,11000,104,3000,255000,,140000,858,0.12,2.75,0.333,0.5,0
690,158,Fe3O4,,,,,17,17,17,1,,0.176,1,227,0,,0,59,0,,,,,,,,,1,11000,104,3000,255000,,140000,858,0.12,2.75,0.333,0.5,0
691,159,Fe3O4,,,,,17,17,17,1,,0.176,1,227,0,,0,59,0,,,,,,,,,1,11000,104,3000,255000,,140000,858,0.12,2.75,0.333,0.5,0
692,160,Fe3O4,,,,,17,17,17,1,,0.176,1,227,0,,0,59,0,,,,,,,,,1,11000,104,3000,255000,,140000,858,0.12,2.75,0.333,0.5,0
693,161,Fe3O4,,,,,17,17,17,1,,0.176,1,227,0,,0,59,0,,,,,,,,,1,11000,104,3000,255000,,140000,858,0.12,2.75,0.333,0.5,0
694,162,Fe3O4,,,,,17,17,17,1,,0.176,1,227,0,,0,59,0,,,,,,,,,1,11000,104,3000,255000,,140000,858,0.12,2.75,0.333,0.5,0
695,163,Fe3O4,,,,,20,20,20,1,,0.15,1,227,0,,0,59,0,,,,,,,,,1,4400,104,3000,37000,,140000,858,0.12,2.75,0.333,0.5,0
696,164,Fe3O4,,,,,20,20,20,1,,0.15,1,227,0,,0,59,0,,,,,,,,,1,4400,104,3000,37000,,140000,858,0.12,2.75,0.333,0.5,0
697,165,Fe3O4,,,,,20,20,20,1,,0.15,1,227,0,,0,59,0,,,,,,,,,1,4400,104,3000,37000,,140000,858,0.12,2.75,0.333,0.5,0
698,166,Fe3O4,,,,,20,20,20,1,,0.15,1,227,0,,0,59,0,,,,,,,,,1,4400,104,3000,37000,,140000,858,0.12,2.75,0.333,0.5,0
699,167,Fe3O4,,,,,20,20,20,1,,0.15,1,227,0,,0,59,0,,,,,,,,,1,4400,104,3000,37000,,140000,858,0.12,2.75,0.333,0.5,0
700,168,Fe3O4,,,,,20,20,20,1,,0.15,1,227,0,,0,59,0,,,,,,,,,1,4400,104,3000,37000,,140000,858,0.12,2.75,0.333,0.5,0
701,169,Fe3O4,,,,,20,20,20,1,,0.15,1,227,0,,0,59,0,,,,,,,,,1,4400,104,3000,37000,,140000,858,0.12,2.75,0.333,0.5,0
702,170,Fe3O4,,,,,20,20,20,1,,0.15,1,227,0,,0,59,0,,,,,,,,,1,4400,104,3000,37000,,140000,858,0.12,2.75,0.333,0.5,0
703,171,Fe3O4,,,,,20,20,20,1,,0.15,1,227,0,,0,59,0,,,,,,,,,1,4400,104,3000,37000,,140000,858,0.12,2.75,0.333,0.5,0
704,172,Fe3O4,,,,,20,20,20,1,,0.15,1,227,0,,0,59,0,,,,,,,,,1,4400,104,3000,37000,,140000,858,0.12,2.75,0.333,0.5,0
705,173,Fe3O4,,,,,20,20,20,1,,0.15,1,227,0,,0,59,0,,,,,,,,,1,4400,104,3000,37000,,140000,858,0.12,2.75,0.333,0.5,0
706,174,Fe3O4,,,,,20,20,20,1,,0.15,1,227,0,,0,59,0,,,,,,,,,1,4400,104,3000,37000,,140000,858,0.12,2.75,0.333,0.5,0
707,175,Fe3O4,,,,,20,20,20,1,,0.15,1,227,0,,0,59,0,,,,,,,,,1,4400,104,3000,37000,,140000,858,0.12,2.75,0.333,0.5,0
708,176,Fe3O4,,,,,20,20,20,1,,0.15,1,227,0,,0,65.1,0,,,,,,,,,1,4400,104,3000,37000,,140000,858,0.12,2.75,0.333,0.5,0
709,177,Fe3O4,,,,,20,20,20,1,,0.15,1,227,0,,0,65.1,0,,,,,,,,,1,4400,104,3000,37000,,140000,858,0.12,2.75,0.333,0.5,0
710,178,Fe3O4,,,,,20,20,20,1,,0.15,1,227,0,,0,65.1,0,,,,,,,,,1,4400,104,3000,37000,,140000,858,0.12,2.75,0.333,0.5,0
711,179,Fe3O4,,,,,20,20,20,1,,0.15,1,227,0,,0,65.1,0,,,,,,,,,1,4400,104,3000,37000,,140000,858,0.12,2.75,0.333,0.5,0
712,180,Fe3O4,,,,,20,20,20,1,,0.15,1,227,0,,0,67,0,,,,,,,,,1,4400,104,3000,37000,,140000,858,0.12,2.75,0.333,0.5,0
713,181,Fe3O4,,,,,20,20,20,1,,0.15,1,227,0,,0,67,0,,,,,,,,,1,4400,104,3000,37000,,140000,858,0.12,2.75,0.333,0.5,0
714,182,Fe3O4,,,,,20,20,20,1,,0.15,1,227,0,,0,67,0,,,,,,,,,1,4400,104,3000,37000,,140000,858,0.12,2.75,0.333,0.5,0
715,183,Fe3O4,,,,,20,20,20,1,,0.15,1,227,0,,0,67,0,,,,,,,,,1,4400,104,3000,37000,,140000,858,0.12,2.75,0.333,0.5,0
716,184,Fe3O4,,,,,20,20,20,1,,0.15,1,227,0,,0,68.1,0,,,,,,,,,1,4400,104,3000,37000,,140000,858,0.12,2.75,0.333,0.5,0
717,185,Fe3O4,,,,,20,20,20,1,,0.15,1,227,0,,0,68.1,0,,,,,,,,,1,4400,104,3000,37000,,140000,858,0.12,2.75,0.333,0.5,0
718,186,Fe3O4,,,,,20,20,20,1,,0.15,1,227,0,,0,68.1,0,,,,,,,,,1,4400,104,3000,37000,,140000,858,0.12,2.75,0.333,0.5,0
719,187,Fe3O4,,,,,20,20,20,1,,0.15,1,227,0,,0,68.1,0,,,,,,,,,1,4400,104,3000,37000,,140000,858,0.12,2.75,0.333,0.5,0
720,188,Fe3O4,,,,,13.97,13.97,13.97,1,,0.215,1,227,0,,22.4,70.6,2.6,,,,,,,,,1,25600,104,11000,37000,,140000,858,0.12,2.75,0.21,0.5,0
721,189,Fe3O4,,,,,13.97,13.97,13.97,1,,0.215,1,227,0,,22.4,70.6,2.6,,,,,,,,,1,25600,104,11000,37000,,140000,858,0.12,2.75,0.21,0.5,0
722,190,Fe3O4,,,,,13.97,13.97,13.97,1,,0.215,1,227,0,,22.4,70.6,2.6,,,,,,,,,1,25600,104,11000,37000,,140000,858,0.12,2.75,0.21,0.5,0
723,191,Fe3O4,,,,,42.2,42.2,42.2,1,,0.071,1,227,0,,68,26.8,6.7,,,,,,,,,1,1700,104,11000,18000,,140000,858,0.12,2.75,0.333,0.5,0
724,192,Fe3O4,,,,,38.9,38.9,38.9,1,,0.077,1,227,0,,57.3,49.8,7,,,,,,,,,1,350,104,11000,18000,,140000,858,0.12,2.75,0.333,0.5,0
725,193,Fe3O4,,,,,38.9,38.9,38.9,1,,0.077,1,227,0,,57.3,49.8,7,,,,,,,,,1,350,104,11000,18000,,140000,858,0.12,2.75,0.333,0.5,0
726,194,Fe3O4,,,,,50.5,20,43,0.744,,0.059,2.525,227,0,,130,73.9,20.2,,,,,,,,,1,350,104,11000,18000,,140000,858,0.12,2.75,0.025,0.5,0
727,195,Fe3O4,,,,,50.5,20,43,0.744,,0.059,2.525,227,0,,130,73.9,20.2,,,,,,,,,1,550,104,11000,18000,,140000,858,0.12,2.75,0.025,0.5,0
728,196,Fe3O4,,,,,46.2,46.2,46.2,1,,0.065,1,227,0,,7.2,84,1.9,,,,,,,,,1,400,104,11000,18000,,140000,858,0.12,2.75,0.333,0.5,0
729,197,Fe3O4,,,,,46.2,46.2,46.2,1,,0.065,1,227,0,,7.2,84,1.9,,,,,,,,,1,400,104,11000,18000,,140000,858,0.12,2.75,0.333,0.5,0
730,198,Fe3O4,,,,,7.3,7.3,7.3,1,,0.411,1,227,0,,0,57,0,,,,,,,,,1,11000,104,11000,18000,,140000,635,0.12,2.75,0.333,0.5,0
731,199,Fe3O4,,,,,7.3,7.3,7.3,1,,0.411,1,227,0,,0,57,0,,,,,,,,,1,11000,104,11000,18000,,140000,635,0.12,2.75,0.333,0.5,0
732,200,Fe3O4,,,,,7.3,7.3,7.3,1,,0.411,1,227,0,,0,57,0,,,,,,,,,1,11000,104,11000,18000,,140000,635,0.12,2.75,0.333,0.5,0
733,201,Fe3O4,,,,,7,7,7,1,,0.429,1,227,0,,0,43,0,,,,,,,,,1,11000,104,11000,18000,,140000,635,0.12,2.75,0.333,0.5,0
734,202,Fe3O4,,,,,7,7,7,1,,0.429,1,227,0,,0,43,0,,,,,,,,,1,11000,104,11000,18000,,140000,635,0.12,2.75,0.333,0.5,0
735,203,Fe3O4,,,,,7,7,7,1,,0.429,1,227,0,,0,43,0,,,,,,,,,1,11000,104,11000,18000,,140000,635,0.12,2.75,0.333,0.5,0
736,204,Fe3O4,,,,,6.9,6.9,6.9,1,,0.435,1,227,0,,0,40,0,,,,,,,,,1,11000,104,11000,18000,,140000,635,0.12,2.75,0.333,0.5,0
737,205,Fe3O4,,,,,6.9,6.9,6.9,1,,0.435,1,227,0,,0,40,0,,,,,,,,,1,11000,104,11000,18000,,140000,635,0.12,2.75,0.333,0.5,0
738,206,Fe3O4,,,,,6.9,6.9,6.9,1,,0.435,1,227,0,,0,40,0,,,,,,,,,1,11000,104,11000,18000,,140000,635,0.12,2.75,0.333,0.5,0
739,207,Fe3O4,,,,,18.5,18.5,18.5,1,,0.162,1,227,0,,7.5,58.8,0.6,,,,,,,,,1,11000,104,11000,255000,,140000,858,0.12,2.75,0.333,0.5,0
740,208,Fe3O4,,,,,70,45,43,0.87,,0.098,1.628,227,0,,120,86.4,20,,,,,,,,,1,11000,104,11000,21000,,140000,858,0.12,2.75,0.021,0.5,0
741,209,Fe3O4,,,,,70,45,43,0.87,,0.098,1.628,227,0,,120,86.4,20,,,,,,,,,1,11000,104,11000,21000,,140000,858,0.12,2.75,0.021,0.5,0
742,210,Fe3O4,,,,,210,60,98,0.846,,0.017,3.5,227,0,,120,86.4,20,,,,,,,,,1,11000,104,11000,21000,,140000,858,0.12,2.75,0.021,0.5,0
743,211,Fe3O4,,,,,70,45,43,0.867,,0.098,1.628,227,0,,120,86.4,20,,,,,,,,,1,11000,104,11000,21000,,140000,858,0.12,2.75,0.008,0.5,0
744,212,Fe3O4,,,,,170,55,98,0.856,,0.028,3.091,227,0,,120,86.4,20,,,,,,,,,1,11000,104,11000,21000,,140000,858,0.12,2.75,0.009,0.5,0
745,213,Fe3O4,,,,,210,60,98,0.846,,0.017,3.5,227,0,,120,86.4,20,,,,,,,,,1,11000,104,11000,21000,,140000,858,0.12,2.75,0.008,0.5,0
746,214,Fe3O4,,,,,210,60,98,0.846,,0.017,3.5,227,0,,120,86.4,20,,,,,,,,,1,11000,104,11000,21000,,140000,858,0.12,2.75,0.008,0.5,0
747,215,Fe3O4,,,,,210,60,98,0.846,,0.017,3.5,227,0,,120,86.4,20,,,,,,,,,1,11000,104,11000,21000,,140000,858,0.12,2.75,0.008,0.5,0
748,216,Fe3O4,,,,,210,60,98,0.846,,0.017,3.5,227,0,,120,86.4,20,,,,,,,,,1,11000,104,11000,21000,,140000,858,0.12,2.75,0.008,0.5,0
749,217,Fe3O4,,,,,210,60,98,0.846,,0.017,3.5,227,0,,120,86.4,20,,,,,,,,,1,11000,104,11000,21000,,140000,858,0.12,2.75,0.008,0.5,0
750,218,Fe3O4,,,,,210,60,98,0.846,,0.017,3.5,227,0,,120,86.4,20,,,,,,,,,1,11000,104,11000,21000,,140000,858,0.12,2.75,0.008,0.5,0
751,219,Fe3O4,,,,,210,60,98,0.846,,0.017,3.5,227,0,,120,86.4,20,,,,,,,,,1,11000,104,11000,21000,,140000,858,0.12,2.75,0.008,0.5,0
752,220,Fe3O4,,,,,210,60,98,0.846,,0.017,3.5,227,0,,200,83.2,22,,,,,,,,,1,11000,104,11000,21000,,140000,858,0.12,2.75,0.008,0.5,0
753,221,Fe3O4,,,,,110,50,98,0.873,,0.074,2.2,227,0,,200,83.2,22,,,,,,,,,1,11000,104,11000,21000,,140000,858,0.12,2.75,0.014,0.5,0
754,222,Fe3O4,,,,,110,50,98,0.873,,0.074,2.2,227,0,,200,84.7,22,,,,,,,,,1,11000,104,11000,21000,,140000,858,0.12,2.75,0.014,0.5,0
755,223,Fe3O4,,,,,170,55,98,0.856,,0.028,3.091,227,0,,200,84.7,22,,,,,,,,,1,11000,104,11000,21000,,140000,858,0.12,2.75,0.009,0.5,0
756,224,Fe3O4,,,,,210,60,98,0.846,,0.017,3.5,227,0,,203,82.4,28,,,,,,,,,1,11000,104,11000,21000,,140000,858,0.12,2.75,0.008,0.5,0
757,225,Fe3O4,,,,,210,60,98,0.846,,0.017,3.5,227,0,,203,82.4,28,,,,,,,,,1,11000,104,11000,21000,,140000,858,0.12,2.75,0.008,0.5,0
758,226,Fe3O4,,,,,24.5,24.5,24.5,1,,0.122,1,227,0,,0,89.6,0,,,,,,,,,1,11000,104,11000,21000,,140000,858,0.12,2.75,0.333,0.5,0
759,227,Fe3O4,,,,,22.2,22.2,22.2,1,,0.135,1,227,0,,0,38,0,,,,,,,,,1,11000,104,11000,21000,,140000,858,0.12,2.75,0.333,0.5,0
760,228,Fe3O4,,,,,22.2,22.2,22.2,1,,0.135,1,227,0,,0,38,0,,,,,,,,,1,11000,104,11000,21000,,140000,858,0.12,2.75,0.333,0.5,0
761,229,Fe3O4,,,,,22.2,22.2,22.2,1,,0.135,1,227,0,,0,38,0,,,,,,,,,1,11000,104,11000,21000,,140000,858,0.12,2.75,0.333,0.5,0
762,230,Fe3O4,,,,,22.2,22.2,22.2,1,,0.135,1,227,0,,0,38,0,,,,,,,,,1,11000,104,11000,21000,,140000,858,0.12,2.75,0.333,0.5,0
763,231,Fe3O4,,,,,22.2,22.2,22.2,1,,0.135,1,227,0,,0,38,0,,,,,,,,,1,11000,104,11000,21000,,140000,858,0.12,2.75,0.333,0.5,0
764,232,Fe3O4,,,,,27,27,27,1,,0.222,1,227,0,,0,70,0,,,,,,,,,1,11000,104,11000,21000,,140000,858,0.12,2.75,0.333,0.5,0
765,233,Fe3O4,,,,,27,27,27,1,,0.222,1,227,0,,0,70,0,,,,,,,,,1,11000,104,11000,21000,,140000,858,0.12,2.75,0.333,0.5,0
766,234,Fe3O4,,,,,27,27,27,1,,0.222,1,227,0,,0,70,0,,,,,,,,,1,11000,104,11000,21000,,140000,858,0.12,2.75,0.333,0.5,0
767,235,Fe3O4,,,,,27,27,27,1,,0.222,1,227,0,,0,70,0,,,,,,,,,1,11000,104,11000,21000,,140000,858,0.12,2.75,0.333,0.5,0
768,236,Fe3O4,,,,,27,27,27,1,,0.222,1,227,0,,0,70,0,,,,,,,,,1,11000,104,11000,21000,,140000,858,0.12,2.75,0.333,0.5,0
769,237,Fe3O4,,,,,27,3.6,35.6,0.744,,11.219,9.889,227,0,,0,81,0,,,,,,,,,1,11000,104,11000,21000,,140000,858,0.12,2.75,0.029,0.5,0
770,238,Fe3O4,,,,,27,3.6,35.6,0.744,,11.219,9.889,227,0,,0,81,0,,,,,,,,,1,11000,104,11000,21000,,140000,858,0.12,2.75,0.029,0.5,0
771,239,Fe3O4,,,,,27,3.6,35.6,0.744,,11.219,9.889,227,0,,0,81,0,,,,,,,,,1,11000,104,11000,21000,,140000,858,0.12,2.75,0.029,0.5,0
772,240,Fe3O4,,,,,27,3.6,35.6,0.744,,11.219,9.889,227,0,,0,81,0,,,,,,,,,1,11000,104,11000,21000,,140000,858,0.12,2.75,0.029,0.5,0
773,241,Fe3O4,,,,,27,3.6,35.6,0.744,,11.219,9.889,227,0,,0,81,0,,,,,,,,,1,11000,104,11000,21000,,140000,858,0.12,2.75,0.029,0.5,0
774,242,Fe3O4,,,,,14,14,14,1,,0.214,1,227,0,,26,74,17.067,,,,,,,,,1,11000,104,11000,21000,,140000,645,0.12,2.75,0.333,0.5,0
775,243,Fe3O4,,,,,35,35,35,1,,0.086,1,227,0,,23,98,26,,,,,,,,,1,11000,104,11000,21000,,140000,858,0.12,2.75,0.333,0.5,0
776,244,Fe3O4,,,,,14,14,14,1,,0.214,1,227,0,,26,64,3.373,,,,,,,,,1,11000,104,11000,21000,,140000,645,0.12,2.75,0.333,0.5,0
777,245,Fe3O4,,,,,19,19,19,1,,0.158,1,227,0,,28,73,2.367,,,,,,,,,1,11000,104,11000,21000,,140000,858,0.12,2.75,0.333,0.5,0
778,246,Fe3O4,,,,,24,24,24,1,,0.125,1,227,0,,7,75,2.367,,,,,,,,,1,2400,104,11000,21000,,140000,858,0.12,2.75,0.333,0.5,0
779,247,Fe3O4,,,,,35,35,35,1,,0.086,1,227,0,,23,88,0,,,,,,,,,1,11000,104,11000,21000,,140000,858,0.12,2.75,0.333,0.5,0
780,248,Fe3O4,,,,,35,35,35,1,,0.086,1,227,0,,23,88,3.78,,,,,,,,,1,11000,104,11000,21000,,140000,858,0.12,2.75,0.333,0.5,0
781,249,Fe3O4,,,,,35,35,35,1,,0.086,1,227,0,,23,88,2.513,,,,,,,,,1,11000,104,11000,21000,,140000,858,0.12,2.75,0.333,0.5,0
782,250,Fe3O4,,,,,14,14,14,1,,0.214,1,227,0,,26,64,2.24,,,,,,,,,1,11000,104,11000,21000,,140000,645,0.12,2.75,0.333,0.5,0
783,251,Fe3O4,,,,,14,14,14,1,,0.214,1,227,0,,26,64,10.573,,,,,,,,,1,11000,104,11000,21000,,140000,645,0.12,2.75,0.333,0.5,0
784,252,Fe3O4,,,,,19,19,19,1,,0.158,1,227,0,,28,73,2.507,,,,,,,,,1,11000,104,11000,21000,,140000,858,0.12,2.75,0.333,0.5,0
785,253,Fe3O4,,,,,19,19,19,1,,0.158,1,227,0,,28,73,2.513,,,,,,,,,1,4400,104,11000,21000,,140000,858,0.12,2.75,0.333,0.5,0
786,254,Fe3O4,,,,,19,19,19,1,,0.158,1,227,0,,28,73,0.18,,,,,,,,,1,4400,104,11000,21000,,140000,858,0.12,2.75,0.333,0.5,0
787,255,Fe3O4,,,,,14,14,14,1,,0.214,1,227,0,,26,64,1.173,,,,,,,,,1,11000,104,11000,21000,,140000,858,0.12,2.75,0.333,0.5,0
788,256,Fe3O4,,,,,19,19,19,1,,0.158,1,227,0,,28,73,1.87,,,,,,,,,1,4400,104,11000,21000,,140000,858,0.12,2.75,0.333,0.5,0
789,257,Fe3O4,,,,,19,19,19,1,,0.158,1,227,0,,28,73,0.18,,,,,,,,,1,4400,104,11000,21000,,140000,858,0.12,2.75,0.333,0.5,0
790,258,Fe3O4,,,,,24,24,24,1,,0.125,1,227,0,,7,75,0.18,,,,,,,,,1,2400,104,11000,21000,,140000,858,0.12,2.75,0.333,0.5,0
791,259,Fe3O4,,,,,24,24,24,1,,0.125,1,227,0,,7,75,0.18,,,,,,,,,1,2400,104,11000,21000,,140000,858,0.12,2.75,0.333,0.5,0
792,260,Fe3O4,,,,,35,35,35,1,,0.086,1,227,0,,23,88,0,,,,,,,,,1,11000,104,11000,21000,,140000,858,0.12,2.75,0.333,0.5,0
793,261,Fe3O4,,,,,35,35,35,1,,0.086,1,227,0,,23,88,4.847,,,,,,,,,1,11000,104,11000,21000,,140000,858,0.12,2.75,0.333,0.5,0
794,262,Fe3O4,,,,,35,35,35,1,,0.086,1,227,0,,23,88,3.14,,,,,,,,,1,11000,104,11000,21000,,140000,858,0.12,2.75,0.333,0.5,0
795,263,Fe3O4,,,,,35,35,35,1,,0.086,1,227,0,,23,88,0.18,,,,,,,,,1,11000,104,11000,21000,,140000,858,0.12,2.75,0.333,0.5,0
796,264,Fe3O4,,,,,35,35,35,1,,0.086,1,227,0,,23,88,0.18,,,,,,,,,1,11000,104,11000,21000,,140000,858,0.12,2.75,0.333,0.5,0
797,265,Fe3O4,,,,,24,24,24,1,,0.125,1,227,0,,7,75,0.537,,,,,,,,,1,11000,104,11000,21000,,140000,858,0.12,2.75,0.333,0.5,0
798,266,Fe3O4,,,,,19,19,19,1,,0.158,1,227,0,,28,73,0.173,,,,,,,,,1,4400,104,11000,21000,,140000,858,0.12,2.75,0.333,0.5,0
799,267,Fe3O4,,,,,19,19,19,1,,0.158,1,227,0,,28,73,0.18,,,,,,,,,1,4400,104,11000,21000,,140000,858,0.12,2.75,0.333,0.5,0
800,268,Fe3O4,,,,,14,14,14,1,,0.214,1,227,0,,26,64,0.62,,,,,,,,,1,11000,104,11000,21000,,140000,858,0.12,2.75,0.333,0.5,0
801,269,Fe3O4,,,,,14,14,14,1,,0.214,1,227,0,,26,64,0.627,,,,,,,,,1,11000,104,11000,21000,,140000,858,0.12,2.75,0.333,0.5,0
802,270,Fe3O4,,,,,12,12,12,1,,0.5,1,227,0,,400,82,34,,,,,,,,,1,11000,104,11000,21000,,140000,665,0.12,2.75,0.333,0.5,0
803,271,Fe3O4,,,,,19,19,19,1,,0.316,1,227,0,,0,73.8,0,,,,,,,,,1,11000,104,11000,21000,,140000,858,0.12,2.75,0.333,0.5,0
804,272,Fe3O4,,,,,19,19,19,1,,0.316,1,227,0,,0,73.8,0,,,,,,,,,1,4400,104,11000,21000,,140000,858,0.12,2.75,0.333,0.5,0
805,273,Fe3O4,,,,,19,19,19,1,,0.316,1,227,0,,0,73.8,0,,,,,,,,,1,4400,104,11000,21000,,140000,858,0.12,2.75,0.333,0.5,0
806,274,Fe3O4,,,,,19,19,19,1,,0.316,1,227,0,,0,73.8,0,,,,,,,,,1,4400,104,11000,21000,,140000,858,0.12,2.75,0.333,0.5,0
807,275,Fe3O4,,,,,19,19,19,1,,0.316,1,227,0,,0,73.8,0,,,,,,,,,1,4400,104,11000,21000,,140000,858,0.12,2.75,0.333,0.5,0
808,276,Fe3O4,,,,,19,19,19,1,,0.316,1,227,0,,0,73.8,0,,,,,,,,,1,4400,104,11000,21000,,140000,858,0.12,2.75,0.333,0.5,0
809,277,Fe3O4,,,,,19,19,19,1,,0.316,1,227,0,,0,73.8,0,,,,,,,,,1,4400,104,11000,21000,,140000,858,0.12,2.75,0.333,0.5,0
810,278,Fe3O4,,,,,19,19,19,1,,0.316,1,227,0,,0,73.8,0,,,,,,,,,1,4400,104,11000,21000,,140000,858,0.12,2.75,0.333,0.5,0
811,279,Fe3O4,,,,,19,19,19,1,,0.316,1,227,0,,0,73.8,0,,,,,,,,,1,4400,104,11000,21000,,140000,858,0.12,2.75,0.333,0.5,0
812,280,Fe3O4,,,,,19,19,19,1,,0.316,1,227,0,,0,73.8,0,,,,,,,,,1,4400,104,11000,21000,,140000,858,0.12,2.75,0.333,0.5,0
813,281,Fe3O4,,,,,19,19,19,1,,0.316,1,227,0,,0,73.8,0,,,,,,,,,1,4400,104,11000,21000,,140000,858,0.12,2.75,0.333,0.5,0
814,282,Fe3O4,,,,,19,19,19,1,,0.316,1,227,0,,0,73.8,0,,,,,,,,,1,4400,104,11000,21000,,140000,858,0.12,2.75,0.333,0.5,0
815,283,Fe3O4,,,,,19,19,19,1,,0.316,1,227,0,,0,73.8,0,,,,,,,,,1,4400,104,11000,21000,,140000,858,0.12,2.75,0.333,0.5,0
816,284,Fe3O4,,,,,19,19,19,1,,0.316,1,227,0,,0,73.8,0,,,,,,,,,1,4400,104,11000,21000,,140000,858,0.12,2.75,0.333,0.5,0
817,285,Fe3O4,,,,,19,19,19,1,,0.316,1,227,0,,0,73.8,0,,,,,,,,,1,4400,104,11000,21000,,140000,858,0.12,2.75,0.333,0.5,0
818,286,Fe3O4,,,,,19,19,19,1,,0.316,1,227,0,,0,73.8,0,,,,,,,,,1,4400,104,11000,21000,,140000,858,0.12,2.75,0.333,0.5,0
819,287,Fe3O4,,,,,25,25,25,1,,0.24,1,227,0,,404.667,66.277,20.847,,,,,,,,,1,2400,104,11000,21000,,140000,858,0.12,2.75,0.333,0.5,0
820,288,Fe3O4,,,,,25,25,25,1,,0.24,1,227,0,,404.667,66.277,20.847,,,,,,,,,1,2400,104,11000,21000,,140000,858,0.12,2.75,0.333,0.5,0
821,289,Fe3O4,,,,,25,25,25,1,,0.24,1,227,0,,404.667,66.277,20.847,,,,,,,,,1,2400,104,11000,21000,,140000,858,0.12,2.75,0.333,0.5,0
822,290,Fe3O4,,,,,25,25,25,1,,0.24,1,227,0,,404.667,66.277,20.847,,,,,,,,,1,2400,104,11000,21000,,140000,858,0.12,2.75,0.333,0.5,0
823,291,Fe3O4,,,,,25,25,25,1,,0.24,1,227,0,,404.667,66.277,20.847,,,,,,,,,1,2400,104,11000,21000,,140000,858,0.12,2.75,0.333,0.5,0
824,292,Fe3O4,,,,,25,25,25,1,,0.24,1,227,0,,404.667,66.277,20.847,,,,,,,,,1,2400,104,11000,21000,,140000,858,0.12,2.75,0.333,0.5,0
825,293,Fe3O4,,,,,25,25,25,1,,0.24,1,227,0,,404.667,66.277,20.847,,,,,,,,,1,2400,104,11000,21000,,140000,858,0.12,2.75,0.333,0.5,0
826,294,Fe3O4,,,,,25,25,25,1,,0.24,1,227,0,,404.667,66.277,20.847,,,,,,,,,1,2400,104,11000,21000,,140000,858,0.12,2.75,0.333,0.5,0
827,295,Fe3O4,,,,,25,25,25,1,,0.24,1,227,0,,404.667,66.277,20.847,,,,,,,,,1,2400,104,11000,21000,,140000,858,0.12,2.75,0.333,0.5,0
828,296,Fe3O4,,,,,25,25,25,1,,0.24,1,227,0,,404.667,66.277,20.847,,,,,,,,,1,2400,104,11000,21000,,140000,858,0.12,2.75,0.333,0.5,0
829,297,Fe3O4,,,,,25,25,25,1,,0.24,1,227,0,,404.667,66.277,20.847,,,,,,,,,1,2400,104,11000,21000,,140000,858,0.12,2.75,0.333,0.5,0
830,298,Fe3O4,,,,,25,25,25,1,,0.24,1,227,0,,404.667,66.277,20.847,,,,,,,,,1,2400,104,11000,21000,,140000,858,0.12,2.75,0.333,0.5,0
831,299,Fe3O4,,,,,38,38,38,1,,0.158,1,227,0,,1.848,72.167,28.933,,,,,,,,,1,11000,104,11000,21000,,140000,858,0.12,2.75,0.333,0.5,0
832,300,Fe3O4,,,,,38,38,38,1,,0.158,1,227,0,,1.848,72.167,28.933,,,,,,,,,1,11000,104,11000,21000,,140000,858,0.12,2.75,0.333,0.5,0
833,301,Fe3O4,,,,,38,38,38,1,,0.158,1,227,0,,1.848,72.167,28.933,,,,,,,,,1,11000,104,11000,21000,,140000,858,0.12,2.75,0.333,0.5,0
834,302,Fe3O4,,,,,38,38,38,1,,0.158,1,227,0,,1.848,72.167,28.933,,,,,,,,,1,11000,104,11000,21000,,140000,858,0.12,2.75,0.333,0.5,0
835,303,Fe3O4,,,,,38,38,38,1,,0.158,1,227,0,,1.848,72.167,28.933,,,,,,,,,1,11000,104,11000,21000,,140000,858,0.12,2.75,0.333,0.5,0
836,304,Fe3O4,,,,,38,38,38,1,,0.158,1,227,0,,1.848,72.167,28.933,,,,,,,,,1,11000,104,11000,21000,,140000,858,0.12,2.75,0.333,0.5,0
837,305,Fe3O4,,,,,38,38,38,1,,0.158,1,227,0,,1.848,72.167,28.933,,,,,,,,,1,11000,104,11000,21000,,140000,858,0.12,2.75,0.333,0.5,0
838,306,Fe3O4,,,,,41,7,24.65,0.782,,1.405,5.857,227,0,,0,91.32,0,,,,,,,,,1,11000,104,11000,24000,,140000,858,0.12,2.75,0.024,0.5,0
839,307,Fe3O4,,,,,41,7,24.65,0.782,,1.405,5.857,227,0,,0,91.32,0,,,,,,,,,1,11000,104,11000,24000,,140000,858,0.12,2.75,0.024,0.5,0
840,308,Fe3O4,,,,,41,7,24.65,0.782,,1.405,5.857,227,0,,0,91.32,0,,,,,,,,,1,11000,104,11000,24000,,140000,858,0.12,2.75,0.024,0.5,0
841,309,Fe3O4,,,,,41,7,24.65,0.782,,1.405,5.857,227,0,,0,91.32,0,,,,,,,,,1,11000,104,11000,24000,,140000,858,0.12,2.75,0.024,0.5,0
842,310,Fe3O4,,,,,41,7,24.65,0.782,,1.405,5.857,227,0,,0,91.32,0,,,,,,,,,1,11000,104,11000,24000,,140000,858,0.12,2.75,0.024,0.5,0
843,311,Fe3O4,,,,,41,7,24.65,0.782,,1.405,5.857,227,0,,0,91.32,0,,,,,,,,,1,11000,104,11000,24000,,140000,858,0.12,2.75,0.024,0.5,0
844,312,Fe3O4,,,,,41,7,24.65,0.782,,1.405,5.857,227,0,,0,91.32,0,,,,,,,,,1,11000,104,11000,24000,,140000,858,0.12,2.75,0.024,0.5,0
845,313,Fe3O4,,,,,41,7,24.65,0.782,,1.405,5.857,227,0,,0,91.32,0,,,,,,,,,1,11000,104,11000,24000,,140000,858,0.12,2.75,0.024,0.5,0
846,314,Fe3O4,,,,,65,5.7,35.6,0.674,,1.223,11.404,227,0,,0,88.3,0,,,,,,,,,1,11000,104,11000,24000,,140000,858,0.12,2.75,0.014,0.5,0
847,315,Fe3O4,,,,,65,5.7,35.6,0.674,,1.223,11.404,227,0,,0,88.3,0,,,,,,,,,1,11000,104,11000,24000,,140000,858,0.12,2.75,0.014,0.5,0
848,316,Fe3O4,,,,,65,5.7,35.6,0.674,,1.223,11.404,227,0,,0,88.3,0,,,,,,,,,1,11000,104,11000,24000,,140000,858,0.12,2.75,0.014,0.5,0
849,317,Fe3O4,,,,,65,5.7,35.6,0.674,,1.223,11.404,227,0,,0,88.3,0,,,,,,,,,1,11000,104,11000,24000,,140000,858,0.12,2.75,0.014,0.5,0
850,318,Fe3O4,,,,,65,5.7,35.6,0.674,,1.223,11.404,227,0,,0,88.3,0,,,,,,,,,1,11000,104,11000,24000,,140000,858,0.12,2.75,0.014,0.5,0
851,319,Fe3O4,,,,,65,5.7,35.6,0.674,,1.223,11.404,227,0,,0,88.3,0,,,,,,,,,1,11000,104,11000,24000,,140000,858,0.12,2.75,0.014,0.5,0
852,320,Fe3O4,,,,,65,5.7,35.6,0.674,,1.223,11.404,227,0,,0,88.3,0,,,,,,,,,1,11000,104,11000,24000,,140000,858,0.12,2.75,0.014,0.5,0
853,321,Fe3O4,,,,,65,5.7,35.6,0.674,,1.223,11.404,227,0,,0,88.3,0,,,,,,,,,1,11000,104,11000,24000,,140000,858,0.12,2.75,0.014,0.5,0
854,322,Fe3O4,,,,,65,5.7,35.6,0.674,,1.223,11.404,227,0,,0,88.3,0,,,,,,,,,1,11000,104,11000,24000,,140000,858,0.12,2.75,0.014,0.5,0
855,323,Fe3O4,,,,,65,5.7,35.6,0.674,,1.223,11.404,227,0,,0,88.3,0,,,,,,,,,1,11000,104,11000,24000,,140000,858,0.12,2.75,0.014,0.5,0
856,324,Fe3O4,,,,,65,5.7,35.6,0.674,,1.223,11.404,227,0,,0,88.3,0,,,,,,,,,1,11000,104,11000,24000,,140000,858,0.12,2.75,0.014,0.5,0
857,325,Fe3O4,,,,,65,5.7,35.6,0.674,,1.223,11.404,227,0,,0,88.3,0,,,,,,,,,1,11000,104,11000,24000,,140000,858,0.12,2.75,0.014,0.5,0
858,326,Fe3O4,,,,,65,5.7,35.6,0.674,,1.223,11.404,227,0,,0,88.3,0,,,,,,,,,1,11000,104,11000,24000,,140000,858,0.12,2.75,0.014,0.5,0
859,327,Fe3O4,,,,,65,5.7,35.6,0.674,,1.223,11.404,227,0,,0,88.3,0,,,,,,,,,1,11000,104,11000,24000,,140000,858,0.12,2.75,0.014,0.5,0
860,328,Fe3O4,,,,,65,5.7,35.6,0.674,,1.223,11.404,227,0,,0,88.3,0,,,,,,,,,1,11000,104,11000,24000,,140000,858,0.12,2.75,0.014,0.5,0
861,329,Fe3O4,,,,,65,5.7,35.6,0.674,,1.223,11.404,227,0,,0,88.3,0,,,,,,,,,1,11000,104,11000,24000,,140000,858,0.12,2.75,0.014,0.5,0
862,330,Fe3O4,,,,,65,5.7,35.6,0.674,,1.223,11.404,227,0,,0,88.3,0,,,,,,,,,1,11000,104,11000,24000,,140000,858,0.12,2.75,0.014,0.5,0
863,331,Fe3O4,,,,,65,5.7,35.6,0.674,,1.223,11.404,227,0,,0,88.3,0,,,,,,,,,1,11000,104,11000,24000,,140000,858,0.12,2.75,0.014,0.5,0
864,332,Fe3O4,,,,,65,5.7,35.6,0.674,,1.223,11.404,227,0,,0,88.3,0,,,,,,,,,1,11000,104,11000,24000,,140000,858,0.12,2.75,0.014,0.5,0
865,333,Fe3O4,,,,,65,5.7,35.6,0.674,,1.223,11.404,227,0,,0,88.3,0,,,,,,,,,1,11000,104,11000,24000,,140000,858,0.12,2.75,0.014,0.5,0
866,334,Fe3O4,,,,,65,5.7,35.6,0.674,,1.223,11.404,227,0,,0,88.3,0,,,,,,,,,1,11000,104,11000,24000,,140000,858,0.12,2.75,0.014,0.5,0
867,335,Fe3O4,,,,,41,7,24.65,0.782,,1.405,5.857,227,0,,0,91.32,0,,,,,,,,,1,11000,104,11000,24000,,140000,858,0.12,2.75,0.024,0.5,0
868,336,Fe3O4,,,,,41,7,24.65,0.782,,1.405,5.857,227,0,,0,91.32,0,,,,,,,,,1,11000,104,11000,24000,,140000,858,0.12,2.75,0.024,0.5,0
869,337,Fe3O4,,,,,41,7,24.65,0.782,,1.405,5.857,227,0,,0,91.32,0,,,,,,,,,1,11000,104,11000,24000,,140000,858,0.12,2.75,0.024,0.5,0
870,338,Fe3O4,,,,,41,7,24.65,0.782,,1.405,5.857,227,0,,0,91.32,0,,,,,,,,,1,11000,104,11000,24000,,140000,858,0.12,2.75,0.024,0.5,0
871,339,Fe3O4,,,,,41,7,24.65,0.782,,1.405,5.857,227,0,,0,91.32,0,,,,,,,,,1,11000,104,11000,24000,,140000,858,0.12,2.75,0.024,0.5,0
872,340,Fe3O4,,,,,41,7,24.65,0.782,,1.405,5.857,227,0,,0,91.32,0,,,,,,,,,1,11000,104,11000,24000,,140000,858,0.12,2.75,0.024,0.5,0
873,341,Fe3O4,,,,,41,7,24.65,0.782,,1.405,5.857,227,0,,0,91.32,0,,,,,,,,,1,11000,104,11000,24000,,140000,858,0.12,2.75,0.024,0.5,0
874,342,Fe3O4,,,,,41,7,24.65,0.782,,1.405,5.857,227,0,,0,91.32,0,,,,,,,,,1,11000,104,11000,24000,,140000,858,0.12,2.75,0.024,0.5,0
875,343,Fe3O4,,,,,41,7,24.65,0.782,,1.405,5.857,227,0,,0,91.32,0,,,,,,,,,1,11000,104,11000,24000,,140000,858,0.12,2.75,0.024,0.5,0
876,344,Fe3O4,,,,,41,7,24.65,0.782,,1.405,5.857,227,0,,0,91.32,0,,,,,,,,,1,11000,104,11000,24000,,140000,858,0.12,2.75,0.024,0.5,0
877,345,Fe3O4,,,,,41,7,24.65,0.782,,1.405,5.857,227,0,,0,91.32,0,,,,,,,,,1,11000,104,11000,24000,,140000,858,0.12,2.75,0.024,0.5,0
878,346,Fe3O4,,,,,41,7,24.65,0.782,,1.405,5.857,227,0,,0,91.32,0,,,,,,,,,1,11000,104,11000,24000,,140000,858,0.12,2.75,0.024,0.5,0
879,347,Fe3O4,,,,,41,7,24.65,0.782,,1.405,5.857,227,0,,0,91.32,0,,,,,,,,,1,11000,104,11000,24000,,140000,858,0.12,2.75,0.024,0.5,0
880,348,Fe3O4,,,,,41,7,24.65,0.782,,1.405,5.857,227,0,,0,91.32,0,,,,,,,,,1,11000,104,11000,24000,,140000,858,0.12,2.75,0.024,0.5,0
881,349,Fe3O4,,,,,41,7,24.65,0.782,,1.405,5.857,227,0,,0,91.32,0,,,,,,,,,1,11000,104,11000,24000,,140000,858,0.12,2.75,0.024,0.5,0
882,350,Fe3O4,,,,,41,7,24.65,0.782,,1.405,5.857,227,0,,0,91.32,0,,,,,,,,,1,11000,104,11000,24000,,140000,858,0.12,2.75,0.024,0.5,0
883,351,Fe3O4,,,,,25,25,25,1,,0.24,1,227,0,,0,60,0,,,,,,,,,1,11000,104,11000,21000,,140000,858,0.12,2.75,0.333,0.5,0
884,352,Fe3O4,,,,,56,10,24.65,0.789,,0.527,5.6,227,0,,0,88.3,0,,,,,,,,,1,11000,104,11000,24000,,140000,858,0.12,2.75,0.02,0.5,0
885,353,Fe3O4,,,,,30,30,30,1,,0.2,1,227,0,,0,60,0,,,,,,,,,1,11000,104,11000,21000,,140000,858,0.12,2.75,0.333,0.5,0
886,354,Fe3O4,,,,,30,30,30,1,,0.2,1,227,0,,0,60,0,,,,,,,,,1,11000,104,11000,21000,,140000,858,0.12,2.75,0.333,0.5,0
887,355,Fe3O4,,,,,60,60,60,1,,0.479,1,227,0,,173.667,81.833,23.513,,,,,,,,,1,11000,104,11000,21000,,140000,858,0.12,2.75,0.333,0.5,0
888,356,Fe3O4,,,,,13,13,13,1,,0.462,1,227,0,,0,68,0,,,,,,,,,1,11000,104,11000,21000,,140000,665,0.12,2.75,0.21,0.5,0
889,357,Fe3O4,,,,,13,13,13,1,,0.462,1,227,0,,0,68,0,,,,,,,,,1,11000,104,11000,21000,,140000,665,0.12,2.75,0.21,0.5,0
890,358,Fe3O4,,,,,13,13,13,1,,0.462,1,227,0,,0,68,0,,,,,,,,,1,11000,104,11000,21000,,140000,665,0.12,2.75,0.21,0.5,0
891,359,Fe3O4,,,,,13,13,13,1,,0.462,1,227,0,,0,68,0,,,,,,,,,1,11000,104,11000,21000,,140000,665,0.12,2.75,0.21,0.5,0
892,360,Fe3O4,,,,,22,22,22,1,,0.273,1,227,0,,22,73,7,,,,,,,,,1,11000,104,11000,21000,,140000,858,0.12,2.75,0.21,0.5,0
893,361,Fe3O4,,,,,22,22,22,1,,0.273,1,227,0,,22,73,7,,,,,,,,,1,11000,104,11000,21000,,140000,858,0.12,2.75,0.21,0.5,0
894,362,Fe3O4,,,,,22,22,22,1,,0.273,1,227,0,,22,73,7,,,,,,,,,1,11000,104,11000,21000,,140000,858,0.12,2.75,0.21,0.5,0
895,363,Fe3O4,,,,,22,22,22,1,,0.273,1,227,0,,22,73,7,,,,,,,,,1,11000,104,11000,21000,,140000,858,0.12,2.75,0.21,0.5,0
896,364,Fe3O4,,,,,43,43,43,1,,0.14,1,227,0,,37,85,14,,,,,,,,,1,11000,104,11000,21000,,140000,858,0.12,2.75,0.21,0.5,0
897,365,Fe3O4,,,,,43,43,43,1,,0.14,1,227,0,,37,85,14,,,,,,,,,1,11000,104,11000,21000,,140000,858,0.12,2.75,0.21,0.5,0
898,366,Fe3O4,,,,,43,43,43,1,,0.14,1,227,0,,37,85,14,,,,,,,,,1,11000,104,11000,21000,,140000,858,0.12,2.75,0.21,0.5,0
899,367,Fe3O4,,,,,43,43,43,1,,0.14,1,227,0,,37,85,14,,,,,,,,,1,11000,104,11000,21000,,140000,858,0.67,2.75,0.21,0.5,0
900,368,Fe3O4,,,,,98,98,98,1,,0.061,1,227,0,,80,90,23,,,,,,,,,1,11000,104,11000,21000,,140000,858,0.67,2.75,0.21,0.5,0
901,369,Fe3O4,,,,,98,98,98,1,,0.061,1,227,0,,80,90,23,,,,,,,,,1,11000,104,11000,21000,,140000,858,0.67,2.75,0.21,0.5,0
902,370,Fe3O4,,,,,98,98,98,1,,0.061,1,227,0,,80,90,23,,,,,,,,,1,11000,104,11000,21000,,140000,858,0.67,2.75,0.21,0.5,0
903,371,Fe3O4,,,,,98,98,98,1,,0.061,1,227,0,,80,90,23,,,,,,,,,1,11000,104,11000,21000,,140000,858,0.67,2.75,0.21,0.5,0
904,372,Fe3O4,,,,,260,260,260,1,,0.023,1,227,0,,118,92,13,,,,,,,,,1,11000,104,11000,21000,,140000,858,0.67,2.75,0.21,0.5,0
905,373,Fe3O4,,,,,260,260,260,1,,0.023,1,227,0,,118,92,13,,,,,,,,,1,11000,104,11000,21000,,140000,858,0.67,2.75,0.21,0.5,0
906,374,Fe3O4,,,,,260,260,260,1,,0.023,1,227,0,,118,92,13,,,,,,,,,1,11000,104,11000,21000,,140000,858,0.67,2.75,0.21,0.5,0
907,375,Fe3O4,,,,,260,260,260,1,,0.028,1,227,0,,118,92,13,,,,,,,,,1,11000,104,11000,21000,,140000,858,0.67,2.75,0.21,0.5,0
908,376,Fe3O4,,,,,8.4,8.4,8.4,1,,0.357,1,227,0,,0,20,0,,,,,,,,,1,11000,104,11000,21000,,140000,635,0.67,2.75,0.333,0.5,0
909,377,Fe2.2C1Fe5C2,,,,,13.6,13.6,13.6,1,,0.221,1,226.5,0,,0,132,0,,,,,,,,,1.176,57725,55828,100500,32550,,739244.75,655,6.317,2.042,0.333,0.5,0.004
910,378,Fe2.2C1Fe5C2,,,,,13.6,13.6,13.6,1,,0.221,1,226.5,0,,0,132,0,,,,,,,,,1.176,57725,55828,100500,32550,,739244.75,655,6.317,2.042,0.333,0.5,0.004
911,379,Fe2.2C1Fe5C2,,,,,13.6,13.6,13.6,1,,0.221,1,226.5,0,,0,132,0,,,,,,,,,1.176,57725,55828,100500,32550,,739244.75,655,6.317,2.042,0.333,0.5,0.004
912,380,Fe2.2C1Fe5C2,,,,,13.6,13.6,13.6,1,,0.221,1,226.5,0,,0,132,0,,,,,,,,,1.176,57725,55828,100500,32550,,739244.75,655,6.317,2.042,0.333,0.5,0.004
913,381,Fe2.2C1Fe5C2,,,,,13.6,13.6,13.6,1,,0.221,1,226.5,0,,0,132,0,,,,,,,,,1.176,57725,55828,100500,32550,,739244.75,655,6.317,2.042,0.333,0.5,0.004
914,382,Fe2.2C1Fe5C2,,,,,13.6,13.6,13.6,1,,0.221,1,226.5,0,,0,132,0,,,,,,,,,1.176,57725,55828,100500,32550,,739244.75,655,6.317,2.042,0.333,0.5,0.004
915,383,Fe2O3,,,,,12.3,13.3,14.3,1,,0.5,1.163,227,0,,612,20.123,7.363,,,,,,,,,1,8000,104,11000,47000,,140000,948,0.1,2.796,0.333,0.5,0
916,384,Fe2O3,,,,,12.3,13.3,14.3,1,,0.5,1.163,227,0,,1017.2,40.87,14.207,,,,,,,,,1,8000,104,11000,47000,,140000,948,0.1,2.796,0.333,0.5,0
917,385,Fe2O3,,,,,11.7,12.7,13.7,1,,0.526,1.171,227,0,,1465,0.137,0.053,,,,,,,,,1,8000,104,11000,47000,,140000,948,0.1,2.796,0.333,0.5,0
918,386,Fe2O3,,,,,11.7,12.7,13.7,1,,0.526,1.171,227,0,,1922.8,0.42,0.143,,,,,,,,,1,8000,104,11000,47000,,140000,948,0.1,2.796,0.333,0.5,0
919,387,Fe2O3,,,,,250,250,250,1,,0.012,1,167,0,,130,18.98,1.97,,,,,,,,,1,8000,105,11000,1870,,140000,500,0.1,2.796,0.333,0.5,0
920,388,Fe2O3,,,,,250,250,250,1,,0.012,1,167,0,,130,10.45,1.97,,,,,,,,,1,8000,105,11000,1870,,140000,500,0.1,2.796,0.333,0.5,0
921,389,Fe2O3,,,,,35,35,35,1,,0.171,1,227,0,,0,83.63,0,,,,,,,,,1,8000,104,11000,48000,,140000,948,0.1,2.796,0.333,0.5,0
922,390,Fe2O3,,,,,35,35,35,1,,0.171,1,227,0,,0,89.2,0,,,,,,,,,1,8000,104,11000,48000,,140000,948,0.1,2.796,0.333,0.5,0
923,391,Fe2O3,,,,,10,10,10,1,,0.3,1,167,0,,3.564,28,19.253,,,,,,,,,1,26000,104,11000,89000,,140000,948,0.1,2.796,0.333,0.5,0
924,392,Fe2O3,,,,,10,10,10,1,,0.3,1,167,0,,3.566,28,19.503,,,,,,,,,1,26000,104,11000,89000,,140000,948,0.1,2.796,0.333,0.5,0
925,393,Fe2O3,,,,,10,10,10,1,,0.3,1,167,0,,3.564,28,19.253,,,,,,,,,1,26000,104,11000,89000,,140000,948,0.1,2.796,0.333,0.5,0
926,394,Fe2O3,,,,,18,18,18,1,,0.167,1,167,0,,7.224,39,32.58,,,,,,,,,1,8000,104,11000,48000,,140000,948,0.1,2.796,0.333,0.5,0
927,395,Fe2O3,,,,,18,18,18,1,,0.167,1,167,0,,7.224,39,32.58,,,,,,,,,1,8000,104,11000,48000,,140000,948,0.1,2.796,0.333,0.5,0
928,396,Fe2O3,,,,,22,22,22,1,,0.136,1,167,0,,7.224,39,32.58,,,,,,,,,1,8000,104,11000,16000,,140000,948,0.1,2.796,0.333,0.5,0
929,397,Fe2O3,,,,,22,22,22,1,,0.136,1,167,0,,7.224,39,32.58,,,,,,,,,1,8000,104,11000,16000,,140000,948,0.1,2.796,0.333,0.5,0
930,398,Fe2O3Fe4(Fe(CN)6)3,,,,,10.5,10.5,10.5,1,,0.286,1,225,0,,0,34.73,0,,,,,,,,,1.083,19200,104,11000,34000,,140000,800,0.12,2.654,0.333,0.5,0
931,399,Fe2O3Fe4(Fe(CN)6)4,,,,,10.5,10.5,10.5,1,,0.286,1,225,0,,0,34.7,0,,,,,,,,,1.053,19200,104,11000,34000,,140000,800,0.12,2.669,0.333,0.5,0
932,400,Fe3O4,,,,,169.1,169.1,169.1,0.993,,0.035,1,227,0,,100,75.9,15,,,,,,,,,1.071,11000,104,11000,47000,,140000,858,0.67,2.75,0.333,0.5,0
933,401,Fe3O4,,,,,215.7,185,185,1,,0.028,1.166,227,0,,100,87.4,15,,,,,,,,,1.071,11000,104,11000,47000,,140000,858,0.67,2.75,0.333,0.5,0
934,402,Fe3O4,,,,,222.8,222.8,222.8,0.998,,0.027,1,227,0,,100,83.5,15,,,,,,,,,1.071,11000,104,11000,47000,,140000,858,0.67,2.75,0.333,0.5,0
935,403,Fe3O4,,,,,246.6,246.6,246.6,1,,0.024,1,227,0,,0,49.41,0,,,,,,,,,1.071,11000,104,11000,47000,,140000,858,0.67,2.75,0.333,0.5,0
936,404,Fe3O4,,,,,246.6,246.6,246.6,1,,0.024,1,227,0,,0,49.41,0,,,,,,,,,1.071,11000,104,11000,47000,,140000,858,0.67,2.75,0.333,0.5,0
937,405,Fe3O4,,,,,590,590,590,1,,0.01,1,227,0,,0,50.72,0,,,,,,,,,1.071,11000,104,11000,47000,,140000,858,0.67,2.75,0.333,0.5,0
938,406,Fe3O4,,,,,590,590,590,1,,0.01,1,227,0,,0,50.72,0,,,,,,,,,1.071,11000,104,11000,47000,,140000,858,0.67,2.75,0.333,0.5,0
939,407,Fe3O4,,,,,10,10,10,1,,0.6,1,227,0,,0,78,0,,,,,,,,,1.071,11000,104,11000,47000,,140000,650,0.67,2.75,0.333,0.5,0
940,408,Fe3O4,,,,,30,30,30,1,,0.1,1,227,0,,0,15.83,0,,,,,,,,,1.071,11000,104,11000,47000,,140000,858,0.67,2.75,0.333,0.5,0
941,409,Fe3O4,,,,,30,30,30,1,,0.1,1,227,0,,0,15.83,0,,,,,,,,,1.071,11000,104,11000,47000,,140000,858,0.67,2.75,0.333,0.5,0
942,410,Fe3O4,,,,,15,15,15,1,,0.2,1,227,0,,0,15.83,0,,,,,,,,,1.071,11000,104,11000,47000,,140000,645,0.67,2.75,0.333,0.5,0
943,411,Fe3O4,,,,,15,15,15,1,,0.2,1,227,0,,0,15.83,0,,,,,,,,,1.071,11000,104,11000,47000,,140000,858,0.67,2.75,0.333,0.5,0
944,412,Fe3O4,,,,,25,25,25,1,,0.12,1,227,0,,0,46.03,0,,,,,,,,,1.071,11000,104,11000,47000,,140000,858,0.67,2.75,0.333,0.5,0
945,413,Fe3O4,,,,,25,25,25,1,,0.12,1,227,0,,0,46.03,0,,,,,,,,,1.071,11000,104,11000,47000,,140000,858,0.67,2.75,0.333,0.5,0
946,414,Fe3O4,,,,,20,20,20,1,,0.3,1,227,0,,15000,5.92,0.043,,,,,,,,,1.071,11000,104,11000,48000,,140000,858,0.67,2.75,0.333,0.5,0
947,415,Fe3O4,,,,,310,135,135,1,,0.019,2.296,227,0,,21600,7.16,0.043,,,,,,,,,1.071,11000,104,11000,48000,,140000,858,0.67,2.75,0.333,0.5,0
948,416,Fe3O4,,,,,310,135,135,1,,0.019,2.296,227,0,,30800,8.42,0.942,,,,,,,,,1.071,11000,104,11000,48000,,140000,858,0.67,2.75,0.333,0.5,0
949,417,Fe3O4CeO2,,,,,630,630,630,1,,0.005,1,227,0,,0,41.62,0,,,,,,,,,0.833,11000,104,11000,47000,,140000,639,0.67,2.725,0.333,0.5,0
950,418,Fe3O4CeO2,,,,,630,630,630,1,,0.005,1,227,0,,0,41.62,0,,,,,,,,,0.833,11000,104,11000,47000,,140000,639,0.67,2.725,0.333,0.5,0
951,419,Fe3O4MnO2,,,,,2000,2000,2000,0.923,,0.002,1,227,0,,0,8.45,0,,,,,,,,,1.389,21137.5,3000,11000,32500,,772500,684,0.395,2.768,0.333,0.5,0.004
952,420,Fe3O4MnO2,,,,,2000,2000,2000,0.923,,0.002,1,227,0,,0,8.45,0,,,,,,,,,1.389,21137.5,3000,11000,32500,,772500,684,0.395,2.768,0.333,0.5,0.004
953,421,Fe3O4Si,,,,,27,27,27,1,,0.111,1,226,0,,0,54.8,0,,,,,,,,,1.071,29250,104,11000,47000,,140000,655,0.395,2.644,0.333,0.5,0
954,422,Fe3O4Si,,,,,27,27,27,1,,0.111,1,226,0,,0,54.8,0,,,,,,,,,1.071,29250,104,11000,47000,,140000,655,0.395,2.644,0.333,0.5,0
955,423,FeV2O4,,,,,2000,100,100,1,,0.002,20,2,0,,750,750,0.22,,,,,,,,,0.833,16000,10.6,390000,200000,,1615000,125,0.17,2.87,0.333,0.156,0.001
956,424,FeV2O4,,,,,2000,100,100,1,,0.002,20,2,0,,750,750,0.071,,,,,,,,,0.833,16000,10.6,390000,200000,,1615000,125,0.17,2.87,0.333,0.156,0.001
957,425,Mg0.1Mn0.9Fe2O4,,,,,13,13,13,1,,0.462,1,227,0,,0,63.98,0,,,,,,,,,1.036,29975,104,11000,35446.56,,670000,655,0.42,2.707,0.333,0.5,0
958,426,Mg0.1Mn0.9Fe2O4,,,,,13,13,13,1,,0.462,1,227,0,,0,63.98,0,,,,,,,,,1.036,29975,104,11000,35446.56,,670000,655,0.42,2.707,0.333,0.5,0
959,427,Mg0.3Mn0.7Fe2O4,,,,,14,14,14,1,,0.429,1,227,0,,0,75.96,0,,,,,,,,,0.964,27200,104,11000,35446.56,,140000,655,0.257,2.7,0.333,0.5,0
960,428,Mg0.3Mn0.7Fe2O4,,,,,14,14,14,1,,0.429,1,227,0,,0,75.96,0,,,,,,,,,0.964,27200,104,11000,35446.56,,140000,655,0.257,2.7,0.333,0.5,0
961,429,Mg0.4Mn0.6Fe2O4,,,,,12,12,12,1,,0.5,1,227,0,,0,65.88,0,,,,,,,,,0.929,31725,80.65,58250,35446.56,,935000,655,0.295,2.696,0.333,0.414,0
962,430,Mg0.4Mn0.6Fe2O4,,,,,12,12,12,1,,0.5,1,227,0,,0,65.88,0,,,,,,,,,0.929,31725,80.65,58250,35446.56,,935000,655,0.295,2.696,0.333,0.414,0
963,431,Mg0.5Mn0.5Fe2O4,,,,,11,11,11,1,,0.545,1,227,0,,0,60.08,0,,,,,,,,,0.893,31725,104,11000,35446.56,,670000,655,0.42,2.693,0.333,0.5,0
964,432,Mg0.5Mn0.5Fe2O4,,,,,11,11,11,1,,0.545,1,227,0,,0,60.08,0,,,,,,,,,0.893,31725,104,11000,35446.56,,670000,655,0.42,2.693,0.333,0.5,0
965,433,MgFe2O4,,,,,220,220,220,0.998,,0.014,1,227,0,,0,69.5,0,,,,,,,,,1.667,62000,162000,11000,47000,,2670000,713,0.67,2.676,0.333,0.5,0.015
966,434,MgFe2O4,,,,,220,220,220,0.998,,0.014,1,227,0,,0,69.5,0,,,,,,,,,1.667,62000,162000,11000,47000,,2670000,713,0.67,2.676,0.333,0.5,0.015
967,435,MgFe2O4,,,,,220,220,220,0.998,,0.014,1,227,0,,0,69.5,0,,,,,,,,,1.667,62000,162000,11000,47000,,2670000,713,0.67,2.676,0.333,0.5,0.015
968,436,Mn0.5Zn0.5Fe2O4,,,,,14,14,14,1,,0.214,1,227,0,,0.88,41.12,8.15,,,,,,,,,0.893,39650,57.3,12500,149000,,1085000,800,0.145,2.717,0.333,0.328,0
969,437,MnFe2O4,,,,,37,37,37,1,,0.081,1,227,0,,0.25,75,20,,,,,,,,,1.071,4000,3300,11000,56000,,6979,570,0.257,2.71,0.333,0.5,0
970,438,MnFe2O4,,,,,37,37,37,1,,0.081,1,227,0,,0.25,75,20,,,,,,,,,1.071,4000,3300,11000,56000,,6979,570,0.257,2.71,0.333,0.5,0
971,439,MnFe2O4,,,,,37,37,37,1,,0.081,1,227,0,,0.25,75,20,,,,,,,,,1.071,4000,3300,11000,56000,,6979,570,0.257,2.71,0.333,0.5,0
972,440,MnFe2O4,,,,,37,37,37,1,,0.081,1,227,0,,0.25,75,20,,,,,,,,,1.071,4000,3300,11000,56000,,6979,570,0.257,2.71,0.333,0.5,0
973,441,MnFe2O4,,,,,37,37,37,1,,0.081,1,227,0,,0.25,75,20,,,,,,,,,1.071,4000,3300,11000,56000,,6979,570,0.257,2.71,0.333,0.5,0
974,442,MnFe2O4,,,,,37,37,37,1,,0.081,1,227,0,,0.25,75,20,,,,,,,,,1.071,4000,3300,11000,56000,,6979,570,0.257,2.71,0.333,0.5,0
975,443,MnFe2O4,,,,,7.13,7.13,7.13,1,,0.421,1,57,0,,44.52,51.99,0.52,,,,,,,,,1.071,172000,1650102,49100,36407.25,,6979,573,-5.098,2.71,0.333,0.328,0
976,444,MnFe2O4,,,,,4,4,4,1,,0.75,1,227,0,,0,66.3,0,,,,,,,,,2.5,172000,3300,210000,56000,,6979,573,0.17,2.71,0.333,0.156,0.001
977,445,MnFe2O4,,,,,16,16,16,1,,0.187,1,227,0,,0,54.55,0,,,,,,,,,2.5,172000,3300,210000,56000,,6979,573,0.17,2.71,0.333,0.156,0.001
978,446,MnFe2O4,,,,,18,18,18,1,,0.167,1,227,0,,0,42.99,0,,,,,,,,,2.5,172000,3300,210000,56000,,6979,573,0.17,2.71,0.333,0.156,0.001
979,447,MnFe2O4,,,,,27,27,27,1,,0.111,1,227,0,,0,18.7,0,,,,,,,,,2.5,172000,3300,210000,56000,,6979,573,0.17,2.71,0.333,0.156,0.001
980,448,MnFe2O4,,,,,4,4,4,1,,0.75,1,227,0,,0,66.3,0,,,,,,,,,2.5,172000,3300,210000,56000,,6979,573,0.17,2.71,0.333,0.156,0.001
981,449,MnFe2O4,,,,,16,16,16,1,,0.187,1,227,0,,0,54.55,0,,,,,,,,,2.5,172000,3300,210000,56000,,6979,573,0.17,2.71,0.333,0.156,0.001
982,450,MnFe2O4,,,,,18,18,18,1,,0.167,1,227,0,,0,42.99,0,,,,,,,,,2.5,172000,3300,210000,56000,,6979,573,0.17,2.71,0.333,0.156,0.001
983,451,MnFe2O4,,,,,27,27,27,1,,0.111,1,227,0,,0,18.7,0,,,,,,,,,2.5,172000,3300,210000,56000,,6979,573,0.17,2.71,0.333,0.156,0.001
984,452,MnFe2O4,,,,,3.16,3.16,3.16,1,,0.949,1,227,0,,0,44.17,0,,,,,,,,,2.5,172000,3300,210000,56000,,6979,573,0.17,2.71,0.333,0.156,0.001
985,453,MnFe2O4,,,,,150,150,150,1,,0.02,1,227,0,,1005,49.3,18.89,,,,,,,,,2.5,172000,3300,210000,56000,,6979,573,0.17,2.71,0.333,0.156,0.001
986,454,MnFe2O4,,,,,4.5,4.5,4.5,1,,0.667,1,227,0,,53.8,61.6,4.4,,,,,,,,,2.5,172000,3300,210000,56000,,6979,658,0.17,2.71,0.333,0.156,0.001
987,455,MnFe2O4,,,,,3.5,3.5,3.5,1,,0.857,1,227,0,,128.5,76.8,7.4,,,,,,,,,2.5,172000,3300,210000,56000,,6979,658,0.17,2.71,0.333,0.156,0.001
988,456,MnFe2O4,,,,,2,2,2,1,,1.5,1,227,0,,114.4,58.5,2.7,,,,,,,,,2.5,172000,3300,210000,56000,,6979,658,0.17,2.71,0.333,0.156,0.001
989,457,MnFe2O4,,,,,2,2,2,1,,1.5,1,227,0,,75.8,28.8,0.5,,,,,,,,,2.5,200000,3300,210000,56000,,6979,658,0.17,2.71,0.333,0.156,0.001
990,458,MnFe2O4,,,,,1.5,1.5,1.5,1,,2,1,227,0,,252.2,26.5,1.9,,,,,,,,,2.5,172000,3300,210000,56000,,6979,658,0.17,2.71,0.333,0.156,0.001
991,459,MnFe2O4,,,,,1.5,1.5,1.5,1,,2,1,227,0,,152.4,20.3,0.7,,,,,,,,,2.5,172000,3300,210000,56000,,6979,658,0.17,2.71,0.333,0.156,0.001
992,460,MnFe2O4,,,,,2,2,2,1,,1.5,1,227,0,,55.3,46.1,0.9,,,,,,,,,2.5,172000,3300,210000,56000,,6979,658,0.17,2.71,0.333,0.156,0.001
993,461,MnFe2O4,,,,,2.5,2.5,2.5,1,,1.2,1,227,0,,125.8,19.7,0.5,,,,,,,,,2.5,172000,3300,210000,56000,,6979,658,0.17,2.71,0.333,0.156,0.001
994,462,Ni0.5Zn0.5Fe2O4,,,,,83,83,83,1,,0.036,1,227,0,,0,77.1,0,,,,,,,,,0.821,10.46,1650078,12350,786.24,,140000,650,-4.998,2.743,0.333,0.5,0
995,463,Ni0.65Zn0.35Fe0.05Fe2O4,,,,,3.6,3.6,3.6,1,,0.833,1,227,0,,7,30.8,0.16,,,,,,,,,0.862,11000,200,158000,629,,140000,626,0.12,2.748,0.333,0.5,0
996,464,Ni0.65Zn0.35Fe0.05Fe2O5,,,,,3.6,3.6,3.6,1,,0.833,1,227,0,,7,30.8,0.16,,,,,,,,,0.755,11000,200,158000,629,,140000,626,0.12,2.748,0.333,0.5,0
997,465,Ni0.65Zn0.35Fe0.05Fe2O6,,,,,4.4,4.4,4.4,1,,0.682,1,227,0,,27,36.3,0.77,,,,,,,,,0.671,11000,200,158000,629,,140000,626,0.12,2.748,0.333,0.5,0
998,466,Ni0.65Zn0.35Fe0.05Fe2O7,,,,,4.4,4.4,4.4,1,,0.682,1,227,0,,27,36.3,0.77,,,,,,,,,0.604,11000,200,158000,629,,140000,626,0.12,2.748,0.333,0.5,0
999,467,NiFe2O4,,,,,70,70,70,1,,0.043,1,227,0,,0,44.42,0,,,,,,,,,0.929,16400,6600000,16400,51000,,739244.75,540,-20.9,2.761,0.333,9.1,0.008
1000,468,NiFe2O4,,,,,30,30,30,1,,0.1,1,227,0,,0.28,68,25,,,,,,,,,0.929,7000,6600000,124000,5767.84,,6979,860,-20.9,2.761,0.333,9.1,0.004
1001,469,NiFe2O4,,,,,30,30,30,1,,0.1,1,227,0,,0.28,68,25,,,,,,,,,0.929,7000,6600000,124000,5767.84,,6979,860,-20.9,2.761,0.333,9.1,0.004
1002,470,NiFe2O4,,,,,30,30,30,1,,0.1,1,227,0,,0.28,68,25,,,,,,,,,0.929,7000,6600000,124000,5767.84,,6979,860,-20.9,2.761,0.333,9.1,0.004
1003,471,NiFe2O4,,,,,30,30,30,1,,0.1,1,227,0,,0.28,68,25,,,,,,,,,0.929,7000,6600000,124000,5767.84,,6979,860,-20.9,2.761,0.333,9.1,0.004
1004,472,NiFe2O4,,,,,30,30,30,1,,0.1,1,227,0,,0.28,68,25,,,,,,,,,0.929,7000,6600000,124000,5767.84,,6979,860,-20.9,2.761,0.333,9.1,0.004
1005,473,NiFe2O4,,,,,30,30,30,1,,0.1,1,227,0,,0.28,68,25,,,,,,,,,0.929,7000,6600000,124000,5767.84,,6979,860,-20.9,2.761,0.333,9.1,0.004
1006,474,NiFe2O4,,,,,8.1,8.1,8.1,1,,0.37,1,227,0,,20.04,17.49,0.02,,,,,,,,,0.929,16400,6600000,16400,51000,,1405000,843,-20.9,2.761,0.333,9.1,0.008
1007,475,NiCo2O4Au0.44,,,,,500,500,500,1,,0.006,1,227,0,,669.56,89.43,25.3,,,,,,,,,1.708,62000,177250,11000,37967.5,,739244.75,420,0.528,2.762,0.333,0.5,0.008
1008,476,NiCo2O4Au0.44,,,,,500,500,500,1,,0.006,1,227,0,,669.56,89.43,25.3,,,,,,,,,1.708,62000,177250,11000,37967.5,,739244.75,420,0.528,2.762,0.333,0.5,0.008
1009,477,NiCo2O4Au0.44,,,,,500,500,500,1,,0.006,1,227,0,,669.56,89.43,25.3,,,,,,,,,1.708,62000,177250,11000,37967.5,,739244.75,420,0.528,2.762,0.333,0.5,0.008
1010,478,NiFe2O4,,,,,200,200,200,1,,0.015,1,227,0,,0,43,20.25,,,,,,,,,2.167,16400,6600000,16400,51000,,2670000,790,-20.9,2.761,0.333,9.1,0.015
1011,479,NiFe2O4,,,,,200,200,200,1,,0.015,1,227,0,,0,43,20.25,,,,,,,,,2.167,16400,6600000,16400,51000,,2670000,843.15,-20.9,2.761,0.333,9.1,0.015
1012,480,NiFe2O4,,,,,200,200,200,1,,0.015,1,227,0,,0,43,20.25,,,,,,,,,2.167,16400,6600000,16400,51000,,2670000,843.15,-20.9,2.761,0.333,9.1,0.015
1013,481,NiTe,,,,,5000,45,45,0.846,,0.001,111.111,194,0,,140,0.61,140,,,,,,,,,0,23750,55828,11000,21000,,772500,1494,0.12,2.005,0.333,0.5,0.004
1014,482,PdFe2O3,,,,,70,70,70,1,,0.043,1,182,0,,0,41.34,27,,,,,,,,,1.5,8250,8578,11000,21750,,140000,928,0.105,2.697,0.333,0.328,0
1015,483,PdFe2O3,,,,,70,70,70,1,,0.043,1,182,0,,0,41.34,27,,,,,,,,,1.5,8250,8578,11000,21750,,140000,928,0.105,2.697,0.333,0.328,0
1016,484,PdFe2O3,,,,,70,70,70,1,,0.043,1,182,0,,0,41.34,27,,,,,,,,,1.5,8250,8578,11000,21750,,140000,928,0.105,2.697,0.333,0.328,0
1017,485,Tb0.22Fe0.78Fe2O4,,,,,14.14,14.14,14.14,1,,0.212,1,227,0,,6.49,46.3,0.46,,,,,,,,,0.937,29100,104,11000,21000,,140000,800,0.12,2.727,0.333,0.5,0
1018,486,Tb0.22Fe0.78Fe2O4,,,,,14.14,14.14,14.14,1,,0.212,1,227,0,,6.49,46.3,0.46,,,,,,,,,0.937,29100,104,11000,21000,,140000,800,0.12,2.727,0.333,0.5,0
1019,487,Tb0.22Fe0.78Fe2O4,,,,,14.14,14.14,14.14,1,,0.212,1,227,0,,6.49,46.3,0.46,,,,,,,,,0.937,29100,104,11000,21000,,140000,800,0.12,2.727,0.333,0.5,0
1020,488,Tb0.5Fe0.5Fe2O4,,,,,18.12,18.12,18.12,1,,0.166,1,227,0,,8.12,51.7,1.34,,,,,,,,,0.857,32600,104,3000,255000,,140000,727.5,0.12,2.698,0.333,0.5,0
1021,489,Tb0.5Fe0.5Fe2O4,,,,,18.12,18.12,18.12,1,,0.166,1,227,0,,8.12,51.7,1.34,,,,,,,,,0.857,32600,104,3000,255000,,140000,727.5,0.12,2.698,0.333,0.5,0
1022,490,Tb0.5Fe0.5Fe2O4,,,,,18.12,18.12,18.12,1,,0.166,1,227,0,,8.12,51.7,1.34,,,,,,,,,0.857,32600,104,3000,255000,,140000,727.5,0.12,2.698,0.333,0.5,0
1023,491,Tb0.75Fe0.25Fe2O4,,,,,22.46,22.46,22.46,1,,0.134,1,227,0,,10.12,96.1,1.61,,,,,,,,,0.786,66100,104,11000,14446.56,,140000,655,0.12,2.672,0.333,0.5,0
1024,492,Tb0.75Fe0.25Fe2O4,,,,,22.46,22.46,22.46,1,,0.134,1,227,0,,10.12,96.1,1.61,,,,,,,,,0.786,66100,104,11000,14446.56,,140000,655,0.12,2.672,0.333,0.5,0
1025,493,Tb0.75Fe0.25Fe2O4,,,,,22.46,22.46,22.46,1,,0.134,1,227,0,,10.12,96.1,1.61,,,,,,,,,0.786,66100,104,11000,14446.56,,140000,655,0.12,2.672,0.333,0.5,0
1026,494,Zn0.1Mn0.9Fe2O4,,,,,19.8,19.8,19.8,1,,0.303,1,227,0,,0,46.5,0,,,,,,,,,1.036,19200,104,11000,34000,,140000,800,0.395,2.711,0.333,0.5,0
1027,495,Zn0.1Mn0.9Fe2O4,,,,,19.8,19.8,19.8,1,,0.303,1,227,0,,0,46.5,0,,,,,,,,,1.036,19200,104,11000,34000,,140000,800,0.395,2.711,0.333,0.5,0
1028,496,Zn0.1Mn0.9Fe2O4,,,,,19.8,19.8,19.8,1,,0.303,1,227,0,,0,46.5,0,,,,,,,,,1.036,19200,104,11000,34000,,140000,800,0.395,2.711,0.333,0.5,0
1029,497,Zn0.1Mn0.9Fe2O4,,,,,19.8,19.8,19.8,1,,0.303,1,227,0,,0,46.5,0,,,,,,,,,1.036,19200,104,11000,34000,,140000,800,0.395,2.711,0.333,0.5,0
1030,498,Zn0.2Mn0.8Fe2O4,,,,,16.7,16.7,16.7,1,,0.359,1,227,0,,0,51.2,0,,,,,,,,,1,31100,104,3000,255000,,140000,800,0.12,2.713,0.333,0.5,0
1031,499,Zn0.2Mn0.8Fe2O4,,,,,16.7,16.7,16.7,1,,0.359,1,227,0,,0,51.2,0,,,,,,,,,1,31100,104,3000,255000,,140000,800,0.12,2.713,0.333,0.5,0
1032,500,Zn0.2Mn0.8Fe2O4,,,,,16.7,16.7,16.7,1,,0.359,1,227,0,,0,51.2,0,,,,,,,,,1,31100,104,3000,255000,,140000,800,0.12,2.713,0.333,0.5,0
1033,501,Zn0.2Mn0.8Fe2O4,,,,,16.7,16.7,16.7,1,,0.359,1,227,0,,0,51.2,0,,,,,,,,,1,31100,104,3000,255000,,140000,800,0.12,2.713,0.333,0.5,0
1034,502,Zn0.3Co0.7Fe2O4,,,,,6.9,6.9,6.9,1,,0.435,1,227,0,,0,94,0,,,,,,,,,0.914,14500,104,11000,8832,,140000,396,0.12,2.747,0.333,0.5,0
1035,503,Zn0.3Mn0.7Fe2O4,,,,,13.1,13.1,13.1,1,,0.458,1,227,0,,0,52.3,0,,,,,,,,,0.964,54600,104,3000,255000,,140000,800,0.12,2.714,0.333,0.5,0
1036,504,Zn0.3Mn0.7Fe2O4,,,,,13.1,13.1,13.1,1,,0.458,1,227,0,,0,52.3,0,,,,,,,,,0.964,54600,104,3000,255000,,140000,800,0.12,2.714,0.333,0.5,0
1037,505,Zn0.3Mn0.7Fe2O4,,,,,13.1,13.1,13.1,1,,0.458,1,227,0,,0,52.3,0,,,,,,,,,0.964,54600,104,3000,255000,,140000,800,0.12,2.714,0.333,0.5,0
1038,506,Zn0.3Mn0.7Fe2O4,,,,,13.1,13.1,13.1,1,,0.458,1,227,0,,0,52.3,0,,,,,,,,,0.964,54600,104,3000,255000,,140000,800,0.12,2.714,0.333,0.5,0
1039,507,Zn0.4Mn0.6Fe2O4,,,,,12.2,12.2,12.2,1,,0.492,1,227,0,,0,52.3,0,,,,,,,,,0.929,62100,104,3000,255000,,140000,800,0.12,2.716,0.333,0.5,0
1040,508,Zn0.4Mn0.6Fe2O4,,,,,12.2,12.2,12.2,1,,0.492,1,227,0,,0,52.3,0,,,,,,,,,0.929,62100,104,3000,255000,,140000,800,0.12,2.716,0.333,0.5,0
1041,509,Zn0.4Mn0.6Fe2O4,,,,,12.2,12.2,12.2,1,,0.492,1,227,0,,0,52.3,0,,,,,,,,,0.929,62100,104,3000,255000,,140000,800,0.12,2.716,0.333,0.5,0
1042,510,Zn0.4Mn0.6Fe2O4,,,,,12.2,12.2,12.2,1,,0.492,1,227,0,,0,52.3,0,,,,,,,,,0.929,62100,104,3000,255000,,140000,800,0.12,2.716,0.333,0.5,0
1043,511,Zn0.5Mn0.5Fe2O4,,,,,11.3,11.3,11.3,0.999,,0.531,1,227,0,,0,56.6,0,,,,,,,,,0.893,65600,104,3000,255000,,140000,800,0.12,2.717,0.333,0.5,0
1044,512,Zn0.5Mn0.5Fe2O4,,,,,11.3,11.3,11.3,0.999,,0.531,1,227,0,,0,56.6,0,,,,,,,,,0.893,65600,104,3000,255000,,140000,800,0.12,2.717,0.333,0.5,0
1045,513,Zn0.5Mn0.5Fe2O4,,,,,11.3,11.3,11.3,0.999,,0.531,1,227,0,,0,56.6,0,,,,,,,,,0.893,65600,104,3000,255000,,140000,800,0.12,2.717,0.333,0.5,0
1046,514,Zn0.5Mn0.5Fe2O4,,,,,11.3,11.3,11.3,0.999,,0.531,1,227,0,,0,56.6,0,,,,,,,,,0.893,65600,104,3000,255000,,140000,800,0.12,2.717,0.333,0.5,0
1047,515,Zn0.6Mn0.4Fe2O4,,,,,10.3,10.3,10.3,0.999,,0.583,1,227,0,,0,46.2,0,,,,,,,,,0.857,71300,104,11000,21000,,140000,800,0.12,2.719,0.333,0.5,0
1048,516,Zn0.6Mn0.4Fe2O4,,,,,10.3,10.3,10.3,0.999,,0.583,1,227,0,,0,46.2,0,,,,,,,,,0.857,71300,104,11000,21000,,140000,800,0.12,2.719,0.333,0.5,0
1049,517,Zn0.6Mn0.4Fe2O4,,,,,10.3,10.3,10.3,0.999,,0.583,1,227,0,,0,46.2,0,,,,,,,,,0.857,71300,104,11000,21000,,140000,800,0.12,2.719,0.333,0.5,0
1050,518,Zn0.6Mn0.4Fe2O4,,,,,10.3,10.3,10.3,0.999,,0.583,1,227,0,,0,46.2,0,,,,,,,,,0.857,71300,104,11000,21000,,140000,800,0.12,2.719,0.333,0.5,0
1051,519,Zn0.7Mn0.3Fe2O4,,,,,8.8,8.8,8.8,0.999,,0.682,1,227,0,,0,40.1,0,,,,,,,,,0.821,61900,223000,11000,21000,,2670000,800,0.12,2.72,0.333,0.5,0.015
1052,520,Zn0.7Mn0.3Fe2O4,,,,,8.8,8.8,8.8,0.999,,0.682,1,227,0,,0,40.1,0,,,,,,,,,0.821,61900,223000,11000,21000,,2670000,800,0.12,2.72,0.333,0.5,0.015
1053,521,Zn0.7Mn0.3Fe2O4,,,,,8.8,8.8,8.8,0.999,,0.682,1,227,0,,0,40.1,0,,,,,,,,,0.821,61900,223000,11000,21000,,2670000,800,0.12,2.72,0.333,0.5,0.015
1054,522,Zn0.7Mn0.3Fe2O4,,,,,8.8,8.8,8.8,0.999,,0.682,1,227,0,,0,40.1,0,,,,,,,,,0.821,61900,223000,11000,21000,,2670000,800,0.12,2.72,0.333,0.5,0.015
1055,523,Zn0.8Mn0.2Fe2O4,,,,,8.9,8.9,8.9,0.999,,0.674,1,227,0,,0,27.9,0,,,,,,,,,0.786,54800,223000,11000,21000,,2670000,800,0.12,2.721,0.333,0.5,0.015
1056,524,Zn0.8Mn0.2Fe2O4,,,,,8.9,8.9,8.9,0.999,,0.674,1,227,0,,0,27.9,0,,,,,,,,,0.786,54800,223000,11000,21000,,2670000,800,0.12,2.721,0.333,0.5,0.015
1057,525,Zn0.8Mn0.2Fe2O4,,,,,8.9,8.9,8.9,0.999,,0.674,1,227,0,,0,27.9,0,,,,,,,,,0.786,54800,223000,11000,21000,,2670000,800,0.12,2.721,0.333,0.5,0.015
1058,526,Zn0.8Mn0.2Fe2O4,,,,,8.9,8.9,8.9,0.999,,0.674,1,227,0,,0,27.9,0,,,,,,,,,0.786,54800,223000,11000,21000,,2670000,800,0.12,2.721,0.333,0.5,0.015
1059,527,Zn0.9Mn0.1Fe2O4,,,,,8.2,8.2,8.2,0.999,,0.732,1,227,0,,0,19.4,0,,,,,,,,,0.75,57100,223000,11000,21000,,2670000,800,0.12,2.723,0.333,0.5,0.015
1060,528,Zn0.9Mn0.1Fe2O4,,,,,8.2,8.2,8.2,0.999,,0.732,1,227,0,,0,19.4,0,,,,,,,,,0.75,57100,223000,11000,21000,,2670000,800,0.12,2.723,0.333,0.5,0.015
1061,529,Zn0.9Mn0.1Fe2O4,,,,,8.2,8.2,8.2,0.999,,0.732,1,227,0,,0,19.4,0,,,,,,,,,0.75,57100,223000,11000,21000,,2670000,800,0.12,2.723,0.333,0.5,0.015
1062,530,Zn0.9Mn0.1Fe2O4,,,,,8.2,8.2,8.2,0.999,,0.732,1,227,0,,0,19.4,0,,,,,,,,,0.75,57100,223000,11000,21000,,2670000,800,0.12,2.723,0.333,0.5,0.015
1063,531,ZnFe2O4,,,,,19.5,19.5,19.5,1,,0.752,1,227,0,,0,12.2,0,,,,,,,,,0.714,4300,223000,158000,133196.56,,2670000,800,6.205,2.724,0.333,9.1,0.015
1064,532,ZnFe2O4,,,,,19.5,19.5,19.5,1,,0.752,1,227,0,,0,12.2,0,,,,,,,,,0.714,4300,223000,158000,133196.56,,2670000,800,6.205,2.724,0.333,9.1,0.015
1065,533,ZnFe2O4,,,,,19.5,19.5,19.5,1,,0.752,1,227,0,,0,12.2,0,,,,,,,,,0.714,4300,223000,158000,133196.56,,2670000,800,6.205,2.724,0.333,9.1,0.015
1066,534,ZnFe2O4,,,,,19.5,19.5,19.5,1,,0.752,1,227,0,,0,12.2,0,,,,,,,,,0.714,4300,223000,158000,133196.56,,2670000,800,6.205,2.724,0.333,9.1,0.015
1067,535,ZnFe2O4,,,,,19.5,19.5,19.5,1,,0.752,1,227,0,,0,12.2,0,,,,,,,,,0.714,4300,223000,158000,133196.56,,2670000,800,6.205,2.724,0.333,9.1,0.015
1068,536,ZnFe2O4,,,,,19.5,19.5,19.5,1,,0.752,1,227,0,,0,12.2,0,,,,,,,,,0.714,4300,223000,158000,133196.56,,2670000,800,6.205,2.724,0.333,9.1,0.015
1069,537,ZnFe2O4,,,,,19.5,19.5,19.5,1,,0.752,1,227,0,,0,12.2,0,,,,,,,,,0.714,4300,223000,158000,133196.56,,2670000,800,6.205,2.724,0.333,9.1,0.015
1070,538,ZnFe2O4,,,,,19.5,19.5,19.5,1,,0.752,1,227,0,,0,12.2,0,,,,,,,,,0.714,4300,223000,158000,133196.56,,2670000,800,6.205,2.724,0.333,9.1,0.015
1071,539,ZnFe2O4,,,,,19.5,19.5,19.5,1,,0.752,1,227,0,,0,12.2,0,,,,,,,,,0.714,4300,223000,158000,133196.56,,2670000,800,6.205,2.724,0.333,9.1,0.015
1072,540,ZnFe2O4,,,,,19.5,19.5,19.5,1,,0.752,1,227,0,,0,12.2,0,,,,,,,,,0.714,4300,223000,158000,133196.56,,2670000,800,6.205,2.724,0.333,9.1,0.015
1073,541,ZnFe2O4,,,,,19.5,19.5,19.5,1,,0.752,1,227,0,,0,12.2,0,,,,,,,,,0.714,4300,223000,158000,133196.56,,2670000,800,6.205,2.724,0.333,9.1,0.015
1074,542,ZnFe2O4,,,,,33.3,33.3,33.3,1,,0.09,1,227,0,,0,11,0,,,,,,,,,0.714,3700,223000,158000,133196.56,,2670000,800,6.205,2.724,0.333,9.1,0.015
1075,543,ZnFe2O4,,,,,33.3,33.3,33.3,1,,0.09,1,227,0,,0,11,0,,,,,,,,,0.714,3700,223000,158000,133196.56,,2670000,800,6.205,2.724,0.333,9.1,0.015
1076,544,ZnFe2O4,,,,,33.3,33.3,33.3,1,,0.09,1,227,0,,0,11,0,,,,,,,,,0.714,3700,223000,158000,133196.56,,2670000,800,6.205,2.724,0.333,9.1,0.015
1077,545,ZnFe2O4,,,,,33.3,33.3,33.3,1,,0.09,1,227,0,,0,11,0,,,,,,,,,0.714,3700,223000,158000,133196.56,,2670000,800,6.205,2.724,0.333,9.1,0.015
1078,546,ZnFe2O4,,,,,33.3,33.3,33.3,1,,0.09,1,227,0,,0,11,0,,,,,,,,,0.714,3700,223000,158000,133196.56,,2670000,800,6.205,2.724,0.333,9.1,0.015
1079,547,ZnFe2O4,,,,,33.3,33.3,33.3,1,,0.09,1,227,0,,0,11,0,,,,,,,,,0.714,3700,223000,158000,133196.56,,2670000,800,6.205,2.724,0.333,9.1,0.015
1080,548,ZnFe2O4,,,,,33.3,33.3,33.3,1,,0.09,1,227,0,,0,11,0,,,,,,,,,0.714,3700,223000,158000,133196.56,,2670000,800,6.205,2.724,0.333,9.1,0.015
1081,549,ZnFe2O4,,,,,33.3,33.3,33.3,1,,0.09,1,227,0,,0,11,0,,,,,,,,,0.714,3700,223000,158000,133196.56,,2670000,800,6.205,2.724,0.333,9.1,0.015
1082,550,ZnFe2O4,,,,,33.3,33.3,33.3,1,,0.09,1,227,0,,0,11,0,,,,,,,,,0.714,3700,223000,158000,133196.56,,2670000,800,6.205,2.724,0.333,9.1,0.015
1083,551,ZnFe2O4,,,,,33.3,33.3,33.3,1,,0.09,1,227,0,,0,11,0,,,,,,,,,0.714,3700,223000,158000,133196.56,,2670000,800,6.205,2.724,0.333,9.1,0.015
1084,552,ZnFe2O4,,,,,33.3,33.3,33.3,1,,0.09,1,227,0,,0,11,0,,,,,,,,,0.714,3700,223000,158000,133196.56,,2670000,800,6.205,2.724,0.333,9.1,0.015
1085,553,ZnFe2O4,,,,,33.3,33.3,33.3,1,,0.09,1,227,0,,0,11,0,,,,,,,,,0.714,3700,223000,158000,133196.56,,2670000,800,6.205,2.724,0.333,9.1,0.015
1086,554,ZnFe2O4,,,,,33.3,33.3,33.3,1,,0.09,1,227,0,,0,11,0,,,,,,,,,0.714,3700,223000,158000,133196.56,,2670000,800,6.205,2.724,0.333,9.1,0.015
1087,555,ZnFe2O4,,,,,10,10,10,1,,0.3,1,227,0,,67.3,41.06,0.62,,,,,,,,,0.714,12000,223000,5280000,158196.56,,2670000,800,6.205,2.724,0.333,9.1,0.015
1088,556,ZnFe2O4,,,,,10,10,10,1,,0.3,1,227,0,,67.3,41.06,0.62,,,,,,,,,0.714,12000,223000,5280000,158196.56,,2670000,800,6.205,2.724,0.333,9.1,0.015
1089,557,ZnFe2O4,,,,,10,10,10,1,,0.3,1,227,0,,67.3,41.06,0.62,,,,,,,,,0.714,12000,223000,5280000,158196.56,,2670000,800,6.205,2.724,0.333,9.1,0.015
1090,558,ZnFe2O4,,,,,200,200,200,1,,0.015,1,227,0,,0,65,0,,,,,,,,,1.667,62000,223000,242000,133196.56,,2670000,800,0.17,2.724,0.333,9.1,0.015
1091,559,ZnFe2O4,,,,,200,200,200,1,,0.015,1,227,0,,0,65,0,,,,,,,,,1.667,62000,223000,242000,133196.56,,2670000,800,0.17,2.724,0.333,9.1,0.015
1092,560,ZnFe2O4,,,,,200,200,200,1,,0.015,1,227,0,,0,65,0,,,,,,,,,1.667,62000,223000,242000,133196.56,,2670000,800,0.17,2.724,0.333,9.1,0.015
1093,561,ZnFe2O4,,,,,200,200,200,1,,0.015,1,227,0,,0,65,0,,,,,,,,,1.667,62000,223000,242000,133196.56,,2670000,800,0.17,2.724,0.333,9.1,0.015
1094,562,ZnFe2O4,,,,,5,5,5,1,,0.6,1,227,0,,74.2,96.9,7.1,,,,,,,,,1.667,62000,223000,122000,133196.56,,2670000,600,0.17,2.724,0.333,9.1,0.015
1095,563,ZnFe2O4,,,,,2,2,2,1,,1.5,1,227,0,,99.1,26.8,0.5,,,,,,,,,1.667,62000,223000,166000,206500,,2670000,600,6.205,2.724,0.333,9.1,0.015
1096,564,ZnFe2O4,,,,,2,2,2,1,,1.5,1,227,0,,74.7,31,0.5,,,,,,,,,1.667,62000,223000,166000,133196.56,,2670000,600,6.205,2.724,0.333,9.1,0.015
1097,565,ZnFe2O4,,,,,2.5,2.5,2.5,1,,1.2,1,227,0,,66.9,33.7,0.6,,,,,,,,,1.667,62000,223000,166000,133196.56,,2670000,600,6.205,2.724,0.333,9.1,0.015
1098,566,ZnFe2O4,,,,,2.5,2.5,2.5,1,,1.2,1,227,0,,37.8,64.3,1.8,,,,,,,,,1.667,62000,223000,158000,133196.56,,2670000,600,3.188,2.724,0.333,9.1,0.015
1099,567,ZnFe2O4,,,,,5.5,5.5,5.5,1,,0.545,1,227,0,,100.7,85.1,9.9,,,,,,,,,1.667,62000,223000,122000,133196.56,,2670000,600,0.17,2.724,0.333,9.1,0.015
1100,568,ZnFe2O4,,,,,7.5,3.875,3.875,1,,0.63,1.935,227,0,,69.9,70,4.85,,,,,,,,,1.667,62000,223000,640000,91250,,2670000,600,0.17,2.724,0.333,9.1,0.015