,id,space_group_shell,coer_oe,exc_bias_oe,fc_field_t,h_range_max_koe,mr (emu/g),sat_em_g,shape,space_group_core,temperature_k,ver_shift_emu_g,sphericity,max/min,exc_dir,ver_s_dir,area/volume
0,1,227,27800.0,1132.0,5.0,50.0,13.76705,52.1524,1.0,186.0,5.0,0.0,1.00000028155478,1,0,1,0.4054054054054055
1,2,227,7800.0,406.0,5.0,50.0,43.2642,83.14,1.0,225.0,5.0,0.0,1.00000028155478,1,0,1,0.42857142857142855
2,3,0,24.800000000000185,51.34000000000003,0.0,10.0,0.0077999999999995,2.289999999999999,1.0,227.0,300.0,0.0,1.00000028155478,1,1,1,0.17647058823529413
3,4,0,90.19999999999982,108.17999999999996,0.0,10.0,0.0217999999999989,2.43,1.0,227.0,300.0,0.0,1.0000002815547802,1,1,1,0.27272727272727276
4,5,0,40.07000000000016,8.919999999999959,0.0,10.0,0.3497999999999983,16.15,1.0,227.0,300.0,0.0,1.0000002815547795,1,1,1,0.25000000000000006
5,6,0,47.13000000000011,14.379999999999995,0.0,10.0,0.6546000000000003,18.75,1.0,227.0,300.0,0.0,1.0000002815547795,1,1,1,0.1666666666666667
6,7,0,109.34999999999992,2.830000000000041,0.0,10.0,9.2738,81.48,1.0,227.0,300.0,0.0,1.0000002815547795,1,1,1,0.14285714285714285
7,8,0,830.0,0.0,0.0,60.0,0.7349999999999994,1.3235000000000028,1.0,62.0,5.0,0.0169999999999999,1.0000002815547795,1,1,0,0.11111111111111112
8,9,0,894.0,255.0,0.5,60.0,0.7349999999999994,1.3528999999999982,1.0,62.0,5.0,0.04732,1.0000002815547795,1,0,0,0.11111111111111112
9,10,0,910.0,296.0,1.0,60.0,0.7349999999999994,1.3528999999999982,1.0,62.0,5.0,0.0172799999999999,1.0000002815547795,1,0,1,0.11111111111111112
10,11,0,945.0,344.0,2.0,60.0,0.7349999999999994,1.3823000000000008,1.0,62.0,5.0,0.0431799999999999,1.0000002815547795,1,0,1,0.11111111111111112
11,12,0,1077.0,635.0,5.0,60.0,0.6999999999999993,1.4411699999999996,1.0,62.0,5.0,0.142857,1.0000002815547795,1,0,1,0.11111111111111112
12,13,0,894.0,0.0,0.0,60.0,0.0588000000000015,0.6499999999999986,1.0,62.0,5.0,0.2999999999999998,1.00000028155478,1,1,0,0.08333333333333333
13,14,0,985.0,229.0,0.5,60.0,0.0588000000000015,0.6499999999999986,1.0,62.0,5.0,0.0088000000000001,1.00000028155478,1,0,1,0.08333333333333333
14,15,0,1016.0,350.0,1.0,60.0,0.0588000000000015,0.6499999999999986,1.0,62.0,5.0,0.0176,1.00000028155478,1,0,1,0.08333333333333333
15,16,0,1074.0,502.0,2.0,60.0,0.0588000000000015,0.6599999999999966,1.0,62.0,5.0,0.0229999999999996,1.00000028155478,1,0,1,0.08333333333333333
16,17,0,1483.0,2157.0,5.0,60.0,0.0519999999999996,0.6599999999999966,1.0,62.0,5.0,0.084,1.00000028155478,1,0,1,0.08333333333333333
17,18,225,634.0,130.0,1.0,2.5,21.5,26.6,1.0,225.0,8.0,0.0,1.00000028155478,1,0,1,0.09999999999999999
18,19,225,641.0,137.00000000000006,1.0,2.5,21.5,26.4,1.0,225.0,8.0,0.0,1.00000028155478,1,0,1,0.09999999999999999
19,20,225,379.0,38.0,1.0,2.5,8.9,15.199999999999996,1.0,225.0,8.0,0.0,1.00000028155478,1,0,1,0.09999999999999999
20,21,225,546.9999999999998,73.0,1.0,2.5,10.7,14.699999999999996,1.0,225.0,8.0,0.0,1.00000028155478,1,0,1,0.09999999999999999
21,22,225,534.0,81.0,1.0,2.5,13.0,16.0,1.0,225.0,8.0,0.0,1.00000028155478,1,0,1,0.09999999999999999
22,23,225,756.0,109.0,1.0,2.5,12.8,16.5,1.0,225.0,8.0,0.0,1.00000028155478,1,0,1,0.09999999999999999
23,24,0,8.449999999999818,0.0,0.0,20.0,0.1400000000000005,12.75,5.0,227.0,300.0,0.0,0.6711392913128502,1,1,1,1.2247448713915887
24,25,0,9.88000000000011,0.0,0.0,20.0,0.3399999999999998,18.61,5.0,227.0,300.0,0.0,0.6711392913128504,1,1,1,0.9185586535436916
25,26,0,22.340000000000146,0.0,0.0,20.0,1.2400000000000002,24.52,2.0,227.0,300.0,0.0,0.5166432673376116,1,1,1,0.28125
26,27,0,59.659999999999854,0.0,0.0,20.0,3.810000000000001,29.42,2.0,227.0,300.0,0.0,0.5166432673376116,1,1,1,0.20454545454545456
27,28,0,1400.0,0.0,0.5,15.0,32.0,75.0,1.0,227.0,300.0,0.0,1.00000028155478,1,1,1,0.1694915254237288
28,29,0,0.0,0.0,0.5,15.0,0.0300000000000011,0.1199999999999974,1.0,161.0,300.0,0.0,1.00000028155478,1,1,1,0.14705882352941177
29,30,161,902.2495,112.78100000000006,10.0,60.0,31.042,74.595,1.0,227.0,350.0,0.0,1.0000002815547795,1,1,1,0.12345679012345678
30,31,161,1316.317,226.736,10.0,60.0,39.222,79.167,1.0,227.0,300.0,0.0,1.0000002815547795,1,1,1,0.12345679012345678
31,32,161,1616.53,170.0,10.0,60.0,41.629000000000005,83.259,1.0,227.0,250.0,0.0,1.0000002815547795,1,1,1,0.09118541033434649
32,33,161,2594.2375,169.13099999999997,10.0,60.0,56.0,85.9,1.0,227.0,200.0,0.0,1.0000002815547795,1,1,1,0.12345679012345678
33,34,161,6052.7,112.77999999999996,10.0,60.0,67.858,87.0,1.0,227.0,100.0,0.0,1.0000002815547795,1,1,1,0.12345679012345678
34,35,161,7932.630999999999,56.17999999999995,10.0,60.0,71.226,87.5,1.0,227.0,50.0,0.0,1.0000002815547795,1,1,1,0.09118541033434649
35,36,161,4116.89,90.0,10.0,60.0,63.046,87.349,1.0,227.0,150.0,0.0,1.0000002815547795,1,1,1,0.12345679012345678
36,37,161,8966.0,50.0,10.0,60.0,73.151,87.83000000000001,1.0,227.0,5.0,0.0,1.0000002815547795,1,1,1,0.09118541033434649
37,38,225,538.4200000000001,142.77999999999997,0.5,6.0,4.366099999999999,18.372,1.0,194.0,5.0,0.0,1.00000028155478,1,0,1,0.09999999999999999
38,39,225,434.0,137.21000000000004,0.5,6.0,4.366099999999999,18.372,1.0,194.0,5.0,0.0,1.00000028155478,1,0,1,0.09999999999999999
39,40,225,280.0,71.0,0.5,6.0,4.366099999999999,18.372,1.0,194.0,5.0,0.0,1.00000028155478,1,0,1,0.09999999999999999
40,41,225,532.96,346.379,0.5,6.0,4.366099999999999,18.372,1.0,194.0,5.0,0.0,1.00000028155478,1,0,1,0.09999999999999999
41,42,0,1661.3845,952.57,1.0,0.1000000000000014,12.38458,31.36,1.0,221.0,2.0,0.0,1.00000028155478,1,0,1,0.12000000000000001
42,43,0,1322.79,629.898,1.0,0.1000000000000014,11.45314,55.6912,1.0,221.0,2.0,0.0,1.00000028155478,1,0,1,0.12000000000000001
43,44,0,1070.862,519.698,1.0,0.1000000000000014,15.9,20.040000000000003,1.0,221.0,2.0,0.0,1.00000028155478,1,0,1,0.12000000000000001
44,45,0,881.8975,472.1585,1.0,0.1000000000000014,15.9,20.040000000000003,1.0,221.0,2.0,0.0,1.00000028155478,1,0,1,0.12000000000000001
45,46,0,806.3,278.3,5.0,0.1000000000000014,5.9,31.04,1.0,221.0,2.0,0.0,1.0000002815547795,1,0,1,0.015000000000000003
46,47,0,697.6950000000002,185.144,5.0,0.1000000000000014,5.9,31.04,1.0,221.0,2.0,0.0,1.0000002815547795,1,0,1,0.015000000000000003
47,48,0,636.065,108.06499999999994,5.0,0.1000000000000014,5.9,31.04,1.0,221.0,2.0,0.0,1.0000002815547795,1,0,1,0.015000000000000003
48,49,0,604.8299999999999,76.83000000000004,5.0,0.1000000000000014,5.9,31.04,1.0,221.0,2.0,0.0,1.0000002815547795,1,0,1,0.015000000000000003
49,50,0,145.0,440.0,1.0,80.0,0.0219999999999984,6.900000000000002,6.0,87.0,5.0,0.07,1.3450182940612594,0,0,1,0.04197874324784583
50,51,227,1186.0,551.72,5.0,4.0,16.22,60.0,1.0,225.0,5.0,0.848,1.0000002815547795,1,0,1,0.04615384615384616
51,52,227,1186.0,551.72,1.0,4.0,16.22,60.0,1.0,225.0,5.0,0.0,1.0000002815547795,1,0,1,0.04615384615384616
52,53,212,2095.77,96.76699999999994,5.0,4.0,247.96,384.57,1.0,229.0,5.0,111.36,1.00000028155478,1,0,1,0.2575107296137339
53,54,212,1812.0,1812.0,5.0,4.0,155.91,326.6,1.0,229.0,5.0,157.4,1.00000028155478,1,0,1,0.2575107296137339
54,55,212,7238.0,7238.0,5.0,4.0,117.33700000000002,326.6,1.0,229.0,5.0,117.0,1.00000028155478,1,0,1,0.2575107296137339
55,56,227,4791.6396,93.23059999999998,0.0,30.0,5.139999999999999,35.0,1.0,225.0,300.0,0.0,1.00000028155478,1,0,1,0.1734104046242775
56,57,227,4705.465200000001,82.03059999999994,0.0,30.0,8.954,41.0,1.0,225.0,300.0,0.0,1.00000028155478,1,0,1,0.1734104046242775
57,58,227,4699.9292000000005,82.03059999999994,0.0,30.0,10.8,53.0,1.0,225.0,300.0,0.0,1.00000028155478,1,0,1,0.1734104046242775
58,59,227,13.0,0.0,0.0,30.0,0.2850000000000001,37.7,1.0,225.0,210.0,0.0,1.00000028155478,1,1,1,0.1734104046242775
59,60,227,13.0,2.5,5.0,30.0,0.2940000000000005,37.7,1.0,225.0,210.0,0.0,1.00000028155478,1,0,1,0.1734104046242775
60,61,227,521.0,0.0,0.0,30.0,3.0950000000000024,37.0,1.0,225.0,120.0,0.0,1.00000028155478,1,1,1,0.1734104046242775
61,62,227,560.0,719.0,5.0,30.0,2.8000000000000007,37.0,1.0,225.0,120.0,3.99,1.00000028155478,1,0,1,0.1734104046242775
62,63,227,2202.0,0.0,0.0,30.0,5.149000000000001,32.9,1.0,225.0,2.0,0.0,1.00000028155478,1,1,1,0.1734104046242775
63,64,227,3195.5,2878.5,5.0,30.0,8.3485,33.6,1.0,225.0,2.0,8.398000000000001,1.00000028155478,1,0,1,0.1734104046242775
64,65,227,628.5,0.0,0.0,30.0,13.33,54.8,1.0,225.0,2.0,0.0,1.00000028155478,1,1,1,0.1734104046242775
65,66,227,767.0,329.0,5.0,30.0,22.313,54.8,1.0,225.0,2.0,9.188,1.00000028155478,1,0,1,0.1734104046242775
66,67,0,87.01999999999998,0.0,0.0,15.0,2.6500000000000004,0.1799999999999997,6.0,225.0,300.0,0.0,0.3724842176034488,1,1,1,0.6955780131183759
67,68,0,22.40999999999985,0.0,0.0,15.0,1.6500000000000004,70.264,1.0,227.0,300.0,0.0,1.0000002815547795,1,1,1,0.09090909090909093
68,69,227,37.09000000000015,0.0,0.0,15.0,1.3499999999999996,31.33,1.0,225.0,300.0,0.0,1.00000028155478,1,1,1,0.05767012687427913
69,70,225,100.28999999999996,0.0,0.0,15.0,2.16,40.03,1.0,227.0,300.0,0.0,1.00000028155478,1,1,1,0.09448818897637797
70,71,227,95.69000000000004,329.43,2.414,15.0,8.6,33.0,1.0,225.0,60.0,8.6,1.00000028155478,1,0,1,0.05767012687427913
71,72,225,145.17999999999984,145.17999999999995,1.214,15.0,8.16,44.89,1.0,227.0,60.0,8.16,1.00000028155478,1,1,0,0.09448818897637797
72,73,161,1300.0,1600.0,5.0,50.0,0.0519999999999996,1.3126999999999924,1.0,55.0,2.0,0.0529999999999999,1.0000002815547795,1,0,1,0.15789473684210528
73,74,55,1225.0,1825.0,5.0,50.0,0.0459999999999993,43.278,1.0,161.0,2.0,0.054,1.00000028155478,1,1,1,0.23076923076923078
74,75,55,900.0,1500.0,5.0,50.0,0.0365000000000002,30.9963,1.0,161.0,2.0,0.058,1.0000002815547795,1,0,1,0.15789473684210528
75,76,55,750.0,1650.0,5.0,50.0,0.0489999999999994,43.278,1.0,161.0,2.0,0.0609999999999999,1.00000028155478,1,1,1,0.23076923076923078
76,77,213,449.3800000000001,9.409999999999968,0.0,40.0,17.6,52.0,1.0,136.0,2.0,0.0,1.0000002815547802,1,1,1,0.23255813953488372
77,78,213,477.614,84.70000000000005,1.0,40.0,22.13,51.385,1.0,136.0,2.0,3.77,1.0000002815547802,1,0,1,0.23255813953488372
78,79,213,471.34000000000015,71.36000000000001,2.0,60.0,21.98,52.18,1.0,136.0,2.0,3.3,1.0000002815547802,1,0,1,0.23255813953488372
79,80,213,453.4000000000001,64.76400000000001,4.0,60.0,21.963,60.513,1.0,136.0,2.0,2.8,1.0000002815547802,1,0,1,0.23255813953488372
80,81,213,415.0,5.0,0.0,40.0,17.09,50.3,1.0,136.0,10.0,0.0,1.0000002815547802,1,1,1,0.23255813953488372
81,82,213,429.0,49.72500000000002,1.0,40.0,19.818,50.275,1.0,136.0,10.0,2.546,1.0000002815547802,1,0,1,0.23255813953488372
82,83,213,421.2400000000002,41.96000000000004,3.0,60.0,19.4,48.91,1.0,136.0,10.0,2.4,1.0000002815547802,1,0,1,0.23255813953488372
83,84,213,55.12199999999984,2.419999999999959,0.0,40.0,3.1950000000000003,51.0,1.0,136.0,100.0,0.0,1.0000002815547802,1,1,1,0.23255813953488372
84,85,213,53.7800000000002,2.419999999999959,1.0,40.0,3.3450000000000006,48.85,1.0,136.0,100.0,0.1,1.0000002815547802,1,1,0,0.23255813953488372
85,86,213,53.0,2.419999999999959,2.0,60.0,3.375,50.6,1.0,136.0,100.0,0.6600000000000001,1.0000002815547802,1,1,0,0.23255813953488372
86,87,213,20.11499999999978,1.3550000000000182,0.0,40.0,1.4420000000000002,52.5,1.0,136.0,300.0,0.0,1.0000002815547802,1,1,1,0.23255813953488372
87,88,213,19.88000000000011,0.6585000000000036,1.0,40.0,1.4380000000000024,46.11,1.0,136.0,300.0,0.139,1.0000002815547802,1,0,0,0.23255813953488372
88,89,213,20.81399999999985,0.6589999999999918,2.0,60.0,1.5775000000000023,45.78,1.0,136.0,300.0,0.0695000000000001,1.0000002815547802,1,0,0,0.23255813953488372
89,90,0,624.0999999999999,15.0,3.0,20.0,33.04,57.0,1.0,227.0,5.0,3.8,1.00000028155478,1,0,1,0.19999999999999998
90,91,0,8336.0,52.0,3.0,20.0,43.5,55.0,1.0,227.0,5.0,2.15,1.0000002815547795,1,0,1,0.1785714285714286
91,92,0,10760.0,70.0,3.0,20.0,36.47,51.0,1.0,227.0,5.0,0.0,1.00000028155478,1,0,1,0.16129032258064518
92,93,0,14563.0,20.0,3.0,20.0,32.22,45.0,1.0,227.0,5.0,2.48,1.0000002815547795,1,0,1,0.15000000000000002
93,94,0,1219.58,1219.58,6.5,50.0,0.0485000000000006,1.2590000000000003,1.0,161.0,10.0,0.0484999999999999,1.0000002815547795,1,0,1,0.1666666666666667
94,95,0,429.82000000000016,1182.0,6.5,50.0,0.0105000000000003,0.8455000000000013,1.0,161.0,130.0,0.0309999999999999,1.0000002815547795,1,0,1,0.1666666666666667
95,96,0,1500.0,342.15,6.5,50.0,0.0249999999999985,0.6460000000000008,1.0,161.0,300.0,0.006,1.0000002815547795,1,1,1,0.1666666666666667
96,97,0,1361.93,0.0,0.0,50.0,0.0569999999999986,1.240000000000002,1.0,161.0,10.0,0.0,1.0000002815547795,1,1,1,0.1666666666666667
97,98,0,901.8200000000002,0.0,0.0,50.0,0.0249999999999985,0.8400000000000034,1.0,161.0,130.0,0.0,1.0000002815547795,1,1,1,0.1666666666666667
98,99,0,2309.79,0.0,0.0,50.0,0.0390000000000014,0.671999999999997,1.0,161.0,300.0,0.0,1.0000002815547795,1,1,1,0.1666666666666667
99,100,0,3999.6,0.1000000000000227,1.4,30.0,34.3,63.0,3.0,229.0,10.0,0.0,0.8059959770082344,1,0,1,0.13333333333333333
100,101,0,1299.65,399.9500000000001,1.4,30.0,28.0,59.95,3.0,229.0,150.0,0.0,0.8059959770082344,1,1,1,0.125
101,102,0,849.7,49.89999999999998,1.2000000000000002,30.0,22.25,55.4,3.0,229.0,300.0,0.0,0.8059959770082346,1,1,1,0.11764705882352941
102,103,0,2899.7,0.0,2.0,30.0,39.33,97.3,3.0,229.0,10.0,0.6560000000000001,0.8059959770082344,1,1,1,0.13333333333333333
103,104,0,1499.0,0.0,2.2,30.0,32.0,97.45000000000002,3.0,229.0,150.0,1.7440000000000002,0.8059959770082344,1,1,1,0.125
104,105,0,799.6500000000001,0.0499999999999545,2.0,30.0,21.0,90.95,3.0,229.0,300.0,0.4300000000000001,0.8059959770082346,1,1,1,0.11764705882352941
105,106,0,3999.65,0.0499999999999545,1.4,30.0,21.6,18.3,3.0,229.0,10.0,0.0,0.8059959770082344,1,1,1,0.13333333333333333
106,107,0,2299.75,99.95000000000005,1.4,30.0,18.0,13.0,3.0,229.0,150.0,0.0,0.8059959770082344,1,1,1,0.125
107,108,0,1099.75,0.0499999999999545,1.2000000000000002,30.0,11.7,10.85,3.0,229.0,300.0,0.0,0.8059959770082346,1,0,1,0.11764705882352941
108,109,227,1804.3,1804.0,7.0,60.0,7.734999999999999,24.75,3.0,225.0,5.0,7.734999999999999,0.8059959770082348,1,0,1,0.3
109,110,227,1620.97,781.28,7.0,60.0,10.5,25.45,1.0,225.0,5.0,3.74,1.00000028155478,1,0,1,0.1875
110,111,227,2044.82,1022.0,7.0,60.0,7.1,19.21,7.0,225.0,5.0,3.717,1.6439488100495974,1,0,1,0.12000000000000002
111,112,227,681.8299999999999,471.0,0.1,52.5,10.0,20.0,2.0,225.0,20.000000000000007,0.0,0.5166432673376116,1,0,1,0.48214285714285715
112,113,227,2762.0,2762.0,1.0,20.0,6.795,54.36,3.0,225.0,2.0,3.125,0.8059959770082344,1,0,1,0.1875
113,114,227,2396.15,2250.0,1.0,20.0,9.495,31.729,3.0,225.0,2.0,2.0,0.8059959770082344,1,0,1,0.17142857142857143
114,115,227,959.2,583.0,1.0,20.0,13.638,44.14,5.0,225.0,2.0,7.933999999999999,0.6711392913128503,1,0,1,0.41991252733425904
115,116,62,1897.0,1190.0,1.0,10.0,28.9,31.0,1.0,229.0,5.0,0.0,1.00000028155478,1,0,1,0.21739130434782616
116,117,0,862.0,133.0,1.0,10.0,76.8,84.0,1.0,62.0,5.0,0.4476000000000002,1.00000028155478,1,0,1,0.1875
117,118,212,1361.79,20.0,5.0,60.0,8.315700000000001,15.122500000000002,1.0,229.0,30.0,0.3699000000000001,1.00000028155478,1,0,1,0.19999999999999998
118,119,212,2544.74,1071.526,5.0,60.0,1.971599999999999,15.246499999999996,1.0,229.0,15.0,0.514774,1.0000002815547795,1,0,1,0.30000000000000004
119,120,212,2545.0,2188.0,5.0,60.0,1.971599999999999,15.246499999999996,1.0,229.0,10.0,0.626774,1.00000028155478,1,0,1,0.375
120,121,212,5159.4368,1600.0,1.0,60.0,27.19526,53.7118,1.0,229.0,5.0,0.0,1.00000028155478,1,0,1,0.19999999999999998
121,122,212,2124.4,3500.0,1.0,60.0,13.376,32.5288,1.0,229.0,5.0,0.000912,1.0000002815547795,1,0,1,0.30000000000000004
122,123,227,1538.46,1000.0,0.0,50.0,16.23,38.9,2.0,225.0,300.0,0.0,0.5166432673376116,1,0,1,0.37500000000000017
123,124,212,10873.37,22459.0,7.0,10.0,0.9845000000000006,0.9889999999999972,1.0,229.0,5.0,2.046,1.00000028155478,1,0,1,0.26548672566371695
124,125,212,14972.9325,18003.0,9.0,10.0,1.3524999999999991,5.227,1.0,229.0,5.0,1.957,1.00000028155478,1,0,1,0.26548672566371695
125,126,212,7232.800000000001,140.00000000000006,2.0,20.0,30.2472,48.348,1.0,229.0,5.0,0.926,1.0000002815547795,1,0,1,0.1675977653631285
126,127,212,1359.636,964.9,1.36,20.0,7.199999999999999,20.862,1.0,229.0,5.0,4.79,1.00000028155478,1,0,1,0.12875536480686695
127,128,0,933.92,932.0,0.1,15.0,0.7800000000000011,7.538,1.0,62.0,15.0,0.01,1.0000002815547795,1,0,0,0.0917487308092238
128,129,0,206.0,865.6,0.1,15.0,0.5365000000000002,5.942,1.0,62.0,50.0,0.0315,1.0000002815547795,1,0,0,0.0917487308092238
129,130,0,176.32699999999977,122.37400000000002,0.1,15.0,0.2220000000000013,20.870000000000005,1.0,62.0,100.0,0.02,1.0000002815547795,1,0,0,0.0917487308092238
130,131,0,919.3,510.4,0.1,15.0,4.3255620000000015,11.450636,1.0,62.0,250.0,0.0008750000000001,1.00000028155478,1,0,1,0.11777638190954774
131,132,227,107.0,13.0,2.0,10.0,55.5196734,64.7492,1.0,1.0,5.0,0.0019999999999997,1.0000002815547795,1,0,0,0.07500000000000001
132,133,227,450.0,78.0,2.0,10.0,55.5196734,64.7492,1.0,1.0,5.0,0.0062599999999997,1.0000002815547795,1,0,0,0.07500000000000001
133,134,0,5250.0,650.0,0.0,20.0,0.000910000000001,0.0024999999999977,1.0,221.0,300.0,0.0,1.0000002815547795,1,0,1,0.06818181818181819
134,135,0,4750.0,254.0,0.0,20.0,0.0003630000000001,0.0035000000000025,1.0,221.0,300.0,0.0,1.0000002815547795,1,0,1,0.06122448979591837
135,136,0,1750.0,250.0,0.0,20.0,0.0002269999999988,0.0035000000000025,1.0,221.0,300.0,0.0,1.0000002815547795,1,0,1,0.046875000000000014
136,137,0,1000.0,2275.0,8.0,20.0,49.7217,104.716,1.0,221.0,10.0,34.8796,1.0000002815547795,1,0,1,0.06818181818181819
137,138,0,1125.0,2120.0,8.0,20.0,49.7217,104.716,1.0,221.0,10.0,34.8796,1.0000002815547795,1,0,1,0.06122448979591837
138,139,0,750.0,800.0,8.0,20.0,21.746,49.988,1.0,221.0,10.0,0.0880000000000003,1.0000002815547795,1,0,1,0.046875000000000014
139,140,0,5275.5,511.81,0.0,10.0,0.0036999999999984,0.0045000000000001,1.0,62.0,300.0,0.0,1.0000002815547795,1,0,1,0.0792393026941363
140,141,0,1063.17,1972.0,0.8,10.0,0.00225,0.0046999999999997,1.0,62.0,10.0,0.000145,1.0000002815547795,1,0,1,0.06976744186046512
141,142,227,3257.5,1814.6,5.0,60.0,1.971599999999999,10.698599999999995,1.0,225.0,2.0,0.626774,1.0000002815547795,1,0,1,0.25210084033613445
142,143,227,2751.248,1350.0,5.0,60.0,1.971599999999999,8.322700000000005,1.0,225.0,2.0,0.4639740000000001,1.0000002815547795,1,0,1,0.25210084033613445
143,144,227,502.31,502.0,5.0,60.0,12.598720000000004,24.5202,1.0,225.0,100.0,0.77266,1.0000002815547795,1,0,1,0.28571428571428575
144,145,0,181.0,181.0,5.0,60.0,2.1541200000000025,29.5176,1.0,227.0,200.0,1.3638,1.0000002815547802,1,0,1,0.3061224489795919
145,146,0,6000.0,79.0,6.0,30.0,0.8000000000000007,2.6000000000000014,1.0,227.0,150.0,0.006,1.0000002815547795,1,0,1,0.25000000000000006
146,147,0,6088.8,149.24,0.2000000000000001,70.0,1.0,29.4,1.0,62.0,2.0,0.0,1.0000002815547795,1,0,1,0.03370786516853933
147,148,0,8899.6785,30.66999999999996,5.0,70.0,1.6999999999999993,21.626,1.0,62.0,8.0,0.0,1.0000002815547795,1,0,1,0.03370786516853933
148,149,0,6342.6,402.9,5.0,70.0,2.536,20.4,1.0,62.0,10.0,0.0,1.0000002815547795,1,0,1,0.03333333333333334
149,150,0,2142.85,1877.782,5.0,70.0,3.33,13.439999999999998,1.0,62.0,50.0,0.0,1.0000002815547795,1,0,1,0.03370786516853933
150,151,0,2144.5,1877.782,5.0,70.0,3.7680000000000007,10.1,1.0,62.0,75.0,0.0,1.0000002815547795,1,0,1,0.03370786516853933
151,152,0,1458.4,1711.4,5.0,70.0,3.7680000000000007,8.600000000000001,1.0,62.0,100.0,0.0,1.0000002815547795,1,0,1,0.03370786516853933
152,153,225,20800.0,2800.0,10.0,45.0,33.9812,66.03999999999999,1.0,227.0,5.0,0.0062000000000002,1.0000002815547802,1,0,1,0.44510385756676546
153,154,225,17600.0,2600.0,10.0,45.0,33.9812,58.44,1.0,227.0,5.0,0.0061999999999999,1.0000002815547802,1,0,1,0.44510385756676546
154,155,0,9460.0,0.0,0.0,60.0,48.0,86.9,1.0,227.0,5.0,0.0,1.00000028155478,1,1,1,0.3225806451612905
155,156,225,11900.0,0.0,0.0,60.0,30.0,55.3,1.0,227.0,5.0,0.0,1.0000002815547795,1,1,1,0.24193548387096778
156,157,0,9470.0,0.0,7.0,60.0,48.0,86.9,1.0,227.0,5.0,0.0,1.00000028155478,1,1,1,0.3225806451612905
157,158,225,13950.0,3650.0,7.0,60.0,39.1,55.7,1.0,227.0,5.0,0.0,1.0000002815547795,1,0,1,0.24193548387096778
158,159,225,14.0,0.0,0.0,80.0,0.0002999999999993,0.0249999999999985,1.0,229.0,300.0,0.0,1.00000028155478,1,1,1,0.23809523809523817
159,160,225,17.0,0.0,0.0,80.0,0.0021999999999984,0.171999999999997,1.0,229.0,300.0,0.0,1.00000028155478,1,1,1,0.37974683544303806
160,161,225,761.0,530.6,3.01,80.0,0.0120000000000004,0.1150000000000019,1.0,229.0,10.0,0.0124000000000001,1.00000028155478,1,0,1,0.23809523809523817
161,162,225,995.0,906.4,4.6,80.0,0.0820000000000007,0.3440000000000012,1.0,229.0,10.0,0.0124000000000001,1.00000028155478,1,0,1,0.37974683544303806
162,163,225,91.0,249.0,1.0000000000000002,80.0,0.0385999999999988,25.3078,1.0,229.0,100.0,0.0,1.00000028155478,1,0,1,0.23809523809523817
163,164,225,25.0,94.0,0.0,80.0,0.1320000000000014,25.3078,1.0,229.0,100.0,0.0,1.00000028155478,1,0,1,0.37974683544303806
164,165,225,247.0,1335.0,5.5,80.0,0.0193000000000012,2.251800000000003,1.0,229.0,5.0,0.0573399999999999,1.00000028155478,1,0,1,0.23809523809523817
165,166,225,41.0,1318.0,5.5,80.0,0.027000000000001,2.4798000000000044,1.0,229.0,5.0,0.0573400000000001,1.00000028155478,1,0,1,0.37974683544303806
166,167,0,115.00500000000012,131.00000000000006,0.0,40.0,0.0150000000000005,59.641740000000006,3.0,161.0,30.0,0.0002699999999999,0.8059959770082346,1,0,1,0.35294117647058826
167,168,0,125.23000000000002,165.23000000000002,0.0,40.0,0.0019999999999988,59.641740000000006,3.0,161.0,30.0,0.0024699999999999,0.8059959770082346,1,0,1,0.35294117647058826
168,169,0,250.0,1025.0,2.0,40.0,0.0037999999999982,70.36974000000001,3.0,161.0,100.0,0.004428,0.8059959770082346,1,0,1,0.35294117647058826
169,170,0,579.1500000000001,113.5,2.0,40.0,0.0851000000000006,51.242,3.0,161.0,200.0,0.0,0.8059959770082346,1,0,1,0.35294117647058826
170,171,0,2285.7,900.0,8.0,80.0,0.3999999999999986,5.800000000000004,1.0,225.0,5.0,0.0106999999999999,1.0000002815547802,1,0,1,0.75
171,172,0,2857.1,2750.0,8.0,80.0,0.4130000000000002,3.049999999999997,1.0,225.0,5.0,0.1859999999999999,1.00000028155478,1,0,1,0.3333333333333333
172,173,0,239.3400000000001,250.0,2.0,20.0,0.0790000000000006,1.5745000000000005,1.0,161.0,300.0,0.0789999999999999,1.0000002815547795,1,1,1,0.15000000000000002
173,174,0,1135.5,984.37,2.0,20.0,0.1170000000000008,1.5850000000000009,1.0,161.0,300.0,0.092,1.00000028155478,1,1,1,0.09999999999999999
174,175,0,1041.71,677.0,2.0,20.0,0.1189999999999997,1.1835000000000022,1.0,161.0,300.0,0.0469999999999999,1.0000002815547795,1,0,1,0.07500000000000001
175,176,0,2812.5,812.5,0.06,15.0,17.71,30.0,1.0,62.0,193.0,0.0059999999999997,1.0000002815547795,1,0,0,0.16224986479177939
176,177,227,569.3430000000001,124.13999999999992,1.0,20.0,34.375,122.0,1.0,225.0,5.0,12.0,1.0000002815547795,1,0,1,0.11111111111111112
177,178,227,583.3400000000004,123.24,1.0,20.0,32.07,116.0,1.0,225.0,5.0,6.25,1.0000002815547795,1,0,1,0.11111111111111112
178,179,227,626.8,148.59500000000003,1.0,20.0,32.9245,105.0,1.0,225.0,5.0,6.030999999999999,1.0000002815547795,1,0,1,0.11111111111111112
179,180,227,738.96,183.82,1.0,20.0,27.919,90.42,1.0,225.0,5.0,5.930999999999999,1.0000002815547795,1,0,1,0.11111111111111112
180,181,227,724.6379999999999,210.53,1.0,20.0,15.923,56.9,1.0,225.0,5.0,3.5,1.0000002815547795,1,0,1,0.11111111111111112
181,182,227,631.5799999999999,147.35999999999996,1.0,20.0,6.5,32.0,1.0,225.0,5.0,0.8,1.0000002815547795,1,0,1,0.11111111111111112
182,183,227,222.0,36.60000000000002,1.0,20.0,0.6875,9.55,1.0,225.0,5.0,0.1125,1.0000002815547795,1,0,1,0.11111111111111112
183,184,227,194.72400000000016,26.442000000000007,1.0,20.0,0.1909999999999989,4.600000000000001,1.0,225.0,5.0,0.032,1.0000002815547795,1,0,1,0.11111111111111112
184,185,227,265.0,21.5,1.0,20.0,0.0509999999999983,3.0,1.0,225.0,5.0,0.0049999999999998,1.0000002815547795,1,0,1,0.11111111111111112
185,186,0,1086.0,1086.0,1.0,20.0,10.2571,46.00596,1.0,141.0,10.0,2.238,1.00000028155478,1,0,1,0.09999999999999999
186,187,0,574.9999999999998,575.0,1.0,20.0,17.0812,32.0,1.0,141.0,10.0,2.319,1.0000002815547795,1,0,1,0.049999999999999996
187,188,0,273.0,273.0,1.0,20.0,10.2571,44.9449,1.0,141.0,10.0,2.339,1.0000002815547795,1,0,1,0.03333333333333334
188,189,225,2900.0,1290.0,7.0,60.0,10.9126,27.7327,1.0,227.0,5.0,0.958574,1.00000028155478,1,0,1,0.29411764705882343
189,190,225,7035.0,3430.0,7.0,60.0,19.6108,33.6393,1.0,227.0,5.0,1.723,1.00000028155478,1,0,1,0.29411764705882343
190,191,225,11200.0,4020.0,7.0,60.0,20.13,33.0,1.0,227.0,5.0,0.0,1.00000028155478,1,0,1,0.29411764705882343
191,192,225,12700.0,5100.0,7.0,60.0,37.76,59.0,1.0,227.0,5.0,0.0,1.00000028155478,1,0,1,0.29411764705882343
192,193,225,7619.0,3773.58,5.0,50.0,40.7799,65.7824,1.0,194.0,10.0,3.8854,1.0000002815547802,1,0,1,0.5
193,194,225,6415.09,5283.0,5.0,50.0,20.8794,35.6712,1.0,194.0,10.0,1.7324320000000002,1.0000002815547802,1,0,1,0.5
194,195,225,6037.7,5283.0,5.0,50.0,20.8794,35.6712,1.0,194.0,10.0,1.7324320000000002,1.0000002815547802,1,0,1,0.5
195,196,225,543.7434999999998,147.76,1.0,5.0,9.4,40.36,1.0,194.0,5.0,1.632,1.00000028155478,1,0,1,0.19999999999999998
196,197,225,546.7224999999999,14.700000000000044,1.0,5.0,8.1,38.0,1.0,194.0,5.0,0.1299999999999999,1.00000028155478,1,0,1,0.19999999999999998
197,198,225,561.4970000000001,177.29700000000005,1.0,5.0,8.16,38.8,1.0,194.0,5.0,2.0245,1.00000028155478,1,1,0,0.19999999999999998
198,199,225,241.8499999999999,54.0,1.0,5.0,1.4320000000000004,4.5,1.0,194.0,5.0,0.3540000000000001,1.0000002815547795,1,0,1,0.06666666666666667
199,200,225,239.6300000000001,7.740000000000009,1.0,5.0,1.4789999999999992,4.5,1.0,194.0,5.0,0.0229999999999996,1.0000002815547795,1,0,1,0.06666666666666667
200,201,225,241.82859999999985,65.56000000000006,1.0,5.0,1.419499999999999,4.5,1.0,194.0,5.0,0.2549999999999999,1.0000002815547795,1,1,0,0.06666666666666667
201,202,0,580.7197999999996,0.0074999999999363,0.0,50.0,2.2140000000000004,13.46,1.0,161.0,329.99999999999994,0.0,1.00000028155478,1,1,1,0.3191489361702127
202,203,0,580.7197999999996,0.0074999999999363,0.0,50.0,5.4,17.17,1.0,161.0,300.0,0.0,1.00000028155478,1,1,1,0.3191489361702127
203,204,0,210.1434,1.1073000000000093,0.0,50.0,19.45,35.38,1.0,161.0,200.0,0.0,1.00000028155478,1,1,1,0.3191489361702127
204,205,0,284.6918000000005,4.870000000000118,0.0,50.0,33.184,56.312,1.0,161.0,5.0,0.0,1.00000028155478,1,0,1,0.3191489361702127
205,206,0,191.2800000000002,1.4600000000000364,0.0009999999999998,44.0,13.9,42.0254,1.0,161.0,4.0,0.0,1.00000028155478,1,0,1,0.3191489361702127
206,207,0,168.82900000000018,12.299999999999956,0.0099999999999997,44.0,13.9,42.0254,1.0,161.0,4.0,0.0,1.00000028155478,1,0,1,0.3191489361702127
207,208,0,198.9699999999998,25.0,0.1,44.0,15.658,42.0254,1.0,161.0,4.0,1.579,1.00000028155478,1,0,1,0.3191489361702127
208,209,0,100.19999999999982,2560.0,1.0,10.0,0.1000000000000014,58.838,1.0,225.0,10.0,0.61,1.0000002815547802,1,1,1,0.5084745762711866
209,210,0,77.30000000000018,2120.0,1.0,10.0,0.0159999999999982,63.986,1.0,225.0,10.0,0.52,1.00000028155478,1,1,1,0.25862068965517243
210,211,0,64.5,180.0,1.0,10.0,0.0019999999999988,32.54,1.0,225.0,10.0,0.08,1.00000028155478,1,1,1,0.12145748987854252
211,212,0,61.90000000000009,390.0,1.0,10.0,0.0117499999999992,32.54,1.0,225.0,10.0,0.04,1.0000002815547795,1,1,1,0.10204081632653063
212,213,0,55.90000000000009,190.0,1.0,10.0,0.0120000000000004,32.54,1.0,225.0,10.0,0.03,1.0000002815547795,1,1,1,0.0859598853868195
213,214,0,49.80000000000018,110.0,1.0,10.0,0.0120000000000004,21.98,1.0,225.0,10.0,0.0099999999999997,1.0000002815547795,1,1,1,0.08152173913043478
214,215,141,2619.5748,490.0,5.0,20.0,33.9266,58.236,1.0,225.0,10.0,2.2676000000000003,1.0000002815547802,1,0,1,0.17441860465116282
215,216,141,3112.36,3600.0,5.0,20.0,62.6463,126.78000000000002,1.0,225.0,10.0,35.3654,1.00000028155478,1,0,1,0.12000000000000001
216,217,92,249.0,5.0,1.0,3.0,21.27,65.32,1.0,227.0,2.0,0.0,1.00000028155478,1,1,1,0.3333333333333333
217,218,92,247.0,5.0,1.0,3.0,22.22,64.54,1.0,227.0,2.0,0.0,1.00000028155478,1,1,1,0.3333333333333333
218,219,92,234.0,20.0,3.0,2.0,32.89,96.0,1.0,227.0,2.0,0.0,1.0000002815547802,1,0,1,0.27272727272727276
219,220,92,35.0,6.0,3.0,1.0,4.289999999999999,77.27,1.0,227.0,300.0,0.0,1.0000002815547802,1,1,1,0.27272727272727276
220,221,0,66.59999999999991,0.0,0.0,60.0,0.0102599999999988,3.5,3.0,227.0,2.0,0.0,0.8059959770082344,1,1,1,0.15
221,222,0,134.375,34.375,1.0,60.0,0.0130400000000001,3.5,3.0,227.0,2.0,0.0,0.8059959770082344,1,0,1,0.17142857142857143
222,223,0,127.0,40.0,1.0,60.0,0.0216999999999991,3.5,3.0,227.0,2.0,0.0,0.8059959770082344,1,1,1,0.17142857142857143
223,224,0,290.0,100.0,0.0,20.0,0.0133100000000005,0.227179999999997,1.0,62.0,300.0,0.004375,1.00000028155478,1,0,1,0.12062726176115804
224,225,0,3769.0,0.0,7.0,80.0,0.6300000000000008,5.320000000000004,1.0,225.0,2.0,0.0,1.0000002815547795,1,1,1,0.13513513513513514
225,226,0,1922.0,284.89200000000005,7.0,80.0,0.0899999999999998,1.804400000000001,1.0,227.0,2.0,0.0124000000000001,1.00000028155478,1,0,1,0.15228426395939088
226,227,0,2110.0,454.5400000000001,7.0,80.0,0.0899999999999998,1.368000000000002,1.0,227.0,2.0,0.0,1.00000028155478,1,1,1,0.16129032258064518
227,228,0,4354.1,0.0,7.0,70.0,0.5299999999999994,3.5,1.0,227.0,2.0,0.0,1.0000002815547795,1,1,1,0.19736842105263155
228,229,0,1657.0,1879.0,7.0,80.0,0.0199999999999995,0.3999999999999986,1.0,227.0,2.0,0.062,1.0000002815547795,1,0,1,0.2459016393442622
229,230,225,1333.0,631.7,5.0,40.0,15.3,100.6,1.0,164.0,5.0,4.68,1.00000028155478,1,0,1,0.1875
230,231,225,523.7999999999997,456.2,5.0,40.0,4.679999999999998,76.1,1.0,164.0,5.0,2.7,1.0000002815547795,1,0,1,0.015000000000000003
231,232,225,523.7999999999997,47.60000000000002,5.0,40.0,4.679999999999998,74.6,2.0,164.0,5.0,0.8500000000000001,0.5166432673376112,1,1,0,0.0225
232,233,0,7.193499999999858,0.0,0.0,25.0,9.999999999976694e-05,0.3120899999999977,6.0,62.0,300.0,0.0,0.0910082681989735,0,1,1,0.8695918886695088
233,234,0,663.75,0.0,2.0,25.0,0.1479999999999997,0.5653199999999998,6.0,62.0,200.0,0.1874999999999997,0.0910082681989735,0,1,0,0.8695918886695088
234,235,0,1507.0,2173.9,2.0,25.0,0.1739999999999995,0.7849099999999964,6.0,62.0,100.0,0.1249999999999997,0.0910082681989735,0,0,0,0.8695918886695088
235,236,0,32.09299999999985,0.0,0.0,25.0,0.0002999999999993,0.1897799999999989,6.0,160.0,300.0,0.0,0.0563518952334383,0,1,1,0.9879199295201813
236,237,0,0.0,0.0,2.0,25.0,0.0060000000000002,0.3195600000000027,6.0,160.0,200.0,0.1249999999999997,0.0563518952334383,0,1,0,0.9879199295201813
237,238,0,3032.9,0.0,2.0,25.0,0.0120000000000004,0.1514600000000001,6.0,160.0,100.0,0.0479,0.0563518952334383,0,1,0,0.9879199295201813
238,239,0,860.0,0.0,0.0,60.0,39.3,77.6,1.0,227.0,300.0,0.0,1.00000028155478,1,1,1,0.08108108108108109
239,240,225,620.0,0.0,0.0,60.0,22.0,76.0,1.0,227.0,300.0,0.0,1.0000002815547795,1,1,1,0.11111111111111112
240,241,225,2400.0,0.0,7.0,15.0,56.39999999999999,88.8,1.0,227.0,5.0,0.0,1.0000002815547795,1,1,1,0.11111111111111112
241,242,225,4300.0,280.0,7.0,15.0,48.0,83.20000000000002,1.0,227.0,5.0,0.0,1.0000002815547795,1,0,1,0.11111111111111112
242,243,225,4290.0,300.0,3.0,50.0,45.5,80.70000000000002,1.0,227.0,5.0,0.0,1.0000002815547795,1,0,1,0.11111111111111112
243,244,225,4240.0,300.0,5.0,50.0,45.4,81.0,1.0,227.0,5.0,0.0,1.0000002815547795,1,0,1,0.11111111111111112
244,245,225,4240.0,280.0,7.0,50.0,45.4,83.8,1.0,227.0,5.0,0.0,1.0000002815547795,1,0,1,0.11111111111111112
245,246,0,769.23,45.0,2.0,1.0,0.0283000000000015,17.8,1.0,225.0,25.0,0.0010229999999999,1.0000002815547795,1,1,0,0.18072289156626511
246,247,0,861.53,48.0,2.0,1.0,0.0316000000000009,17.8,1.0,225.0,25.0,0.0018599999999999,1.0000002815547795,1,0,1,0.18072289156626511
247,248,0,193.0,24.0,2.0,0.2999999999999971,0.011099999999999,17.8,1.0,225.0,25.0,0.0011099999999999,1.00000028155478,1,1,0,0.15384615384615383
248,249,0,190.0,21.0,2.0,0.2999999999999971,0.0109250000000002,17.8,1.0,225.0,25.0,0.0010185,1.00000028155478,1,0,1,0.15384615384615383
249,250,0,75.4699999999998,10.0,2.0,0.2000000000000028,0.0011624999999995,17.8,1.0,225.0,25.0,0.0001875,1.0000002815547795,1,1,0,0.10344827586206898
250,251,0,71.69999999999982,14.0,2.0,0.2000000000000028,0.0011100000000006,17.8,1.0,225.0,25.0,0.0003111,1.0000002815547795,1,0,1,0.10344827586206898
251,252,0,3.800000000000182,1.5,2.0,0.2000000000000028,7.775000000265209e-06,17.8,1.0,225.0,25.0,0.0001981800000003,1.0000002815547795,1,0,0,0.09677419354838711
252,253,0,3.800000000000182,12.0,2.0,0.2000000000000028,5.654999998938592e-06,17.8,1.0,225.0,25.0,0.0001981800000003,1.0000002815547795,1,0,0,0.09677419354838711
253,254,0,24528.0,3.0,2.0,0.2000000000000028,0.0012499999999988,50.0424,1.0,225.0,25.0,0.0002079999999999,1.0000002815547795,1,0,0,0.05555555555555556
254,255,0,16981.0,3.0,2.0,0.2000000000000028,9.000000000014552e-05,43.64,1.0,225.0,25.0,0.0,1.0000002815547795,1,1,1,0.05555555555555556
255,256,227,7412.0,168.0,0.0049999999999998,25.0,19.8,24.6,1.0,227.0,5.0,0.0,1.0000002815547802,1,0,1,0.20270270270270274
256,257,227,6052.0,520.0,0.0049999999999998,25.0,9.1,10.4,1.0,227.0,5.0,0.0,1.00000028155478,1,0,1,0.16574585635359118
257,258,227,9624.0,632.0,0.0049999999999998,25.0,7.9,8.3,1.0,227.0,5.0,0.0,1.00000028155478,1,0,1,0.24000000000000005
258,259,0,0.2699999999999818,0.0,0.0,80.0,1.8000000000000007,53.0,1.0,225.0,2.0,0.0,1.0000002815547802,1,1,1,1.5
259,260,0,275.8600000000001,0.0,0.0,80.0,1.3499999999999996,50.86,1.0,225.0,5.0,0.0,1.0000002815547802,1,1,1,1.5
260,261,0,275.8600000000001,0.0,0.0,80.0,1.3499999999999996,66.0,1.0,225.0,5.0,0.0,1.0000002815547802,1,1,1,1.5
261,262,0,2.039999999999964,0.0,0.0,80.0,0.3000000000000007,5.880000000000003,1.0,225.0,2.0,0.0,1.0000002815547802,1,1,1,0.75
262,263,0,0.6799999999998363,0.0,0.0,80.0,0.0899999999999998,5.68,1.0,225.0,20.000000000000007,0.0,1.0000002815547802,1,1,1,0.75
263,264,0,2482.75,827.586,8.0,80.0,0.2950000000000017,5.7400000000000055,1.0,225.0,5.0,0.1100000000000001,1.0000002815547802,1,0,1,0.75
264,265,0,2344.83,0.0,8.0,80.0,0.3410000000000011,5.670000000000002,1.0,225.0,5.0,0.0,1.0000002815547802,1,1,1,0.75
265,266,0,2711.86,1355.93,8.0,80.0,0.1999999999999993,4.600000000000001,1.0,225.0,5.0,0.104,1.0000002815547802,1,0,1,0.5
266,267,0,2305.0,0.0,8.0,80.0,0.1600000000000001,4.530000000000005,1.0,225.0,5.0,0.0,1.0000002815547802,1,1,1,0.5
267,268,0,3172.4,2068.9,8.0,80.0,0.2079999999999984,4.049999999999997,1.0,225.0,5.0,0.1171875,1.00000028155478,1,1,1,0.42857142857142855
268,269,0,1724.13,0.0,8.0,80.0,0.1430000000000006,3.82,1.0,225.0,5.0,0.0,1.00000028155478,1,1,1,0.42857142857142855
269,270,0,1.1300000000001091,0.0,0.0,80.0,0.120000000000001,2.9399999999999977,1.0,225.0,2.0,0.0,1.00000028155478,1,1,1,0.3333333333333333
270,271,0,0.8000000000001819,0.0,0.0,80.0,0.0700000000000002,2.530000000000001,1.0,225.0,20.000000000000007,0.0,1.00000028155478,1,1,1,0.3333333333333333
271,272,0,0.1100000000001273,0.0,0.0,80.0,0.0100000000000015,1.4690000000000012,1.0,225.0,140.0,0.0,1.00000028155478,1,1,1,0.3333333333333333
272,273,0,2847.4576,2847.4576,8.0,80.0,0.2089551999999983,3.2340000000000018,1.0,225.0,5.0,0.2089552000000001,1.00000028155478,1,1,1,0.3333333333333333
273,274,0,1491.52,0.0,8.0,80.0,0.1432000000000002,3.0900000000000034,1.0,225.0,5.0,0.0,1.00000028155478,1,1,1,0.3333333333333333
274,275,225,0.0,0.0,0.0,90.0,0.0,4.609999999999996,1.0,225.0,300.0,0.0,1.00000028155478,1,1,1,0.3333333333333333
275,276,225,32.539999999999964,0.0,0.0,90.0,0.65306,8.009999999999998,1.0,225.0,300.0,0.0,1.0000002815547795,1,1,1,0.30000000000000004
276,277,225,32.539999999999964,0.0,0.0,90.0,0.65306,12.21,1.0,225.0,300.0,0.0,1.0000002815547802,1,1,1,0.27272727272727276
277,278,225,63.59999999999991,0.0,0.0,90.0,0.7368000000000023,28.41,1.0,225.0,300.0,0.0,1.00000028155478,1,1,1,0.1875
278,279,225,68.09999999999991,0.0,0.0,90.0,2.526,40.31,1.0,225.0,300.0,0.0,1.00000028155478,1,1,1,0.13043478260869568
279,280,225,411.0999999999999,22.200000000000045,0.5,90.0,2.610000000000001,37.815,1.0,225.0,5.0,1.239,1.00000028155478,1,0,1,0.3333333333333333
280,281,225,512.9500000000003,24.049999999999955,0.5,90.0,4.210000000000001,36.97,1.0,225.0,5.0,0.0,1.0000002815547795,1,0,1,0.30000000000000004
281,282,225,637.02,40.779,0.5,90.0,6.309999999999999,36.13,1.0,225.0,5.0,0.0,1.0000002815547802,1,0,1,0.27272727272727276
282,283,225,538.8759999999997,57.39999999999998,0.5,90.0,13.11,50.4,1.0,225.0,5.0,0.0,1.00000028155478,1,0,1,0.1875
283,284,225,559.2399999999998,40.75999999999999,0.5,90.0,20.51,53.78,1.0,225.0,5.0,0.0,1.00000028155478,1,0,1,0.13043478260869568
284,285,0,171.19999999999982,0.169999999999959,0.0,20.0,4.34,39.07,2.0,227.0,300.0,0.0,0.5166432673376118,1,1,1,1.2500000000000004
285,286,227,210.52599999999984,5.2999999999999545,1.0,20.0,12.5,70.4,2.0,227.0,25.0,0.0,0.5166432673376117,1,0,1,0.7417582417582417
286,287,227,1.2399999999997815,1.0220000000000482,3.0,20.0,0.0793999999999996,69.9,2.0,227.0,200.0,2.06,0.5166432673376117,1,1,1,0.6308411214953267
287,288,225,170.0,22.0,0.2000000000000001,2.0,5.4,13.4,1.0,225.0,5.0,0.0,1.00000028155478,1,0,1,0.2508361204013378
288,289,225,230.0,45.0,0.2000000000000001,2.0,6.900000000000002,12.9,1.0,225.0,5.0,0.0,1.0000002815547795,1,0,1,0.2334630350194553
289,290,225,250.0,43.0,0.2000000000000001,2.0,9.9,17.6,1.0,225.0,5.0,0.0,1.00000028155478,1,0,1,0.20862308762169673
290,291,225,230.0,62.0,0.2000000000000001,2.0,8.4,21.6,1.0,225.0,5.0,1.92,1.0000002815547795,1,0,1,0.1850709438618137
291,292,225,440.0,250.0,0.2000000000000001,2.0,16.2,31.5,1.0,225.0,5.0,2.69,1.00000028155478,1,0,1,0.16242555495397945
292,293,225,420.0,310.0,0.2000000000000001,2.0,7.1,16.1,1.0,225.0,5.0,5.379999999999999,1.0000002815547795,1,0,1,0.14224751066856334
293,294,225,550.0,570.0,0.2000000000000001,2.0,6.199999999999999,14.9,1.0,225.0,5.0,6.923,1.0000002815547802,1,0,1,0.17889087656529515
294,295,0,391.3000000000002,173.89999999999998,2.0,30.0,0.0274999999999998,0.3547000000000011,1.0,161.0,60.0,0.00458,1.0000002815547795,1,1,0,0.12500000000000003
295,296,0,593.3999999999999,902.0,2.0,30.0,0.0183670000000013,0.375,1.0,62.0,60.0,0.0101999999999997,1.0000002815547795,1,1,0,0.09677419354838711
296,297,0,391.3000000000002,173.89999999999998,2.0,30.0,0.0274999999999998,0.3697999999999979,1.0,161.0,60.0,0.00458,1.0000002815547795,1,0,1,0.12500000000000003
297,298,0,593.3999999999999,902.0,2.0,30.0,0.0183670000000013,0.4080000000000012,1.0,62.0,60.0,0.0101999999999999,1.0000002815547795,1,0,1,0.09677419354838711
298,299,0,200.0,10.860000000000014,0.0,20.0,0.25,2.4200000000000017,1.0,62.0,300.0,0.0,1.00000028155478,1,0,1,0.07692307692307693
299,300,0,1583.915,254.052,1.0,10.0,36.6,39.07,2.0,227.0,5.0,0.656,0.5166432673376117,1,0,1,0.9642857142857143
300,301,227,1728.159,21.840000000000032,3.0,10.0,45.8,68.0,2.0,227.0,25.0,0.6999999999999997,0.5166432673376116,1,1,0,0.48214285714285715
301,302,227,17.449999999999818,0.8500000000000227,3.0,10.0,1.4499999999999993,48.05,2.0,227.0,300.0,0.09,0.5166432673376116,1,1,1,0.48214285714285715
302,303,227,2735.0,0.0,0.0,10.0,58.330000000000005,77.96,2.0,227.0,5.0,0.0,0.5166432673376116,1,1,1,0.5192307692307693
303,304,227,2155.09,86.0,2.0,10.0,48.815,74.4,2.0,227.0,5.0,1.72,0.5166432673376116,1,0,1,0.5192307692307693
304,305,227,1928.8,10.799999999999956,2.0,10.0,46.985,74.6,2.0,227.0,25.0,2.26,0.5166432673376116,1,0,1,0.5192307692307693
305,306,227,1540.9285,10.700000000000044,2.0,10.0,43.4385,73.97,2.0,227.0,50.0,2.8,0.5166432673376116,1,0,1,0.5192307692307693
306,307,227,678.8499999999999,32.33000000000004,2.0,10.0,31.396,75.48,2.0,227.0,100.0,3.86,0.5166432673376116,1,0,1,0.5192307692307693
307,308,227,522.5079999999998,6.091599999999971,2.0,10.0,13.72008,74.83,2.0,227.0,200.0,1.202,0.5166432673376116,1,0,1,0.5192307692307693
308,309,227,200.73800000000028,1.5744000000000824,2.0,10.0,1.529,69.97,2.0,227.0,300.0,0.4300000000000001,0.5166432673376116,1,1,1,0.5192307692307693
309,310,227,943.658,70.34199999999998,2.0,10.0,6.614722686,45.1,1.0,227.0,5.0,3.835,1.0000002815547795,1,0,1,0.16483516483516486
310,311,227,957.76,85.63,2.0,10.0,9.798922686,43.4,1.0,227.0,25.0,5.535,1.0000002815547795,1,0,1,0.16483516483516486
311,312,227,880.0,77.74000000000001,2.0,10.0,0.0141676860000004,40.0,1.0,227.0,50.0,4.255,1.0000002815547795,1,0,1,0.16483516483516486
312,313,227,408.44000000000005,112.875,2.0,10.0,1.731982686000002,25.74,1.0,227.0,100.0,6.6,1.0000002815547795,1,0,1,0.16483516483516486
313,314,227,487.0880000000002,22.575000000000045,2.0,10.0,13.2948,55.724,1.0,227.0,200.0,1.32,1.0000002815547795,1,0,1,0.16483516483516486
314,315,227,935.0,0.0,2.0,10.0,19.6378,66.16,1.0,227.0,300.0,0.0,1.0000002815547795,1,1,1,0.16483516483516486
315,316,0,47.82600000000002,30.0,6.0,60.0,0.5451999999999995,42.869634,1.0,55.0,10.0,0.0390286000000001,1.00000028155478,1,0,0,0.08108108108108109
316,317,0,35.5,130.0,6.0,60.0,0.5663,37.204934,1.0,55.0,10.0,0.0390286000000001,1.00000028155478,1,0,0,0.08108108108108109
317,318,225,1840.0,848.0,1.0,8.0,22.4,30.68,1.0,225.0,4.0,0.0,1.0000002815547795,1,0,1,0.10351966873706005
318,319,225,1793.0,800.0,1.0,8.0,9.75,27.55,1.0,225.0,4.0,0.0,1.0000002815547795,1,0,1,0.10351966873706005
319,320,225,1600.0,784.0,1.0,8.0,9.9,30.11,1.0,225.0,4.0,0.0,1.0000002815547795,1,0,1,0.10351966873706005
320,321,225,1520.0,720.0,1.0,8.0,9.629,33.06,1.0,225.0,4.0,0.0,1.0000002815547795,1,0,1,0.09980039920159682
321,322,225,1440.0,640.0,1.0,8.0,10.2439,35.4,1.0,225.0,4.0,0.0,1.0000002815547795,1,0,1,0.09980039920159682
322,323,225,1440.0,640.0,1.0,8.0,9.268,37.8,1.0,225.0,4.0,0.0,1.0000002815547795,1,0,1,0.09980039920159682
323,324,225,1360.0,480.0,1.0,8.0,10.3448,59.78,1.0,225.0,4.0,0.0,1.0000002815547795,1,0,1,0.09980039920159682
324,325,225,1191.0,473.0,1.0,8.0,17.78,112.416,1.0,225.0,4.0,0.0,1.0000002815547795,1,0,1,0.09980039920159682
325,326,225,1448.97,601.796,1.0,40.0,8.215799999999998,37.17,1.0,225.0,5.0,1.498,1.0000002815547795,1,0,1,0.09980039920159682
326,327,225,1443.868,433.7,1.0,40.0,7.668800000000001,33.385,1.0,225.0,50.0,0.68,1.0000002815547795,1,0,1,0.09980039920159682
327,328,225,1153.0,683.824,1.0,40.0,8.9,29.735,1.0,225.0,100.0,1.9,1.0000002815547795,1,0,1,0.09980039920159682
328,329,225,918.412,234.671,1.0,40.0,7.870000000000001,27.26,1.0,225.0,150.0,1.5,1.0000002815547795,1,0,1,0.09980039920159682
329,330,225,663.335,91.66499999999996,1.0,40.0,5.726000000000001,24.128,1.0,225.0,200.0,0.749,1.0000002815547795,1,0,1,0.09980039920159682
330,331,225,443.87199999999984,56.0,1.0,40.0,4.58,21.5,1.0,225.0,250.0,0.58,1.0000002815547795,1,0,1,0.09980039920159682
331,332,225,676.6700000000001,60.14599999999996,0.02,29.8,11.488,31.688,1.0,225.0,4.0,1.6369999999999998,1.0000002815547795,1,0,1,0.09980039920159682
332,333,225,721.7840000000001,180.44600000000003,0.0499999999999998,29.8,11.488,31.688,1.0,225.0,4.0,1.637,1.0000002815547795,1,0,1,0.09980039920159682
333,334,225,1030.184,533.957,0.5,11.239999999999998,10.76734,56.5132,1.0,225.0,4.0,0.0,1.0000002815547795,1,0,1,0.09980039920159682
334,335,225,1075.184,578.9,5.0,46.0,11.5954,39.2278,1.0,225.0,4.0,1.8438000000000003,1.0000002815547795,1,0,1,0.09980039920159682
335,336,0,260.4000000000001,81.11000000000001,7.0,80.0,1.2400000000000002,101.25,1.0,55.0,2.0,0.4399999999999999,1.0000002815547795,1,1,0,0.07894736842105264
336,337,0,268.9200000000001,79.29200000000003,7.0,80.0,0.5600000000000005,80.0,1.0,55.0,10.0,0.1599999999999999,1.0000002815547795,1,1,0,0.07894736842105264
337,338,0,234.4000000000001,113.716,7.0,80.0,0.0599999999999987,30.0,1.0,55.0,50.0,0.1200000000000001,1.0000002815547795,1,1,0,0.07894736842105264
338,339,141,577.7,871.02,0.0099999999999997,25.0,0.4899999999999984,3.2950000000000017,1.0,225.0,5.0,0.677,1.0000002815547795,1,0,1,0.25273799494524024
339,340,141,3467.27,1480.01,0.0099999999999997,25.0,0.5899999999999999,1.2779999999999987,1.0,225.0,5.0,0.1559999999999999,1.00000028155478,1,0,1,0.14527845036319614
340,341,141,229.74000000000024,159.24,0.0099999999999997,25.0,0.3000000000000007,2.259999999999998,1.0,225.0,5.0,0.1149999999999999,1.00000028155478,1,0,1,0.11885895404120443
341,342,141,2215.15,473.62,0.0099999999999997,25.0,0.8300000000000018,1.7199999999999989,1.0,225.0,5.0,0.167,1.00000028155478,1,0,1,0.11441647597254005
342,343,0,919.2,50.0,0.0,80.0,15.65256,65.82,1.0,212.0,300.0,0.0,1.0000002815547795,1,1,1,0.2459016393442622
343,344,0,821.5830000000001,50.0,0.0,80.0,15.65256,66.72,1.0,212.0,300.0,0.0,1.0000002815547795,1,1,1,0.30000000000000004
344,345,0,681.9000000000001,50.0,0.0,80.0,15.65256,51.22,1.0,212.0,300.0,0.0,1.0000002815547795,1,1,1,0.3409090909090911
345,346,0,620.483,50.0,0.0,80.0,15.65256,54.42,1.0,212.0,300.0,0.0,1.0000002815547795,1,1,1,0.2702702702702703
346,347,0,751.664,50.0,0.0,80.0,15.65256,58.91,1.0,212.0,300.0,0.0,1.00000028155478,1,1,1,0.21739130434782616
347,348,0,771.3600000000001,50.0,0.0,80.0,6.13996,45.92,1.0,212.0,300.0,0.0,1.00000028155478,1,1,1,0.25641025641025633
348,349,0,1026.1,0.0,1.0,80.0,16.77,73.32,1.0,212.0,5.0,0.0,1.0000002815547795,1,1,1,0.2459016393442622
349,350,0,907.19,0.0,1.0,80.0,19.35,74.62,1.0,212.0,5.0,0.0,1.0000002815547795,1,1,1,0.30000000000000004
350,351,0,730.0,0.0,1.0,80.0,13.548,57.92,1.0,212.0,5.0,0.0,1.0000002815547795,1,1,1,0.3409090909090911
351,352,0,743.6390000000001,0.0,1.0,80.0,13.548,59.92,1.0,212.0,5.0,0.0,1.0000002815547795,1,1,1,0.2702702702702703
352,353,0,873.4987099999998,0.0,1.0,80.0,15.48,65.42,1.0,212.0,5.0,0.0,1.00000028155478,1,1,1,0.21739130434782616
353,354,0,702.13958,0.0,1.0,80.0,11.935,51.62,1.0,212.0,5.0,0.0,1.00000028155478,1,1,1,0.25641025641025633
354,355,227,1045.0,0.0,0.0,30.0,12.0,41.21,2.0,186.0,300.0,0.0,0.5166432673376116,1,1,1,0.3970588235294118
355,356,227,232.0,0.0,0.0,30.0,3.2,28.28,2.0,186.0,300.0,0.0,0.5166432673376116,1,1,1,0.5192307692307693
356,357,227,1571.0,204.0,2.0,30.0,30.84054,87.20174,2.0,186.0,4.0,0.3478799999999999,0.5166432673376116,1,0,1,0.3970588235294118
357,358,227,974.0,254.0,2.0,30.0,0.1026999999999986,0.2087000000000003,2.0,186.0,4.0,0.0194,0.5166432673376116,1,0,1,0.5192307692307693
358,359,225,95.69000000000004,329.43,1.3,15.0,6.413399999999999,49.5,1.0,227.0,60.0,0.0,1.0000002815547795,1,0,1,0.08232711306256862
359,360,227,145.17999999999984,145.17999999999995,1.2000000000000002,15.0,1.307549999999999,33.75,1.0,225.0,60.0,0.0,1.00000028155478,1,1,1,0.09448818897637797
360,361,225,12180.0,135.0,5.0,60.0,38.148,48.0,1.0,227.0,5.0,0.0,1.00000028155478,1,0,1,0.375
361,362,225,12110.0,161.0,5.0,60.0,12.592,16.5,1.0,227.0,5.0,0.0,1.0000002815547802,1,0,1,0.27272727272727276
362,363,225,12040.0,143.00000000000006,5.0,60.0,14.81,19.0,1.0,227.0,5.0,0.0,1.0000002815547795,1,0,1,0.25000000000000006
363,364,225,1150.0,0.0,0.0,60.0,13.7,47.0,1.0,227.0,300.0,0.0,1.00000028155478,1,1,1,0.375
364,365,225,1160.0,0.0,0.0,60.0,6.699999999999999,16.3,1.0,227.0,300.0,0.0,1.0000002815547802,1,1,1,0.27272727272727276
365,366,225,1160.0,0.0,0.0,60.0,7.037000000000001,18.7,1.0,227.0,300.0,0.0,1.0000002815547795,1,1,1,0.25000000000000006
366,367,225,504.0,182.0,1.0,6.0,0.7741999999999987,9.394999999999996,1.0,194.0,5.0,0.0,1.0000002815547795,1,0,1,0.0037500000000000003
367,368,225,446.0,126.0,1.0,6.0,0.7742000000000022,9.394999999999996,1.0,194.0,5.0,0.0,1.0000002815547795,1,0,1,0.0037500000000000003
368,369,225,318.0,374.0,1.0,6.0,0.7742000000000022,9.394999999999996,1.0,194.0,5.0,0.0,1.0000002815547795,1,0,1,0.0037500000000000003
369,370,225,357.0,685.0,1.0,6.0,0.9118000000000012,9.394999999999996,1.0,194.0,5.0,0.0,1.0000002815547795,1,0,1,0.0037500000000000003
370,371,225,504.0,182.0,1.0,6.0,0.7741999999999987,9.394999999999996,1.0,194.0,5.0,0.0,1.0000002815547795,1,0,1,0.0037500000000000003
371,372,225,332.0,94.0,1.0,6.0,0.7742000000000022,9.394999999999996,1.0,194.0,5.0,0.0,1.0000002815547795,1,0,1,0.0037500000000000003
372,373,225,218.0,314.0,1.0,6.0,0.7742000000000022,9.394999999999996,1.0,194.0,5.0,0.0,1.0000002815547795,1,0,1,0.0037500000000000003
373,374,225,354.0,685.0,1.0,6.0,0.9118000000000012,9.394999999999996,1.0,194.0,5.0,0.0,1.0000002815547795,1,0,1,0.0037500000000000003
374,375,0,9130.43,1304.348,3.5,80.0,2.394399999999999,6.199999999999999,4.0,227.0,2.0,0.0,1.4741002706563435,1,0,1,0.13777777777777778
375,376,0,8478.26,1195.65,3.5,80.0,2.1099999999999994,6.199999999999999,4.0,227.0,2.0,0.0,1.4741002706563435,1,1,1,0.13777777777777778
376,377,0,10000.0,763.0,1.0,80.0,2.2456,5.789999999999999,4.0,227.0,2.0,0.0,1.4741002706563435,1,0,1,0.13777777777777778
377,378,0,9812.5,506.0,1.0,80.0,2.1750000000000007,5.75,4.0,227.0,8.0,0.0,1.4741002706563435,1,0,1,0.13777777777777778
378,379,0,9687.5,379.0,1.0,80.0,2.1750000000000007,5.75,4.0,227.0,10.0,0.0,1.4741002706563435,1,0,1,0.13777777777777778
379,380,0,8189.5,340.5,1.0,80.0,2.133000000000001,6.0,4.0,227.0,15.0,0.0,1.4741002706563435,1,0,1,0.13777777777777778
380,381,0,7920.689,178.86900000000003,1.0,80.0,2.1,5.978999999999996,4.0,227.0,20.000000000000007,0.0,1.4741002706563435,1,0,1,0.13777777777777778
381,382,0,7508.611999999999,124.743,1.0,80.0,2.0,6.199999999999999,4.0,227.0,25.0,0.0,1.4741002706563435,1,0,1,0.13777777777777778
382,383,0,7705.647499999999,179.2,1.0,80.0,1.9670000000000003,5.900000000000002,4.0,227.0,30.0,0.0,1.4741002706563435,1,0,1,0.13777777777777778
383,384,0,6289.9845,18.0,1.0,80.0,2.3000000000000025,6.150999999999996,4.0,227.0,40.0,0.0,1.4741002706563435,1,0,1,0.13777777777777778
384,385,0,3512.753,108.70600000000002,1.0,80.0,2.994,7.600000000000001,4.0,227.0,60.0,0.0,1.4741002706563435,1,0,1,0.13777777777777778
385,386,0,1397.7685,35.36850000000004,1.0,80.0,3.0,8.0,4.0,227.0,80.0,0.0,1.4741002706563435,1,0,1,0.13777777777777778
386,387,0,121.0,0.0,0.0,30.0,7.199999999999999,83.0,1.0,123.0,300.0,0.0,1.0000002815547795,1,1,1,0.14285714285714285
387,388,0,127.0,0.0,0.0,30.0,7.800000000000001,96.0,1.0,123.0,50.0,0.0,1.0000002815547795,1,1,1,0.14285714285714285
388,389,0,141.0,14.0,3.0,30.0,8.4,96.0,1.0,123.0,50.0,0.0,1.0000002815547795,1,1,1,0.14285714285714285
389,390,141,1484.0,1217.0,5.0,60.0,0.1230000000000011,3.3669999999999973,1.0,217.0,5.0,0.0923,1.00000028155478,1,0,1,0.8823529411764709
390,391,141,305.0,4408.0,5.0,50.0,0.1729999999999982,3.585000000000001,1.0,217.0,5.0,0.0045599999999996,1.0000002815547802,1,0,1,0.47619047619047644
391,392,141,1106.0,6350.0,5.0,60.0,0.1099999999999994,2.158999999999999,1.0,217.0,5.0,0.2596,1.0000002815547802,1,0,1,0.5725190839694654
392,393,227,97.0,0.0,1.5,15.0,8.125,61.6,1.0,227.0,20.000000000000007,0.0,1.0000002815547795,1,1,1,0.06382978723404256
393,394,227,360.0,0.0,1.5,15.0,20.0,63.24,1.0,227.0,20.000000000000007,0.0,1.0000002815547795,1,1,1,0.06382978723404256
394,395,0,15.0,0.0,1.5,15.0,3.9179999999999993,55.2,1.0,227.0,47.00000000000001,0.0,1.00000028155478,1,1,1,0.3333333333333333
395,396,0,1555.0,0.0,1.5,15.0,34.146,72.84,1.0,227.0,161.8,0.0,1.00000028155478,1,1,1,0.1875
396,397,225,8649.5,909.0,5.0,6.0,1.5625,5.625,1.0,63.0,5.0,1.125,1.00000028155478,1,0,1,0.23076923076923078
397,398,225,6995.0,726.9999999999999,5.0,6.0,1.5625,5.625,1.0,63.0,5.0,1.5,1.0000002815547795,1,1,1,0.005172413793103448
398,399,225,6944.0,2083.0,5.0,50.0,1.4580000000000002,7.0,1.0,63.0,10.0,0.486,1.0000002815547795,1,0,1,0.005172413793103448
399,400,225,5555.0,5121.9692,5.0,50.0,0.7699999999999996,7.0,1.0,63.0,20.000000000000007,0.0,1.0000002815547795,1,0,1,0.005172413793103448
400,401,225,4158.5,10414.0,3.0,50.0,0.6750000000000007,3.75,1.0,63.0,5.0,1.661,1.0000002815547795,1,0,1,0.005172413793103448
401,402,225,6621.96,8514.585999999998,4.0,50.0,1.0500000000000007,4.75,1.0,63.0,5.0,1.393,1.0000002815547795,1,0,1,0.005172413793103448
402,403,225,8823.154,6372.383,5.0,50.0,1484.5,6.5,1.0,63.0,5.0,1.484,1.0000002815547795,1,0,1,0.005172413793103448
403,404,225,9980.32,5325.26,6.0,50.0,1.7485,7.370000000000001,1.0,63.0,5.0,0.9685,1.0000002815547795,1,0,1,0.005172413793103448
404,405,62,2500.0,0.0,2.0,15.0,8.6,17.4,1.0,229.0,10.0,0.0,1.0000002815547795,1,1,1,0.06666666666666667
405,406,62,2600.0,0.0,2.0,15.0,10.1,20.3,1.0,229.0,10.0,0.0,1.00000028155478,1,1,1,0.06000000000000001
406,407,62,2650.0,0.0,2.0,15.0,7.6,15.4,1.0,229.0,10.0,0.0,1.0000002815547795,1,1,1,0.049999999999999996
407,408,62,950.0,0.0,2.0,15.0,4.900000000000002,17.9,1.0,229.0,10.0,0.0,1.00000028155478,1,1,1,0.09999999999999999
408,409,62,920.0,0.0,2.0,15.0,6.300000000000001,22.1,1.0,229.0,10.0,0.0,1.0000002815547795,1,1,1,0.08571428571428573
409,410,62,1250.0,0.0,2.0,15.0,6.6,19.8,1.0,229.0,10.0,0.0,1.0000002815547795,1,1,1,0.07500000000000001
410,411,62,1273.0,0.0,2.0,15.0,2.7,8.899999999999999,1.0,229.0,10.0,0.0,1.0000002815547795,1,1,1,0.06666666666666667
411,412,62,1000.0,0.0,2.0,15.0,0.3999999999999986,1.2999999999999972,1.0,229.0,10.0,0.0,1.00000028155478,1,1,1,0.06000000000000001
412,413,62,500.0,0.0,2.0,15.0,0.5999999999999996,2.3999999999999986,1.0,229.0,10.0,0.0,1.0000002815547795,1,1,1,0.05454545454545455
413,414,225,582.0000000000002,0.0,0.0,40.0,8.0,18.5,6.0,227.0,300.0,0.0,0.0703789374313228,0,1,1,0.2773595536018386
414,415,225,775.0,0.0,0.0,40.0,11.2,27.4,6.0,227.0,300.0,0.0,0.0703789374313228,0,1,1,0.2773595536018386
415,416,225,821.0,0.0,0.0,40.0,4.200000000000001,32.2,6.0,227.0,300.0,0.0,0.0703789374313228,0,1,1,0.2773595536018386
416,417,225,958.0,0.0,0.0,40.0,8.5,42.7,6.0,227.0,300.0,0.0,0.0703789374313228,0,1,1,0.2773595536018386
417,418,225,592.0000000000002,0.0,0.0,40.0,16.8,38.1,6.0,227.0,300.0,0.0,0.0703789374313228,0,1,1,0.2773595536018386
418,419,225,4263.0,104.0,5.0,40.0,11.0,17.7,6.0,227.0,5.0,0.0,0.0703789374313228,0,0,1,0.2773595536018386
419,420,225,6315.0,183.0,5.0,40.0,22.4,30.0,6.0,227.0,5.0,0.0,0.0703789374313228,0,0,1,0.2773595536018386
420,421,225,12334.0,612.0,5.0,40.0,22.5,34.5,6.0,227.0,5.0,0.0,0.0703789374313228,0,0,1,0.2773595536018386
421,422,225,12653.0,758.0,5.0,40.0,32.7,47.2,6.0,227.0,5.0,0.0,0.0703789374313228,0,0,1,0.2773595536018386
422,423,225,7820.0,584.0,5.0,40.0,33.5,41.0,6.0,227.0,5.0,0.0,0.0703789374313228,0,0,1,0.2773595536018386
423,424,225,5491.0,50.0,5.0,20.0,12.549,38.4,3.0,227.0,5.0,0.0,0.8059959770082347,1,0,1,0.25
424,425,225,5033.95,101.54999999999995,0.0,20.0,15.932,30.17,3.0,227.0,25.0,0.0,0.8059959770082347,1,0,1,0.25
425,426,225,3534.0,127.29500000000009,0.0,20.0,14.9,30.5,3.0,227.0,50.0,0.0,0.8059959770082347,1,0,1,0.25
426,427,225,2746.15,101.64999999999998,0.0,20.0,13.9,30.5,3.0,227.0,75.0,0.0,0.8059959770082347,1,0,1,0.25
427,428,225,2161.55,76.25,0.0,20.0,12.288,30.0,3.0,227.0,100.0,0.0,0.8059959770082347,1,0,1,0.25
428,429,225,1525.8,101.0,0.0,20.0,11.61,30.25,3.0,227.0,125.0,0.0,0.8059959770082347,1,0,1,0.25
429,430,225,941.295,76.89999999999998,0.0,20.0,10.763,30.339,3.0,227.0,150.0,0.0,0.8059959770082347,1,0,1,0.25
430,431,225,457.6150000000002,50.84500000000003,0.0,20.0,9.326,29.32,3.0,227.0,200.0,0.0,0.8059959770082347,1,0,1,0.25
431,432,225,511.6640000000002,25.559000000000083,0.0,20.0,6.5,27.967,3.0,227.0,250.0,0.0,0.8059959770082347,1,0,1,0.25
432,433,225,327.87300000000005,0.1990000000000691,0.0,20.0,6.0,26.187,3.0,227.0,300.0,0.0,0.8059959770082347,1,0,1,0.25
433,434,225,6785.782499999999,2755.17,5.0,20.0,22.82,32.9,3.0,227.0,5.0,0.0,0.8059959770082346,1,0,1,0.20689655172413793
434,435,225,5255.674,918.639,1.0,20.0,20.17,30.85,3.0,227.0,25.0,0.0,0.8059959770082346,1,0,1,0.20689655172413793
435,436,225,3724.686,407.967,1.0,20.0,16.4,31.538,3.0,227.0,50.0,0.0,0.8059959770082346,1,0,1,0.20689655172413793
436,437,225,2882.653,178.57100000000003,5.0,20.0,15.213,30.427,3.0,227.0,75.0,0.0,0.8059959770082346,1,0,1,0.20689655172413793
437,438,225,2168.6,25.200000000000045,1.0,20.0,13.675,30.34,3.0,227.0,100.0,0.0,0.8059959770082346,1,0,1,0.20689655172413793
438,439,225,1505.05,76.54999999999995,1.0,20.0,12.393,30.3,3.0,227.0,125.0,0.0,0.8059959770082346,1,0,1,0.20689655172413793
439,440,225,944.54,25.46000000000004,5.0,20.0,11.368,30.17,3.0,227.0,150.0,0.0,0.8059959770082346,1,0,1,0.20689655172413793
440,441,225,433.5,76.5,5.0,20.0,7.751999999999999,29.144,3.0,227.0,200.0,0.0,0.8059959770082346,1,0,1,0.20689655172413793
441,442,225,0.0,25.55899999999997,1.0,20.0,9.061,27.606,3.0,227.0,250.0,0.0,0.8059959770082346,1,0,1,0.20689655172413793
442,443,0,11898.92,1253.696,5.0,50.0,26.621,53.06,1.0,213.0,5.0,0.0,1.00000028155478,1,0,1,0.44117647058823545
443,444,213,8798.29,1478.24,5.0,50.0,26.621,50.74,1.0,194.0,5.0,0.0,1.00000028155478,1,0,1,0.44117647058823545
444,445,213,1634.436,223.87,5.0,50.0,25.577,45.3059,1.0,194.0,5.0,0.0,1.00000028155478,1,0,1,0.44117647058823545
445,446,213,873.4000000000001,13.28200000000004,5.0,50.0,22.55,43.4355,1.0,194.0,5.0,0.0,1.00000028155478,1,0,1,0.44117647058823545
446,447,227,26100.0,90.0,7.0,75.0,25.97665,67.0,1.0,227.0,5.0,0.0,1.00000028155478,1,0,1,0.4166666666666665
447,448,227,21700.0,50.0,7.0,75.0,29.0058,63.0,1.0,227.0,5.0,0.0,1.0000002815547802,1,0,1,0.22556390977443613
448,449,225,15300.0,2000.0,7.0,75.0,26.254200000000004,46.0,1.0,227.0,5.0,0.0,1.00000028155478,1,0,1,0.27522935779816515
449,450,0,13200.0,833.0,4.8,50.0,46.295,98.5,1.0,227.0,5.0,0.0,1.00000028155478,1,0,1,0.434153400868307
450,451,227,8310.0,961.2,3.8,50.0,50.8,83.3,1.0,227.0,5.0,0.0,1.0000002815547802,1,0,1,0.27272727272727276
451,452,0,251.0,280.8268,2.114,50.0,15.813,75.3,1.0,227.0,5.0,0.0,1.0000002815547795,1,0,1,0.035629453681710214
452,453,227,3010.0,830.0,5.6,50.0,38.835,86.3,1.0,227.0,5.0,0.0,1.0000002815547795,1,0,1,0.25000000000000006
453,454,161,3230.0,1020.0,5.0,50.0,2.18,6.699999999999999,1.0,227.0,5.0,0.845,1.0000002815547802,1,0,1,0.75
454,455,161,3100.0,1030.0,5.0,50.0,2.045,7.199999999999999,1.0,227.0,5.0,0.6759999999999999,1.0000002815547795,1,0,1,0.6000000000000001
455,456,161,3370.0,1110.0,5.0,50.0,2.45,7.5,1.0,227.0,5.0,0.591,1.0000002815547802,1,0,1,0.5
456,457,161,3100.0,1110.0,5.0,50.0,3.0600000000000005,8.3,1.0,227.0,5.0,0.92957,1.0000002815547802,1,0,1,0.5
457,458,161,546.0,0.0,0.0,50.0,0.7699999999999996,4.299999999999997,1.0,227.0,300.0,0.0,1.0000002815547802,1,1,1,0.75
458,459,161,559.0000000000002,0.0,0.0,50.0,0.6479999999999997,4.5,1.0,227.0,300.0,0.0,1.0000002815547795,1,1,1,0.6000000000000001
459,460,161,556.0,0.0,0.0,50.0,0.7029999999999994,4.699999999999999,1.0,227.0,300.0,0.0,1.0000002815547802,1,1,1,0.5
460,461,161,533.0,0.0,0.0,50.0,0.7699999999999996,5.0,1.0,227.0,300.0,0.0,1.0000002815547802,1,1,1,0.5
461,462,0,400.0,769.0,5.0,20.0,19.35,80.88,1.0,227.0,5.0,0.0,1.0000002815547795,1,0,1,0.1666666666666667
462,463,227,1700.0,280.0,5.0,20.0,100.0,109.0,1.0,15.0,5.0,0.0,1.00000028155478,1,0,1,0.19999999999999998
463,464,0,1400.0,147.0,5.0,20.0,100.0,122.8,1.0,15.0,5.0,0.0,1.0000002815547795,1,0,1,0.25000000000000006
464,465,0,0.0,0.0,0.0,20.0,6.0,73.3,1.0,227.0,300.0,0.0,1.0000002815547795,1,1,1,0.1666666666666667
465,466,227,650.0,0.0,0.0,20.0,81.81,75.0,1.0,15.0,300.0,0.0,1.00000028155478,1,1,1,0.19999999999999998
466,467,0,850.0,0.0,0.0,20.0,60.6,108.0,1.0,15.0,300.0,0.0,1.0000002815547795,1,1,1,0.25000000000000006
467,468,0,414.0,1115.5800000000002,3.0,30.0,22.8711,94.0,1.0,221.0,5.0,0.0,1.00000028155478,1,0,1,0.20689655172413798
468,469,229,174.0,188.886,3.0,30.0,14.8672,57.0,1.0,221.0,5.0,0.0,1.0000002815547795,1,0,1,0.13812154696132597
469,470,0,742.0,300.678,3.0,30.0,9.18118,183.0,3.0,182.0,5.0,0.0,0.8059959770082347,1,0,1,0.4054054054054055
470,471,229,423.0,110.77999999999996,0.0,30.0,44.874,162.0,1.0,58.0,300.0,0.0,1.0000002815547795,1,0,1,0.1573976915005247
471,472,0,605.0,305.046,3.0,30.0,17.03016,108.0,3.0,182.0,5.0,0.0,0.8059959770082344,1,0,1,0.391644908616188
472,473,229,247.0,101.80899999999995,0.0,30.0,30.498,97.0,1.0,58.0,300.0,0.0,1.0000002815547802,1,0,1,0.20632737276478685
473,474,225,7160.189999999999,1756.75,5.0,20.0,98.0,122.7,1.0,194.0,10.0,11.029,1.0000002815547795,1,0,1,0.25000000000000006
474,475,225,6483.63,803.95,5.0,20.0,86.0,116.78,1.0,194.0,50.0,4.54,1.0000002815547795,1,0,1,0.25000000000000006
475,476,225,5296.52,211.80650000000003,5.0,20.0,77.67,109.0,1.0,194.0,100.0,0.0,1.0000002815547795,1,0,1,0.25000000000000006
476,477,225,4068.0,126.63000000000004,5.0,20.0,69.88,110.79,1.0,194.0,150.0,0.0,1.0000002815547795,1,0,1,0.25000000000000006
477,478,225,3262.816,128.52800000000002,5.0,20.0,66.47,112.49,1.0,194.0,200.0,0.0,1.0000002815547795,1,0,1,0.25000000000000006
478,479,225,1991.5,43.5,5.0,20.0,66.96,118.45,1.0,194.0,300.0,0.0,1.0000002815547795,1,0,1,0.25000000000000006
479,480,227,378.0,0.0,0.0,25.0,2.0785,13.500999999999998,1.0,62.0,300.0,0.0,1.0000002815547795,1,1,1,0.17142857142857146
480,481,227,459.0,0.0,0.0,25.0,1.5760000000000003,11.105,1.0,62.0,300.0,0.0,1.0000002815547795,1,1,1,0.1090909090909091
481,482,227,1560.0,0.0,0.0,25.0,9.4571,20.365,1.0,62.0,300.0,0.0,1.0000002815547795,1,1,1,0.09677419354838711
482,483,194,395.24699999999984,50.68500000000006,5.0,50.0,52.2,63.415,1.0,225.0,5.0,0.0,1.00000028155478,1,0,1,0.06000000000000001
483,484,194,1111.3855,253.3855,5.0,50.0,29.26,21.14,1.0,225.0,5.0,0.0,1.0000002815547795,1,0,1,0.04838709677419356
484,485,194,952.618,141.7719999999999,5.0,50.0,6.725,16.9,1.0,225.0,5.0,0.4650000000000001,1.0000002815547795,1,0,1,0.042857142857142864
485,486,194,1155.295,175.635,5.0,50.0,5.427,15.938000000000002,1.0,225.0,5.0,0.386,1.0000002815547795,1,0,1,0.03947368421052632
486,487,194,952.612,148.635,5.0,50.0,4.614000000000001,15.0,1.0,225.0,5.0,0.386,1.0000002815547795,1,0,1,0.036585365853658534
487,488,194,986.3925,162.11950000000002,5.0,50.0,4.390000000000001,14.96,1.0,225.0,5.0,0.406,1.0000002815547795,1,0,1,0.034090909090909095
488,489,225,8895.3,5753.62,0.2000000000000001,80.0,28.3912,46.3912,1.0,227.0,10.0,0.0519200000000001,1.0000002815547795,1,0,1,0.3537735849056602
489,490,225,10174.58,8310.58,0.5,80.0,28.2552,46.8672,1.0,227.0,10.0,0.0519200000000001,1.00000028155478,1,0,1,0.3521126760563383
490,491,225,10814.11,9418.761,1.0,80.0,28.2568,46.8672,1.0,227.0,10.0,0.3305199999999999,1.00000028155478,1,0,1,0.25125628140703526
491,492,225,11279.07,9573.644,2.0,80.0,28.2568,46.8672,1.0,227.0,10.0,0.3305199999999999,1.00000028155478,1,0,1,0.25125628140703526
492,493,225,11744.25,8410.919999999998,5.0,80.0,36.1948,57.4624,1.0,227.0,10.0,0.0519200000000001,1.00000028155478,1,0,1,0.32051282051282054
493,494,225,1956.331,1369.513,2.0,80.0,0.0567800000000033,29.973600000000005,1.0,227.0,100.0,0.0,1.00000028155478,1,0,1,0.27985074626865664
494,495,225,499.92999999999984,57.07000000000005,2.0,80.0,0.6886799999999997,42.3878,1.0,227.0,200.0,0.0,1.0000002815547802,1,0,1,0.3036437246963561
495,496,225,182.1199999999999,0.0,2.0,80.0,0.65306,32.9494,1.0,227.0,300.0,0.0,1.00000028155478,1,1,1,0.2767527675276754
496,497,0,9025.0,1375.0,1.0,80.0,0.0569999999999986,0.7025000000000006,2.0,62.0,300.0,0.008,0.5166432673376116,1,0,1,0.10227272727272728
497,498,0,8025.0,1125.0,2.0,80.0,0.0509999999999983,0.684899999999999,2.0,62.0,300.0,0.0,0.5166432673376116,1,0,1,0.10227272727272728
498,499,0,7875.0,1125.0,3.0,80.0,0.0489999999999994,0.684899999999999,2.0,62.0,300.0,0.002,0.5166432673376116,1,0,1,0.10227272727272728
499,500,0,7725.0,1175.0,4.0,80.0,0.0489999999999994,0.7040000000000006,2.0,62.0,300.0,0.002,0.5166432673376116,1,0,1,0.10227272727272728
500,501,0,7550.0,1000.0,5.0,80.0,0.0470000000000006,0.684899999999999,2.0,62.0,300.0,0.0039999999999997,0.5166432673376116,1,0,1,0.10227272727272728
501,502,0,7300.0,1050.0,6.0,80.0,0.0485000000000006,0.7079999999999984,2.0,62.0,300.0,0.006,0.5166432673376116,1,0,1,0.10227272727272728
502,503,0,9215.75,393.25,6.5,80.0,0.0488999999999997,0.7100000000000009,2.0,62.0,300.0,0.0028000000000001,0.5166432673376116,1,0,1,0.10227272727272728
503,504,0,849.26,213.0,0.0,50.0,0.0159999999999982,0.4500000000000028,2.0,62.0,300.0,0.0,0.5166432673376116,1,0,1,0.10227272727272728
504,505,0,3188.679,5653.0,0.0,60.0,0.0420000000000015,0.6199999999999974,2.0,62.0,300.0,0.0,0.5166432673376116,1,0,1,0.10227272727272728
505,506,0,2754.78,518.0,1.0,50.0,0.0279999999999986,0.5499999999999972,2.0,62.0,300.0,0.0669999999999999,0.5166432673376116,1,0,1,0.10227272727272728
506,507,0,3188.7,2920.0,1.0,60.0,0.0444999999999993,0.6000000000000014,2.0,62.0,300.0,0.0295,0.5166432673376116,1,0,1,0.10227272727272728
507,508,136,10778.3,1580.0,5.0,20.0,58.1182,78.096,1.0,229.0,10.0,3.5438,1.0000002815547802,1,0,1,0.6976744186046517
508,509,136,10707.57,990.0,70.0,20.0,38.366,69.88,1.0,229.0,10.0,1.6319999999999997,1.0000002815547802,1,0,0,0.616016427104723
509,510,0,1025.62,153.48000000000002,2.0,20.0,24.565,33.7,1.0,123.0,300.0,0.0,1.00000028155478,1,0,1,0.42253521126760557
510,511,0,1358.528,75.87300000000005,2.0,20.0,20.869,36.4,1.0,123.0,300.0,0.0,1.00000028155478,1,1,1,0.42253521126760557
511,512,0,4255.0,0.0,2.0,20.0,25.0,36.8,1.0,123.0,300.0,0.0,1.00000028155478,1,1,1,0.42253521126760557
512,513,0,9355.89,76.88999999999999,2.0,20.0,25.0,43.6,1.0,225.0,300.0,0.0,1.00000028155478,1,1,1,0.42253521126760557
513,514,0,14021.056,487.043,2.0,20.0,26.0,46.8,1.0,225.0,300.0,0.0,1.00000028155478,1,0,1,0.42253521126760557
514,515,225,1875.236,1662.94,5.0,60.0,0.7669999999999995,7.449999999999999,1.0,227.0,5.0,0.767,1.00000028155478,1,1,1,0.17647058823529413
515,516,225,1398.6,1220.4,5.0,60.0,0.6705000000000005,6.056299999999997,1.0,227.0,5.0,0.6705,1.00000028155478,1,1,1,0.17647058823529413
516,517,225,1260.329,1116.5300000000002,5.0,60.0,10.9571,18.7163,1.0,227.0,5.0,0.5170999999999999,1.00000028155478,1,1,1,0.17647058823529413
517,518,225,1229.76,1029.63,5.0,60.0,10.9571,18.7163,1.0,227.0,5.0,0.5170999999999999,1.00000028155478,1,1,1,0.17647058823529413
518,519,225,1229.76,1002.68,5.0,60.0,0.5854999999999997,6.056300000000004,1.0,227.0,5.0,0.5855,1.00000028155478,1,1,1,0.17647058823529413
519,520,225,1147.63,960.57,5.0,60.0,10.9571,18.7163,1.0,227.0,5.0,0.5170999999999999,1.00000028155478,1,1,1,0.17647058823529413
520,521,225,1055.43,949.12,5.0,60.0,0.5624999999999982,7.25,1.0,227.0,5.0,0.5625,1.00000028155478,1,1,1,0.17647058823529413
521,522,225,1895.759,1895.0,6.0,60.0,0.1700000000000017,1.2999999999999972,1.0,62.0,5.0,0.1799999999999999,1.0000002815547795,1,0,1,0.07500000000000001
522,523,225,1907.9,1907.9,6.0,60.0,0.1600000000000001,1.2590000000000003,1.0,62.0,10.0,0.1599999999999999,1.0000002815547795,1,0,1,0.07500000000000001
523,524,225,1061.3475,730.0,0.0,60.0,0.1335000000000015,2.200000000000003,1.0,62.0,50.0,0.0894999999999999,1.0000002815547795,1,0,1,0.08571428571428573
524,525,225,312.87750000000005,75.0,0.0,60.0,0.0695000000000014,0.838000000000001,1.0,62.0,300.0,0.0169999999999999,1.0000002815547795,1,0,1,0.08571428571428573
525,526,0,787.0852,820.0,6.0,60.0,0.2723000000000013,1.4667340000000024,1.0,62.0,5.0,0.1100000000000001,1.00000028155478,1,0,1,0.13043478260869568
526,527,0,2202.7848,900.0,6.0,60.0,29.3106,45.7727,1.0,225.0,5.0,0.0309999999999999,1.0000002815547795,1,0,1,0.15000000000000002
527,528,225,1082.76,656.76,1.0,60.0,0.1445000000000007,1.5144999999999982,1.0,62.0,5.0,0.054,1.0000002815547795,1,0,1,0.07500000000000001
528,529,225,1144.92,842.644,2.0,60.0,0.1554999999999999,1.625,1.0,62.0,5.0,0.1125,1.0000002815547795,1,0,1,0.07500000000000001
529,530,225,1260.0,1030.0,3.0,60.0,0.1550000000000011,1.6499999999999986,1.0,62.0,5.0,0.1240000000000001,1.0000002815547795,1,0,1,0.07500000000000001
530,531,225,1322.5,1144.5,4.0,60.0,0.1660000000000003,1.6569999999999965,1.0,62.0,5.0,0.1519999999999999,1.0000002815547795,1,0,1,0.08571428571428573
531,532,225,1452.6,1452.6,5.0,60.0,0.1655000000000015,1.6764999999999972,1.0,62.0,5.0,0.1499999999999999,1.0000002815547795,1,0,1,0.08571428571428573
532,533,225,1976.41,1976.41,6.0,60.0,0.1700000000000017,1.2700000000000031,1.0,62.0,5.0,0.1699999999999999,1.0000002815547795,1,0,1,0.08571428571428573
