,c1,c2,c3,chemical_formula,crystal_structure,depth_nm,id,space_group_shell,structure,structure_,formula_combined,coer_oe,exc_bias_oe,fc_field_t,h_range_max_koe,length_d_nm,mr (emu/g),sat_em_g,shape,space_group_core,temperature_k,ver_shift_emu_g,width_nm
0,Zn1 O1,Fe2 Co1 O4,,"['ZnO', 'CoFe2O4']","hexagonal, cubic ",7.4,1,227,ZnO/CoFe2O4,ZnO/CoFe2O4,Zn1 O1 Fe2 Co1 O4,27800.0,-1132.0,5.0,50.0,7.399999999999999,13.76705,52.1524,1.0,186.0,5.0,0.0,7.399999999999999
1,Co1 O1,Fe2 Co1 O4,,"['CoO', 'CoFe2O4']","cubcic, cube",7.0,2,227,CoO/CoFe2O4,CoO/CoFe2O4,Co1 O1 Fe2 Co1 O4,7800.0,-406.0,5.0,50.0,7.0,43.2642,83.14,1.0,225.0,5.0,0.0,7.0
2,Mn1 Zn1 Fe4 O8,,,['Mn0.50Zn0.50Fe2O4'],cubic,17.0,3,0,Mn0.50Zn0.50Fe2O4,MnZnFe4O8,Mn1 Zn1 Fe4 O8,24.800000000000182,51.34000000000003,0.0,10.0,17.000000000000007,0.007799999999999585,2.289999999999999,1.0,227.0,300.0,0.0,17.0
3,Mn1 Zn1 Fe4 O8,,,['Mn0.50Zn0.50Fe2O4'],cubic,11.0,4,0,Mn0.5Zn0.5Fe2O4,MnZnFe4O8,Mn1 Zn1 Fe4 O8,90.19999999999982,108.17999999999995,0.0,10.0,11.0,0.02179999999999893,2.4299999999999997,1.0,227.0,300.0,0.0,11.0
4,Mn1 Zn1 Fe4 O8,,,['Mn0.50Zn0.50Fe2O4'],cubic,12.0,5,0,Mn0.5Zn0.5Fe2O4,MnZnFe4O8,Mn1 Zn1 Fe4 O8,40.070000000000164,8.919999999999959,0.0,10.0,12.0,0.34979999999999833,16.15,1.0,227.0,300.0,0.0,12.0
5,Mn1 Zn1 Fe4 O8,,,['Mn0.50Zn0.50Fe2O4'],cubic,18.0,6,0,Mn0.5Zn0.5Fe2O4,MnZnFe4O8,Mn1 Zn1 Fe4 O8,47.13000000000011,14.379999999999995,0.0,10.0,18.0,0.6546000000000003,18.75,1.0,227.0,300.0,0.0,17.999999999999996
6,Mn1 Zn1 Fe4 O8,,,['Mn0.50Zn0.50Fe2O4'],cubic,21.0,7,0,Mn0.5Zn0.5Fe2O4,MnZnFe4O8,Mn1 Zn1 Fe4 O8,109.34999999999991,2.830000000000041,0.0,10.0,21.000000000000007,9.273800000000001,81.48,1.0,227.0,300.0,0.0,21.0
7,La1 Fe1 O3,,,['LaFeO3'],orthorhombic,27.0,8,0,LaFeO3,LaFeO3,La1 Fe1 O3,830.0,0.0,0.0,60.0,27.0,0.7349999999999994,1.3235000000000028,1.0,62.0,5.0,-0.016999999999999904,27.0
8,La1 Fe1 O3,,,['LaFeO3'],orthorhombic,27.0,9,0,LaFeO3,LaFeO3,La1 Fe1 O3,894.0,-255.0,0.5,60.0,27.0,0.7349999999999994,1.3528999999999982,1.0,62.0,5.0,-0.04732000000000003,27.0
9,La1 Fe1 O3,,,['LaFeO3'],orthorhombic,27.0,10,0,LaFeO3,LaFeO3,La1 Fe1 O3,910.0,-296.0,1.0,60.0,27.0,0.7349999999999994,1.3528999999999982,1.0,62.0,5.0,0.017279999999999962,27.0
10,La1 Fe1 O3,,,['LaFeO3'],orthorhombic,27.0,11,0,LaFeO3,LaFeO3,La1 Fe1 O3,945.0,-344.0,2.0,60.0,27.0,0.7349999999999994,1.3823000000000008,1.0,62.0,5.0,0.043179999999999996,27.0
11,La1 Fe1 O3,,,['LaFeO3'],orthorhombic,27.0,12,0,LaFeO3,LaFeO3,La1 Fe1 O3,1077.0,-635.0,5.0,60.0,27.0,0.6999999999999993,1.4411699999999996,1.0,62.0,5.0,0.142857,27.0
12,La1 Fe1 O3,,,['LaFeO3'],orthorhombic,36.0,13,0,LaFeO3,LaFeO3,La1 Fe1 O3,894.0,0.0,0.0,60.0,36.0,0.05880000000000152,0.6499999999999986,1.0,62.0,5.0,-0.2999999999999998,36.0
13,La1 Fe1 O3,,,['LaFeO3'],orthorhombic,36.0,14,0,LaFeO3,LaFeO3,La1 Fe1 O3,985.0,-229.0,0.5,60.0,36.0,0.05880000000000152,0.6499999999999986,1.0,62.0,5.0,0.008800000000000141,36.0
14,La1 Fe1 O3,,,['LaFeO3'],orthorhombic,36.0,15,0,LaFeO3,LaFeO3,La1 Fe1 O3,1016.0,-350.0,1.0,60.0,36.0,0.05880000000000152,0.6499999999999986,1.0,62.0,5.0,0.01760000000000006,36.0
15,La1 Fe1 O3,,,['LaFeO3'],orthorhombic,36.0,16,0,LaFeO3,LaFeO3,La1 Fe1 O3,1074.0,-502.0,2.0,60.0,36.0,0.05880000000000152,0.6599999999999966,1.0,62.0,5.0,0.022999999999999687,36.0
16,La1 Fe1 O3,,,['LaFeO3'],orthorhombic,36.0,17,0,LaFeO3,LaFeO3,La1 Fe1 O3,1483.0,-2157.0,5.0,60.0,36.0,0.0519999999999996,0.6599999999999966,1.0,62.0,5.0,0.08400000000000007,36.0
17,Ni1,Ni1 O1,,"['Ni', 'NiO']","cubic, cubic",30.0,18,225,Ni–NiO,Ni–NiO,Ni1 Ni1 O1,634.0,-130.0,1.0,2.5,30.0,21.5,26.6,1.0,225.0,8.0,0.0,30.0
18,Ni1,Ni1 O1,,"['Ni', 'NiO']","cubic, cubic",30.0,19,225,Ni–NiO,Ni–NiO,Ni1 Ni1 O1,641.0,-137.00000000000006,1.0,2.5,30.0,21.5,26.4,1.0,225.0,8.0,0.0,30.0
19,Ni1,Ni1 O1,,"['Ni', 'NiO']","cubic, cubic",30.0,20,225,Ni–NiO,Ni–NiO,Ni1 Ni1 O1,379.0,-38.0,1.0,2.5,30.0,8.9,15.199999999999996,1.0,225.0,8.0,0.0,30.0
20,Ni1,Ni1 O1,,"['Ni', 'NiO']","cubic, cubic",30.0,21,225,Ni–NiO,Ni–NiO,Ni1 Ni1 O1,546.9999999999998,-73.0,1.0,2.5,30.0,10.7,14.699999999999996,1.0,225.0,8.0,0.0,30.0
21,Ni1,Ni1 O1,,"['Ni', 'NiO']","cubic, cubic",30.0,22,225,Ni–NiO,Ni–NiO,Ni1 Ni1 O1,534.0,-81.0,1.0,2.5,30.0,13.0,16.0,1.0,225.0,8.0,0.0,30.0
22,Ni1,Ni1 O1,,"['Ni', 'NiO']","cubic, cubic",30.0,23,225,Ni–NiO,Ni–NiO,Ni1 Ni1 O1,756.0,-109.0,1.0,2.5,30.0,12.8,16.5,1.0,225.0,8.0,0.0,30.0
23,Mg1 Fe2 O4,,,['MgFe2O4'],cubic,12.0,24,0,MgFe2O4,MgFe2O4,Mg1 Fe2 O4,8.449999999999818,0.0,0.0,20.0,12.0,0.14000000000000057,12.75,5.0,227.0,300.0,0.0,12.0
24,Mg1 Fe2 O4,,,['MgFe2O4'],cubic,16.0,25,0,MgFe2O4,MgFe2O4,Mg1 Fe2 O4,9.88000000000011,0.0,0.0,20.0,16.0,0.33999999999999986,18.61,5.0,227.0,300.0,0.0,16.0
25,Mg1 Fe2 O4,,,['MgFe2O4'],cubic,24.0,26,0,MgFe2O4,MgFe2O4,Mg1 Fe2 O4,22.340000000000146,0.0,0.0,20.0,24.0,1.2400000000000002,24.52,2.0,227.0,300.0,0.0,24.0
26,Mg1 Fe2 O4,,,['MgFe2O4'],cubic,33.0,27,0,MgFe2O4,MgFe2O4,Mg1 Fe2 O4,59.659999999999854,0.0,0.0,20.0,33.0,3.8100000000000005,29.42,2.0,227.0,300.0,0.0,33.0
27,Fe2 Co1 O4,,,['CoFe2O4'],cubic,17.7,28,0,CoFe2O4,CoFe2O4,Fe2 Co1 O4,1400.0,0.0,0.5,15.0,17.699999999999996,32.0,75.0,1.0,227.0,300.0,0.0,17.7
28,Fe1 Bi1 O3,,,['BiFeO3'],trigonal,20.4,29,0,BiFeO3,BiFeO3,Fe1 Bi1 O3,0.0,0.0,0.5,15.0,20.4,0.030000000000001137,0.11999999999999744,1.0,161.0,300.0,0.0,20.4
29,Fe2 Co1 O4,Fe1 Bi1 O3,,"['CoFe2O4', 'BiFeO3']","cubic, trigonal",24.3,30,161,CoFe2O4@BiFeO3,CoFe2O4@BiFeO3,Fe2 Co1 O4 Fe1 Bi1 O3,902.2494999999999,112.78100000000006,10.0,60.0,24.300000000000004,31.042,74.595,1.0,227.0,350.0,0.0,24.3
30,Fe2 Co1 O4,Fe1 Bi1 O3,,"['CoFe2O4', 'BiFeO3']","cubic, trigonal",24.3,31,161,CoFe2O4@BiFeO3,CoFe2O4@BiFeO3,Fe2 Co1 O4 Fe1 Bi1 O3,1316.317,226.736,10.0,60.0,24.300000000000004,39.222,79.167,1.0,227.0,300.0,0.0,24.3
31,Fe2 Co1 O4,Fe1 Bi1 O3,,"['CoFe2O4', 'BiFeO3']","cubic, trigonal",32.9,32,161,CoFe2O4@BiFeO3,CoFe2O4@BiFeO3,Fe2 Co1 O4 Fe1 Bi1 O3,1616.53,170.0,10.0,60.0,32.900000000000006,41.629000000000005,83.259,1.0,227.0,250.0,0.0,32.9
32,Fe2 Co1 O4,Fe1 Bi1 O3,,"['CoFe2O4', 'BiFeO3']","cubic, trigonal",24.3,33,161,CoFe2O4@BiFeO3,CoFe2O4@BiFeO3,Fe2 Co1 O4 Fe1 Bi1 O3,2594.2375,169.13099999999997,10.0,60.0,24.300000000000004,56.0,85.9,1.0,227.0,200.0,0.0,24.3
33,Fe2 Co1 O4,Fe1 Bi1 O3,,"['CoFe2O4', 'BiFeO3']","cubic, trigonal",24.3,34,161,CoFe2O4@BiFeO3,CoFe2O4@BiFeO3,Fe2 Co1 O4 Fe1 Bi1 O3,6052.7,112.77999999999997,10.0,60.0,24.300000000000004,67.858,87.0,1.0,227.0,100.0,0.0,24.3
34,Fe2 Co1 O4,Fe1 Bi1 O3,,"['CoFe2O4', 'BiFeO3']","cubic, trigonal",32.9,35,161,CoFe2O4@BiFeO3,CoFe2O4@BiFeO3,Fe2 Co1 O4 Fe1 Bi1 O3,7932.630999999999,56.17999999999995,10.0,60.0,32.900000000000006,71.226,87.5,1.0,227.0,50.0,0.0,32.9
35,Fe2 Co1 O4,Fe1 Bi1 O3,,"['CoFe2O4', 'BiFeO3']","cubic, trigonal",24.3,36,161,CoFe2O4@BiFeO3,CoFe2O4@BiFeO3,Fe2 Co1 O4 Fe1 Bi1 O3,4116.89,90.0,10.0,60.0,24.300000000000004,63.046,87.349,1.0,227.0,150.0,0.0,24.3
36,Fe2 Co1 O4,Fe1 Bi1 O3,,"['CoFe2O4', 'BiFeO3']","cubic, trigonal",32.9,37,161,CoFe2O4@BiFeO3,CoFe2O4@BiFeO3,Fe2 Co1 O4 Fe1 Bi1 O3,8966.0,50.0,10.0,60.0,32.900000000000006,73.151,87.83000000000001,1.0,227.0,5.0,0.0,32.9
37,Co1,Co1 O1,,"['Co', 'CoO']","hexagonal, cubic ",30.0,38,225,Co/CoO,Co/CoO,Co1 Co1 O1,538.4200000000001,-142.77999999999997,0.5,6.0,30.0,4.366099999999999,18.372,1.0,194.0,5.0,0.0,30.0
38,Co1,Co1 O1,,"['Co', 'CoO']","hexagonal, cubic ",30.0,39,225,Co/CoO,Co/CoO,Co1 Co1 O1,434.0,-137.21000000000004,0.5,6.0,30.0,4.366099999999999,18.372,1.0,194.0,5.0,0.0,30.0
39,Co1,Co1 O1,,"['Co', 'CoO']","hexagonal, cubic ",30.0,40,225,Co/CoO,Co/CoO,Co1 Co1 O1,280.0,-71.0,0.5,6.0,30.0,4.366099999999999,18.372,1.0,194.0,5.0,0.0,30.0
40,Co1,Co1 O1,,"['Co', 'CoO']","hexagonal, cubic ",30.0,41,225,Co/CoO,Co/CoO,Co1 Co1 O1,532.96,-346.379,0.5,6.0,30.0,4.366099999999999,18.372,1.0,194.0,5.0,0.0,30.0
41,Fe1 Rh1,,,['FeRh'],cubic,25.0,42,0,FeRh,FeRh,Fe1 Rh1,1661.3845,-952.57,1.0,0.10000000000000142,25.0,12.38458,31.36,1.0,221.0,2.0,0.0,25.0
42,Fe1 Rh1,,,['FeRh'],cubic,25.0,43,0,FeRh,FeRh,Fe1 Rh1,1322.79,-629.898,1.0,0.10000000000000142,25.0,11.453140000000001,55.691199999999995,1.0,221.0,2.0,0.0,25.0
43,Fe1 Rh1,,,['FeRh'],cubic,25.0,44,0,FeRh,FeRh,Fe1 Rh1,1070.862,-519.698,1.0,0.10000000000000142,25.0,15.9,20.040000000000003,1.0,221.0,2.0,0.0,25.0
44,Fe1 Rh1,,,['FeRh'],cubic,25.0,45,0,FeRh,FeRh,Fe1 Rh1,881.8975,-472.1585,1.0,0.10000000000000142,25.0,15.9,20.040000000000003,1.0,221.0,2.0,0.0,25.0
45,Fe1 Rh1,,,['FeRh'],cubic,200.0,46,0,FeRh,FeRh,Fe1 Rh1,806.3,-278.3,5.0,0.10000000000000142,200.0,5.9,31.04,1.0,221.0,2.0,0.0,200.0
46,Fe1 Rh1,,,['FeRh'],cubic,200.0,47,0,FeRh,FeRh,Fe1 Rh1,697.6950000000002,-185.144,5.0,0.10000000000000142,200.0,5.9,31.04,1.0,221.0,2.0,0.0,200.0
47,Fe1 Rh1,,,['FeRh'],cubic,200.0,48,0,FeRh,FeRh,Fe1 Rh1,636.065,-108.06499999999994,5.0,0.10000000000000142,200.0,5.9,31.04,1.0,221.0,2.0,0.0,200.0
48,Fe1 Rh1,,,['FeRh'],cubic,200.0,49,0,FeRh,FeRh,Fe1 Rh1,604.8299999999999,-76.83000000000004,5.0,0.10000000000000142,200.0,5.9,31.04,1.0,221.0,2.0,0.0,200.0
49,Mn1 O2,,,['MnO2'],tetragonal,0.0,50,0,MnO2,MnO2,Mn1 O2,145.0,-440.0,1.0,80.0,1000.0,0.021999999999998465,6.900000000000002,6.0,87.0,5.0,0.07000000000000006,20.0
50,Ag1,Fe3 O4,,"['Ag', 'Fe3O4']","cubic, cubic",65.0,51,227,Ag/Fe3O4,Ag/Fe3O4,Ag1 Fe3 O4,1186.0,-551.72,5.0,4.0,65.0,16.22,60.0,1.0,225.0,5.0,0.848,65.0
51,Ag1,Fe3 O4,,"['Ag', 'Fe3O4']","cubic, cubic",65.0,52,227,Ag/Fe3O4,Ag/Fe3O4,Ag1 Fe3 O4,1186.0,-551.72,1.0,4.0,65.0,16.22,60.0,1.0,225.0,5.0,0.0,65.0
52,Fe1,Fe2 O3,,"['Fe', 'Fe2O3']","cubic, cubic",11.65,53,212,Fe/γ-Fe2O3,Fe/Fe2O3,Fe1 Fe2 O3,2095.77,-96.76699999999994,5.0,4.0,11.649999999999999,247.96,384.56999999999994,1.0,229.0,5.0,111.36,11.649999999999999
53,Fe1,Fe2 O3,,"['Fe', 'Fe2O3']","cubic, cubic",11.65,54,212,Fe/γ-Fe2O3,Fe/Fe2O3,Fe1 Fe2 O3,1812.0,-1812.0,5.0,4.0,11.649999999999999,155.91,326.6,1.0,229.0,5.0,157.4,11.649999999999999
54,Fe1,Fe2 O3,,"['Fe', 'Fe2O3']","cubic, cubic",11.65,55,212,Fe/γ-Fe2O3,Fe/Fe2O3,Fe1 Fe2 O3,7238.0,-7238.0,5.0,4.0,11.649999999999999,117.33700000000002,326.6,1.0,229.0,5.0,116.99999999999999,11.649999999999999
55,Fe1 O1,Fe3 O4,,"['FeO', 'Fe3O4']","cubic, cubic",,56,227,FeO/Fe3O4,FeO/Fe3O4,Fe1 O1 Fe3 O4,4791.6396,-93.23059999999998,0.0,30.0,19.199999999999996,5.139999999999999,35.0,1.0,225.0,300.0,0.0,17.299999999999997
56,Fe1 O1,Fe3 O4,,"['FeO', 'Fe3O4']","cubic, cubic",,57,227,FeO/Fe3O4,FeO/Fe3O4,Fe1 O1 Fe3 O4,4705.465200000001,-82.03059999999994,0.0,30.0,19.199999999999996,8.954,41.0,1.0,225.0,300.0,0.0,17.299999999999997
57,Fe1 O1,Fe3 O4,,"['FeO', 'Fe3O4']","cubic, cubic",,58,227,FeO/Fe3O4,FeO/Fe3O4,Fe1 O1 Fe3 O4,4699.9292000000005,-82.03059999999994,0.0,30.0,19.199999999999996,10.8,53.0,1.0,225.0,300.0,0.0,17.299999999999997
58,Fe1 O1,Fe3 O4,,"['FeO', 'Fe3O4']","cubic, cubic",,59,227,FeO/Fe3O4,FeO/Fe3O4,Fe1 O1 Fe3 O4,13.0,0.0,0.0,30.0,19.199999999999996,0.28500000000000014,37.7,1.0,225.0,210.0,0.0,17.299999999999997
59,Fe1 O1,Fe3 O4,,"['FeO', 'Fe3O4']","cubic, cubic",,60,227,FeO/Fe3O4,FeO/Fe3O4,Fe1 O1 Fe3 O4,13.0,-2.5,5.0,30.0,19.199999999999996,0.2940000000000005,37.7,1.0,225.0,210.0,0.0,17.299999999999997
60,Fe1 O1,Fe3 O4,,"['FeO', 'Fe3O4']","cubic, monoclinic",,61,227,FeO/Fe3O4,FeO/Fe3O4,Fe1 O1 Fe3 O4,521.0,0.0,0.0,30.0,19.199999999999996,3.0950000000000024,37.0,1.0,225.0,120.0,0.0,17.299999999999997
61,Fe1 O1,Fe3 O4,,"['FeO', 'Fe3O4']","cubic, monoclinic",,62,227,FeO/Fe3O4,FeO/Fe3O4,Fe1 O1 Fe3 O4,560.0,-719.0,5.0,30.0,19.199999999999996,2.8000000000000007,37.0,1.0,225.0,120.0,3.99,17.299999999999997
62,Fe1 O1,Fe3 O4,,"['FeO', 'Fe3O4']","cubic, monoclinic",,63,227,FeO/Fe3O4,FeO/Fe3O4,Fe1 O1 Fe3 O4,2202.0,0.0,0.0,30.0,19.199999999999996,5.149000000000001,32.9,1.0,225.0,2.0,0.0,17.299999999999997
63,Fe1 O1,Fe3 O4,,"['FeO', 'Fe3O4']","cubic, monoclinic",,64,227,FeO/Fe3O4,FeO/Fe3O4,Fe1 O1 Fe3 O4,3195.5,-2878.5,5.0,30.0,19.199999999999996,8.3485,33.6,1.0,225.0,2.0,8.398000000000001,17.299999999999997
64,Fe1 O1,Fe3 O4,,"['FeO', 'Fe3O4']","cubic, monoclinic",,65,227,FeO/Fe3O4,FeO/Fe3O4,Fe1 O1 Fe3 O4,628.5,0.0,0.0,30.0,19.199999999999996,13.33,54.8,1.0,225.0,2.0,0.0,17.299999999999997
65,Fe1 O1,Fe3 O4,,"['FeO', 'Fe3O4']","cubic, monoclinic",,66,227,FeO/Fe3O4,FeO/Fe3O4,Fe1 O1 Fe3 O4,767.0,-329.0,5.0,30.0,19.199999999999996,22.313,54.8,1.0,225.0,2.0,9.188,17.299999999999997
66,Ni1 O1,,,['NiO'],cubic,,67,0,NiO,NiO,Ni1 O1,87.01999999999998,0.0,0.0,15.0,34.4,2.6500000000000004,0.17999999999999972,6.0,225.0,300.0,0.0,10.969999999999999
67,Fe3 O4,,,['Fe3O4'],cubic,33.0,68,0,Fe3O4,Fe3O4,Fe3 O4,22.409999999999854,0.0,0.0,15.0,33.0,1.6500000000000004,70.264,1.0,227.0,300.0,0.0,33.0
68,Fe3 O4,Ni1 O1,,"['Fe3O4', 'NiO']","cube, cube",52.02,69,227,NiO/Fe3O4,NiO/Fe3O4,Fe3 O4 Ni1 O1,37.090000000000146,0.0,0.0,15.0,52.02,1.3499999999999996,31.33,1.0,225.0,300.0,0.0,52.02
69,Ni1 O1,Fe3 O4,,"['NiO', 'Fe3O4']","cube, cube",31.75,70,225,Fe3O4/NiO,Fe3O4/NiO,Ni1 O1 Fe3 O4,100.28999999999996,0.0,0.0,15.0,31.75,2.16,40.03,1.0,227.0,300.0,0.0,31.75
70,Fe3 O4,Ni1 O1,,"['Fe3O4', 'NiO']","cube, cube",52.02,71,227,NiO/Fe3O4,NiO/Fe3O4,Fe3 O4 Ni1 O1,95.69000000000005,-329.43,2.4139999999999997,15.0,52.02,8.6,33.0,1.0,225.0,60.0,8.6,52.02
71,Ni1 O1,Fe3 O4,,"['NiO', 'Fe3O4']","cube, cube",31.75,72,225,Fe3O4/NiO,Fe3O4/NiO,Ni1 O1 Fe3 O4,145.17999999999984,145.17999999999995,1.214,15.0,31.75,8.16,44.89,1.0,227.0,60.0,-8.16,31.75
72,Fe4 Bi2 O9,Fe1 Bi1 O3,,"['Bi2Fe4O9', 'BiFeO3']",trigonal,19.0,73,161,Bi2Fe4O9/BiFeO3,Bi2Fe4O9/BiFeO3,Fe4 Bi2 O9 Fe1 Bi1 O3,1300.0,-1600.0,5.0,50.0,19.0,0.0519999999999996,1.3126999999999924,1.0,55.0,2.0,0.052999999999999936,19.0
73,Fe1 Bi1 O3,Fe4 Bi2 O9,,"['BiFeO3', 'Bi2Fe4O9']","trigonal, orthorhombic",13.0,74,55,BiFeO3/Bi2Fe4O9,BiFeO3/Bi2Fe4O9,Fe1 Bi1 O3 Fe4 Bi2 O9,1225.0,1825.0,5.0,50.0,13.000000000000007,0.045999999999999375,43.278,1.0,161.0,2.0,0.05400000000000005,13.0
74,Fe1 Bi1 O3,Fe4 Bi2 O9,,"['BiFeO3', 'Bi2Fe4O9']","trigonal, orthorhombic",19.0,75,55,BiFeO3/Bi2Fe4O9,BiFeO3/Bi2Fe4O9,Fe1 Bi1 O3 Fe4 Bi2 O9,900.0,-1500.0,5.0,50.0,19.0,0.0365000000000002,30.996299999999998,1.0,161.0,2.0,0.05800000000000005,19.0
75,Fe1 Bi1 O3,Fe4 Bi2 O9,,"['BiFeO3', 'Bi2Fe4O9']","trigonal, orthorhombic",13.0,76,55,BiFeO3/Bi2Fe4O9,BiFeO3/Bi2Fe4O9,Fe1 Bi1 O3 Fe4 Bi2 O9,750.0,1650.0,5.0,50.0,13.000000000000007,0.04899999999999949,43.278,1.0,161.0,2.0,0.06099999999999994,13.0
76,Ti1 O2,Fe2 O3,,"['TiO2', 'Fe2O3']","tetragonal, cubic",12.9,77,213,TiO2/Fe2O3,TiO2/Fe2O3,Ti1 O2 Fe2 O3,449.3800000000001,9.409999999999968,0.0,40.0,12.899999999999999,17.6,52.0,1.0,136.0,2.0,0.0,12.899999999999999
77,Ti1 O2,Fe2 O3,,"['TiO2', 'Fe2O3']","tetragonal, cubic",12.9,78,213,TiO2/Fe2O3,TiO2/Fe2O3,Ti1 O2 Fe2 O3,477.61400000000003,-84.70000000000005,1.0,40.0,12.899999999999999,22.13,51.385,1.0,136.0,2.0,3.77,12.899999999999999
78,Ti1 O2,Fe2 O3,,"['TiO2', 'Fe2O3']","tetragonal, cubic",12.9,79,213,TiO2/Fe2O3,TiO2/Fe2O3,Ti1 O2 Fe2 O3,471.34000000000015,-71.36000000000001,2.0,60.0,12.899999999999999,21.98,52.18,1.0,136.0,2.0,3.3,12.899999999999999
79,Ti1 O2,Fe2 O3,,"['TiO2', 'Fe2O3']","tetragonal, cubic",12.9,80,213,TiO2/Fe2O3,TiO2/Fe2O3,Ti1 O2 Fe2 O3,453.4000000000001,-64.76400000000001,4.0,60.0,12.899999999999999,21.963,60.513,1.0,136.0,2.0,2.8,12.899999999999999
80,Ti1 O2,Fe2 O3,,"['TiO2', 'Fe2O3']","tetragonal, cubic",12.9,81,213,TiO2/Fe2O3,TiO2/Fe2O3,Ti1 O2 Fe2 O3,415.0,5.0,0.0,40.0,12.899999999999999,17.09,50.3,1.0,136.0,10.0,0.0,12.899999999999999
81,Ti1 O2,Fe2 O3,,"['TiO2', 'Fe2O3']","tetragonal, cubic",12.9,82,213,TiO2/Fe2O3,TiO2/Fe2O3,Ti1 O2 Fe2 O3,429.0,-49.72500000000002,1.0,40.0,12.899999999999999,19.818,50.275,1.0,136.0,10.0,2.546,12.899999999999999
82,Ti1 O2,Fe2 O3,,"['TiO2', 'Fe2O3']","tetragonal, cubic",12.9,83,213,TiO2/Fe2O3,TiO2/Fe2O3,Ti1 O2 Fe2 O3,421.24000000000024,-41.960000000000036,3.0,60.0,12.899999999999999,19.4,48.91,1.0,136.0,10.0,2.4,12.899999999999999
83,Ti1 O2,Fe2 O3,,"['TiO2', 'Fe2O3']","tetragonal, cubic",12.9,84,213,TiO2/Fe2O3,TiO2/Fe2O3,Ti1 O2 Fe2 O3,55.121999999999844,2.419999999999959,0.0,40.0,12.899999999999999,3.1950000000000003,51.0,1.0,136.0,100.0,0.0,12.899999999999999
84,Ti1 O2,Fe2 O3,,"['TiO2', 'Fe2O3']","tetragonal, cubic",12.9,85,213,TiO2/Fe2O3,TiO2/Fe2O3,Ti1 O2 Fe2 O3,53.7800000000002,2.419999999999959,1.0,40.0,12.899999999999999,3.3450000000000006,48.85,1.0,136.0,100.0,-0.10000000000000009,12.899999999999999
85,Ti1 O2,Fe2 O3,,"['TiO2', 'Fe2O3']","tetragonal, cubic",12.9,86,213,TiO2/Fe2O3,TiO2/Fe2O3,Ti1 O2 Fe2 O3,53.0,2.419999999999959,2.0,60.0,12.899999999999999,3.375,50.6,1.0,136.0,100.0,-0.6600000000000001,12.899999999999999
86,Ti1 O2,Fe2 O3,,"['TiO2', 'Fe2O3']","tetragonal, cubic",12.9,87,213,TiO2/Fe2O3,TiO2/Fe2O3,Ti1 O2 Fe2 O3,20.11499999999978,1.3550000000000182,0.0,40.0,12.899999999999999,1.4420000000000002,52.5,1.0,136.0,300.0,0.0,12.899999999999999
87,Ti1 O2,Fe2 O3,,"['TiO2', 'Fe2O3']","tetragonal, cubic",12.9,88,213,TiO2/Fe2O3,TiO2/Fe2O3,Ti1 O2 Fe2 O3,19.88000000000011,-0.6585000000000036,1.0,40.0,12.899999999999999,1.4380000000000024,46.11,1.0,136.0,300.0,-0.139,12.899999999999999
88,Ti1 O2,Fe2 O3,,"['TiO2', 'Fe2O3']","tetragonal, cubic",12.9,89,213,TiO2/Fe2O3,TiO2/Fe2O3,Ti1 O2 Fe2 O3,20.81399999999985,-0.6589999999999918,2.0,60.0,12.899999999999999,1.5775000000000023,45.78,1.0,136.0,300.0,-0.06950000000000012,12.899999999999999
89,Fe3 O4,,,['Fe3O4'],cube,15.0,90,0,Fe3O4,Fe3O4,Fe3 O4,624.0999999999999,-15.0,3.0,20.0,15.0,33.04,57.0,1.0,227.0,5.0,3.8,15.0
90,Fe13 Co2 O20,,,['Co0.4Fe2.6O4'],cube,16.8,91,0,Co0.4Fe2.6O4,CoFe6.5O10,Fe13 Co2 O20,8336.0,-52.0,3.0,20.0,16.800000000000004,43.5,55.0,1.0,227.0,5.0,2.15,16.8
91,Fe23 Co7 O40,,,['Co0.7Fe2.3O4'],cube,18.6,92,0,Co0.7Fe2.3O4,CoFe3.22O5.6,Fe23 Co7 O40,10760.0,-70.0,3.0,20.0,18.6,36.47,51.0,1.0,227.0,5.0,0.0,18.6
92,Fe2 Co1 O4,,,['CoFe2O4'],cube,20.0,93,0,CoFe2O4,CoFe2O4,Fe2 Co1 O4,14563.0,-20.0,3.0,20.0,20.0,32.22,45.0,1.0,227.0,5.0,2.48,20.0
93,Fe1 Bi1 O3,,,['BiFeO3'],trigonal,18.0,94,0,BiFeO3,BiFeO3,Fe1 Bi1 O3,1219.58,-1219.58,6.5,50.0,18.0,0.048500000000000654,1.2590000000000003,1.0,161.0,10.0,0.04849999999999999,17.999999999999996
94,Fe1 Bi1 O3,,,['BiFeO3'],trigonal,18.0,95,0,BiFeO3,BiFeO3,Fe1 Bi1 O3,429.82000000000016,-1182.0,6.5,50.0,18.0,0.010500000000000398,0.8455000000000013,1.0,161.0,130.0,0.030999999999999917,17.999999999999996
95,Fe1 Bi1 O3,,,['BiFeO3'],trigonal,18.0,96,0,BiFeO3,BiFeO3,Fe1 Bi1 O3,1500.0,342.15,6.5,50.0,18.0,0.02499999999999858,0.6460000000000008,1.0,161.0,300.0,0.006000000000000005,17.999999999999996
96,Fe1 Bi1 O3,,,['BiFeO3'],trigonal,18.0,97,0,BiFeO3,BiFeO3,Fe1 Bi1 O3,1361.93,0.0,0.0,50.0,18.0,0.05699999999999861,1.240000000000002,1.0,161.0,10.0,0.0,17.999999999999996
97,Fe1 Bi1 O3,,,['BiFeO3'],trigonal,18.0,98,0,BiFeO3,BiFeO3,Fe1 Bi1 O3,901.8200000000002,0.0,0.0,50.0,18.0,0.02499999999999858,0.8400000000000034,1.0,161.0,130.0,0.0,17.999999999999996
98,Fe1 Bi1 O3,,,['BiFeO3'],trigonal,18.0,99,0,BiFeO3,BiFeO3,Fe1 Bi1 O3,2309.79,0.0,0.0,50.0,18.0,0.03900000000000148,0.671999999999997,1.0,161.0,300.0,0.0,17.999999999999996
99,Fe7 Co3,,,['Fe0.7Co0.3'],cubic,45.0,100,0,FeCo,FeCo,Fe7 Co3,3999.6,-0.10000000000002274,1.4,30.0,45.0,34.3,63.0,3.0,229.0,10.0,0.0,45.0
100,Fe7 Co3,,,['Fe0.7Co0.3'],cubic,48.0,101,0,FeCo,FeCo,Fe7 Co3,1299.65,399.95000000000005,1.4,30.0,48.0,28.0,59.95,3.0,229.0,150.0,0.0,48.0
101,Fe7 Co3,,,['Fe0.7Co0.3'],cubic,51.0,102,0,FeCo,FeCo,Fe7 Co3,849.7,49.89999999999998,1.2000000000000002,30.0,51.0,22.25,55.4,3.0,229.0,300.0,0.0,51.0
102,Fe1 Co1,,,['Fe0.5Co0.5'],cubic,45.0,103,0,FeCo,FeCo,Fe1 Co1,2899.7,0.0,2.0,30.0,45.0,39.33,97.30000000000001,3.0,229.0,10.0,0.6560000000000001,45.0
103,Fe1 Co1,,,['Fe0.5Co0.5'],cubic,48.0,104,0,FeCo,FeCo,Fe1 Co1,1499.0,0.0,2.1999999999999997,30.0,48.0,32.0,97.45000000000002,3.0,229.0,150.0,1.7440000000000002,48.0
104,Fe1 Co1,,,['Fe0.5Co0.5'],cubic,51.0,105,0,FeCo,FeCo,Fe1 Co1,799.6500000000001,0.049999999999954525,2.0,30.0,51.0,21.0,90.95,3.0,229.0,300.0,0.43000000000000016,51.0
105,Fe3 Co7,,,['Fe0.3Co0.7'],cubic,45.0,106,0,FeCo,FeCo,Fe3 Co7,3999.65,0.049999999999954525,1.4,30.0,45.0,21.6,18.3,3.0,229.0,10.0,0.0,45.0
106,Fe3 Co7,,,['Fe0.3Co0.7'],cubic,48.0,107,0,FeCo,FeCo,Fe3 Co7,2299.75,99.95000000000005,1.4,30.0,48.0,18.0,13.0,3.0,229.0,150.0,0.0,48.0
107,Fe3 Co7,,,['Fe0.3Co0.7'],cubic,51.0,108,0,FeCo,FeCo,Fe3 Co7,1099.75,-0.049999999999954525,1.2000000000000002,30.0,51.0,11.7,10.850000000000001,3.0,229.0,300.0,0.0,51.0
108,Fe1 O1,Fe3 O4,,"['FeO', 'Fe3O4']","cubic, cubic",20.0,109,227,FeO/Fe3O4,FeO/Fe3O4,Fe1 O1 Fe3 O4,1804.3,-1804.0,7.0,60.0,20.0,7.734999999999999,24.75,3.0,225.0,5.0,7.734999999999999,20.0
109,Fe1 O1,Fe3 O4,,"['FeO', 'Fe3O4']","cubic, cubic",16.0,110,227,FeO/Fe3O4,FeO/Fe3O4,Fe1 O1 Fe3 O4,1620.97,-781.28,7.0,60.0,16.0,10.5,25.45,1.0,225.0,5.0,3.74,16.0
110,Fe1 O1,Fe3 O4,,"['FeO', 'Fe3O4']","cubic, cubic",25.0,111,227,FeO/Fe3O4,FeO/Fe3O4,Fe1 O1 Fe3 O4,2044.82,-1022.0,7.0,60.0,25.0,7.1,19.21,7.0,225.0,5.0,3.717,25.0
111,Fe1 O1,Fe3 O4,,"['FeO', 'Fe3O4']","cubic, cubic",14.0,112,227,FeO/Fe3O4,FeO/Fe3O4,Fe1 O1 Fe3 O4,681.8299999999999,-471.0,0.10000000000000009,52.5,14.0,10.0,20.0,2.0,225.0,20.000000000000007,0.0,14.0
112,Fe1 O1,Fe3 O4,,"['FeO', 'Fe3O4']","cubic, cubic",32.0,113,227,FeO/Fe3O4,FeO/Fe3O4,Fe1 O1 Fe3 O4,2762.0,-2762.0,1.0,20.0,32.0,6.795,54.36,3.0,225.0,2.0,3.125,32.0
113,Fe1 O1,Fe3 O4,,"['FeO', 'Fe3O4']","cubic, cubic",35.0,114,227,FeO/Fe3O4,FeO/Fe3O4,Fe1 O1 Fe3 O4,2396.15,-2250.0,1.0,20.0,35.0,9.495,31.729,3.0,225.0,2.0,2.0,35.0
114,Fe1 O1,Fe3 O4,,"['FeO', 'Fe3O4']","cubic, cubic",35.0,115,227,FeO/Fe3O4,FeO/Fe3O4,Fe1 O1 Fe3 O4,959.2,-583.0,1.0,20.0,35.0,13.638,44.14,5.0,225.0,2.0,7.933999999999999,35.0
115,Fe1,Fe3 O4,,"['Fe', 'Fe3O4']","cubic, orthorhombic",13.8,116,62,Fe/Fe3O4,Fe/Fe3O4,Fe1 Fe3 O4,1897.0,-1190.0,1.0,10.0,13.800000000000004,28.9,31.0,1.0,229.0,5.0,0.0,13.799999999999997
116,Fe3 O4,,,['Fe3O4'],cubic,16.0,117,0,Fe3O4,Fe3O4,Fe3 O4,862.0,-133.0,1.0,10.0,16.0,76.8,84.0,1.0,62.0,5.0,0.4476000000000002,16.0
117,Fe1,Fe2 O3,,"['Fe', 'Fe2O3']","cubic,  cubic",15.0,118,212,Fe/γ-Fe2O3,Fe/γ-Fe2O3,Fe1 Fe2 O3,1361.79,-20.0,5.0,60.0,15.0,8.315700000000001,15.122500000000002,1.0,229.0,30.0,0.3699000000000001,15.0
118,Fe1,Fe2 O3,,"['Fe', 'Fe2O3']","cubic,  cubic",10.0,119,212,Fe/γ-Fe2O3,Fe/γ-Fe2O3,Fe1 Fe2 O3,2544.74,-1071.526,5.0,60.0,10.0,1.9715999999999987,15.246499999999997,1.0,229.0,15.0,0.514774,10.0
119,Fe1,Fe2 O3,,"['Fe', 'Fe2O3']","cubic,  cubic",8.0,120,212,Fe/γ-Fe2O3,Fe/γ-Fe2O3,Fe1 Fe2 O3,2545.0,-2188.0,5.0,60.0,8.0,1.9715999999999987,15.246499999999997,1.0,229.0,10.0,0.626774,8.0
120,Fe1,Fe2 O3,,"['Fe', 'Fe2O3']","cubic,  cubic",15.0,121,212,Fe/γ-Fe2O3,Fe/γ-Fe2O3,Fe1 Fe2 O3,5159.4368,-1600.0,1.0,60.0,15.0,27.19526,53.7118,1.0,229.0,5.0,0.0,15.0
121,Fe1,Fe2 O3,,"['Fe', 'Fe2O3']","cubic,  cubic",10.0,122,212,Fe/γ-Fe2O3,Fe/γ-Fe2O3,Fe1 Fe2 O3,2124.4,-3500.0,1.0,60.0,10.0,13.376,32.5288,1.0,229.0,5.0,0.0009120000000000239,10.0
122,Fe1 O1,Fe3 O4,,"['FeO', 'Fe3O4']","cubic,  cubic",18.0,123,227,FeO/Fe3O4,FeO/Fe3O4,Fe1 O1 Fe3 O4,1538.46,-1000.0,0.0,50.0,18.0,16.23,38.9,2.0,225.0,300.0,0.0,17.999999999999996
123,Fe1,Fe2 O3,,"['Fe', 'Fe2O3']","cubic,  cubic",11.3,124,212,Fe/γ-Fe2O3,Fe/γ-Fe2O3,Fe1 Fe2 O3,10873.37,-22459.0,7.0,10.0,11.300000000000004,0.9845000000000006,0.9889999999999972,1.0,229.0,5.0,2.046,11.299999999999997
124,Fe1,Fe2 O3,,"['Fe', 'Fe2O3']","cubic,  cubic",11.3,125,212,Fe/γ-Fe2O3,Fe/γ-Fe2O3,Fe1 Fe2 O3,14972.9325,-18003.0,9.0,10.0,11.300000000000004,1.3524999999999991,5.227,1.0,229.0,5.0,1.957,11.299999999999997
125,Fe1,Fe2 O3,,"['Fe', 'Fe2O3']","cubic,  cubic",17.9,126,212,Fe/γ-Fe2O3,Fe/γ-Fe2O3,Fe1 Fe2 O3,7232.800000000001,-140.00000000000006,2.0,20.0,17.900000000000006,30.2472,48.348,1.0,229.0,5.0,0.9259999999999999,17.9
126,Fe1,Fe2 O3,,"['Fe', 'Fe2O3']","cubic,  cubic",23.3,127,212,Fe/γ-Fe2O3,Fe/γ-Fe2O3,Fe1 Fe2 O3,1359.636,-964.9,1.36,20.0,23.300000000000004,7.199999999999999,20.862,1.0,229.0,5.0,4.79,23.3
127,La2 Mn1 Fe1 O6,,,['La2FeMnO6'],orthorhombic,,128,0,La2FeMnO6,La2FeMnO6,La2 Mn1 Fe1 O6,933.9200000000001,-932.0,0.10000000000000009,15.0,32.69800000000001,0.7800000000000011,7.538,1.0,62.0,15.0,-0.010000000000000009,32.698
128,La2 Mn1 Fe1 O6,,,['La2FeMnO6'],orthorhombic,,129,0,La2FeMnO6,La2FeMnO6,La2 Mn1 Fe1 O6,206.0,-865.6,0.10000000000000009,15.0,32.69800000000001,0.5365000000000002,5.942,1.0,62.0,50.0,-0.031500000000000083,32.698
129,La2 Mn1 Fe1 O6,,,['La2FeMnO6'],orthorhombic,,130,0,La2FeMnO6,La2FeMnO6,La2 Mn1 Fe1 O6,176.32699999999977,-122.37400000000002,0.10000000000000009,15.0,32.69800000000001,0.2220000000000013,20.870000000000005,1.0,62.0,100.0,-0.020000000000000018,32.698
130,La2 Mn1 Fe1 O6,,,['La2FeMnO6'],orthorhombic,,131,0,La2FeMnO6,La2FeMnO6,La2 Mn1 Fe1 O6,919.3,-510.4,0.10000000000000009,15.0,25.472,4.3255620000000015,11.450636,1.0,62.0,250.0,0.0008750000000001812,25.472
131,V1 Fe1 O4,Fe3 O4,,"['FeVO4', 'Fe3O4']","triclinic,cubic ",40.0,132,227,FeVO4-Fe3O4,FeVO4-Fe3O4,V1 Fe1 O4 Fe3 O4,107.0,-13.0,2.0,10.0,40.0,55.5196734,64.7492,1.0,1.0,5.0,-0.0019999999999997797,40.0
132,V1 Fe1 O4,Fe3 O4,,"['FeVO4', 'Fe3O4']","triclinic,cubic ",40.0,133,227,FeVO4-Fe3O4,FeVO4-Fe3O4,V1 Fe1 O4 Fe3 O4,450.0,-78.0,2.0,10.0,40.0,55.5196734,64.7492,1.0,1.0,5.0,-0.00625999999999971,40.0
133,La1 Fe1 O3,,,['LaFeO3'],cubic,44.0,134,0,LaFeO3,LaFeO3,La1 Fe1 O3,5250.0,-650.0,0.0,20.0,44.0,0.0009100000000010766,0.0024999999999977263,1.0,221.0,300.0,0.0,44.0
134,La1 Fe1 O3,,,['LaFeO3'],cubic,49.0,135,0,LaFeO3,LaFeO3,La1 Fe1 O3,4750.0,-254.0,0.0,20.0,49.0,0.00036300000000011323,0.003500000000002501,1.0,221.0,300.0,0.0,49.0
135,La1 Fe1 O3,,,['LaFeO3'],cubic,64.0,136,0,LaFeO3,LaFeO3,La1 Fe1 O3,1750.0,-250.0,0.0,20.0,64.0,0.000226999999998867,0.003500000000002501,1.0,221.0,300.0,0.0,64.0
136,La1 Fe1 O3,,,['LaFeO3'],cubic,44.0,137,0,LaFeO3,LaFeO3,La1 Fe1 O3,1000.0,-2275.0,8.0,20.0,44.0,49.7217,104.71600000000001,1.0,221.0,10.0,34.8796,44.0
137,La1 Fe1 O3,,,['LaFeO3'],cubic,49.0,138,0,LaFeO3,LaFeO3,La1 Fe1 O3,1125.0,-2120.0,8.0,20.0,49.0,49.7217,104.71600000000001,1.0,221.0,10.0,34.8796,49.0
138,La1 Fe1 O3,,,['LaFeO3'],cubic,64.0,139,0,LaFeO3,LaFeO3,La1 Fe1 O3,750.0,-800.0,8.0,20.0,64.0,21.746,49.988,1.0,221.0,10.0,0.0880000000000003,64.0
139,La1 Fe1 O3,,,['LaFeO3'],orthorhombic,37.86,140,0,LaFeO3,LaFeO3,La1 Fe1 O3,5275.5,-511.81,0.0,10.0,37.86,0.0036999999999984823,0.0045000000000001705,1.0,62.0,300.0,0.0,37.86
140,La1 Fe1 O3,,,['LaFeO3'],orthorhombic,43.0,141,0,LaFeO3,LaFeO3,La1 Fe1 O3,1063.17,-1972.0,0.8,10.0,43.0,0.0022500000000000853,0.004699999999999704,1.0,62.0,10.0,0.00014500000000006175,43.0
141,Au1,Fe3 O4,,"['Au', 'Fe3O4']","cubic, cubic",11.9,142,227,Au-Fe3O4,Au-Fe3O4,Au1 Fe3 O4,3257.5,-1814.6,5.0,60.0,11.899999999999999,1.9715999999999987,10.698599999999995,1.0,225.0,2.0,0.626774,11.899999999999999
142,Au1,Fe3 O4,,"['Au', 'Fe3O4']","cubic, cubic",11.9,143,227,Au-Fe3O4,Au-Fe3O4,Au1 Fe3 O4,2751.248,-1350.0,5.0,60.0,11.899999999999999,1.9715999999999987,8.322700000000005,1.0,225.0,2.0,0.4639740000000001,11.899999999999999
143,Au1,Fe3 O4,,"['Au', 'Fe3O4']","cubic, cubic",10.5,144,227,Au-Fe3O4,Au-Fe3O4,Au1 Fe3 O4,502.30999999999995,-502.0,5.0,60.0,10.5,12.598720000000004,24.520199999999996,1.0,225.0,100.0,0.77266,10.5
144,Fe3 O4,,,['Fe3O4'],cubic,9.8,145,0,Fe3O4,Fe3O4,Fe3 O4,181.0,-181.0,5.0,60.0,9.800000000000004,2.1541200000000025,29.5176,1.0,227.0,200.0,1.3638000000000001,9.799999999999997
145,Gd1 Ti1 Fe9 Bi9 O30,,,['Bi0.9Gd0.1Fe0.9Ti0.1O3'],hexagonal,12.0,146,0,Bi0.9Gd0.1Fe0.9Ti0.1O3,Bi0.9Gd0.1Fe0.9Ti0.1O3,Gd1 Ti1 Fe9 Bi9 O30,6000.0,-79.0,6.0,30.0,12.0,0.8000000000000007,2.6000000000000014,1.0,227.0,150.0,0.006000000000000005,12.0
146,Sr11 Nd39 Co50 Cu97 O150,,,['Nd0.78Sr0.22CoO3'],orthorhombic,89.0,147,0,Nd0.78Sr0.22CoO3,Nd0.78Sr0.22CoO3,Sr11 Nd39 Co50 Cu97 O150,6088.8,-149.24,0.20000000000000018,70.0,89.0,1.0,29.4,1.0,62.0,2.0,0.0,89.0
147,Sr11 Nd39 Co50 Cu97 O150,,,['Nd0.78Sr0.22CoO3'],orthorhombic,89.0,148,0,Nd0.78Sr0.22CoO3,Nd0.78Sr0.22CoO3,Sr11 Nd39 Co50 Cu97 O150,8899.6785,-30.66999999999996,5.0,70.0,89.0,1.6999999999999993,21.626,1.0,62.0,8.0,0.0,89.0
148,Sr11 Nd39 Co50 Cu97 O150,,,['Nd0.78Sr0.22CoO3'],orthorhombic,90.0,149,0,Nd0.78Sr0.22CoO3,Nd0.78Sr0.22CoO3,Sr11 Nd39 Co50 Cu97 O150,6342.6,-402.9,5.0,70.0,90.0,2.5359999999999996,20.4,1.0,62.0,10.0,0.0,90.0
149,Sr11 Nd39 Co50 Cu97 O150,,,['Nd0.78Sr0.22CoO3'],orthorhombic,89.0,150,0,Nd0.78Sr0.22CoO3,Nd0.78Sr0.22CoO3,Sr11 Nd39 Co50 Cu97 O150,2142.85,-1877.7820000000002,5.0,70.0,89.0,3.33,13.439999999999998,1.0,62.0,50.0,0.0,89.0
150,Sr11 Nd39 Co50 Cu97 O150,,,['Nd0.78Sr0.22CoO3'],orthorhombic,89.0,151,0,Nd0.78Sr0.22CoO3,Nd0.78Sr0.22CoO3,Sr11 Nd39 Co50 Cu97 O150,2144.5,-1877.7820000000002,5.0,70.0,89.0,3.7680000000000007,10.100000000000001,1.0,62.0,75.0,0.0,89.0
151,Sr11 Nd39 Co50 Cu97 O150,,,['Nd0.78Sr0.22CoO3'],orthorhombic,89.0,152,0,Nd0.78Sr0.22CoO3,Nd0.78Sr0.22CoO3,Sr11 Nd39 Co50 Cu97 O150,1458.4,-1711.4,5.0,70.0,89.0,3.7680000000000007,8.600000000000001,1.0,62.0,100.0,0.0,89.0
152,Fe3 O4,Co1 O1,,"['Fe3O4', 'CoO']","cubic, cubic",6.74,153,225,Fe3O4/CoO,Fe3O4/CoO,Fe3 O4 Co1 O1,20800.0,-2800.0,10.0,45.0,6.740000000000002,33.9812,66.03999999999999,1.0,227.0,5.0,0.006200000000000205,6.740000000000002
153,Fe3 O4,Co1 O1,,"['Fe3O4', 'CoO']","cubic, cubic",6.74,154,225,Fe3O4/CoO,Fe3O4/CoO,Fe3 O4 Co1 O1,17600.0,-2600.0,10.0,45.0,6.740000000000002,33.9812,58.44,1.0,227.0,5.0,0.006199999999999983,6.740000000000002
154,Fe2 Co1 O4,,,['CoFe2O4'],cubic,9.3,155,0,CoFe2O4,CoFe2O4,Fe2 Co1 O4,9460.0,0.0,0.0,60.0,9.300000000000004,48.0,86.9,1.0,227.0,5.0,0.0,9.299999999999997
155,Fe2 Co1 O4,Co1 O1,,"['CoFe2O4', 'CoO']","cubic, cubic",12.4,156,225,CoFe2O4-CoO,CoFe2O4-CoO,Fe2 Co1 O4 Co1 O1,11900.0,0.0,0.0,60.0,12.399999999999999,30.0,55.3,1.0,227.0,5.0,0.0,12.399999999999999
156,Fe2 Co1 O4,,,['CoFe2O4'],cubic,9.3,157,0,CoFe2O4,CoFe2O4,Fe2 Co1 O4,9470.0,0.0,7.0,60.0,9.300000000000004,48.0,86.9,1.0,227.0,5.0,0.0,9.299999999999997
157,Fe2 Co1 O4,Co1 O1,,"['CoFe2O4', 'CoO']","cubic, cubic",12.4,158,225,CoFe2O4-CoO,CoFe2O4-CoO,Fe2 Co1 O4 Co1 O1,13950.0,-3650.0,7.0,60.0,12.399999999999999,39.1,55.7,1.0,227.0,5.0,0.0,12.399999999999999
158,Cu98,Fe1 O50,,"['Cu0.98', 'Fe0.02O']","cubic, cubic",12.6,159,225,Fe/CuO,Fe/CuO,Cu98 Fe1 O50,14.0,0.0,0.0,80.0,12.599999999999994,0.0002999999999993008,0.02499999999999858,1.0,229.0,300.0,0.0,12.600000000000001
159,Cu96,Fe1 O25,,"['Cu0.96', 'Fe0.04O']","cubic, cubic",7.9,160,225,Fe/CuO,Fe/CuO,Cu96 Fe1 O25,17.0,0.0,0.0,80.0,7.899999999999999,0.0021999999999984254,0.17199999999999704,1.0,229.0,300.0,0.0,7.899999999999999
160,Cu98,Fe1 O50,,"['Cu0.98', 'Fe0.02O']","cubic, cubic",12.6,161,225,Fe/CuO,Fe/CuO,Cu98 Fe1 O50,761.0,-530.6,3.01,80.0,12.599999999999994,0.012000000000000455,0.11500000000000199,1.0,229.0,10.0,0.012400000000000189,12.600000000000001
161,Cu96,Fe1 O25,,"['Cu0.96', 'Fe0.04O']","cubic, cubic",7.9,162,225,Fe/CuO,Fe/CuO,Cu96 Fe1 O25,995.0,-906.4,4.6,80.0,7.899999999999999,0.08200000000000074,0.3440000000000012,1.0,229.0,10.0,0.012400000000000189,7.899999999999999
162,Cu98,Fe1 O50,,"['Cu0.98', 'Fe0.02O']","cubic, cubic",12.6,163,225,Fe/CuO,Fe/CuO,Cu98 Fe1 O50,91.0,-249.0,1.0000000000000002,80.0,12.599999999999994,0.03859999999999886,25.3078,1.0,229.0,100.0,0.0,12.600000000000001
163,Cu96,Fe1 O25,,"['Cu0.96', 'Fe0.04O']","cubic, cubic",7.9,164,225,Fe/CuO,Fe/CuO,Cu96 Fe1 O25,25.0,-94.0,0.0,80.0,7.899999999999999,0.13200000000000145,25.3078,1.0,229.0,100.0,0.0,7.899999999999999
164,Cu98,Fe1 O50,,"['Cu0.98', 'Fe0.02O']","cubic, cubic",12.6,165,225,Fe/CuO,Fe/CuO,Cu98 Fe1 O50,247.0,-1335.0,5.5,80.0,12.599999999999994,0.019300000000001205,2.251800000000003,1.0,229.0,5.0,0.05733999999999995,12.600000000000001
165,Cu96,Fe1 O25,,"['Cu0.96', 'Fe0.04O']","cubic, cubic",7.9,166,225,Fe/CuO,Fe/CuO,Cu96 Fe1 O25,41.0,-1318.0,5.5,80.0,7.899999999999999,0.027000000000001023,2.4798000000000044,1.0,229.0,5.0,0.05734000000000017,7.899999999999999
166,Fe2 O3,,,['Fe2O3'],trigonal,17.0,167,0,α-Fe2O3,α-Fe2O3,Fe2 O3,115.00500000000011,-131.00000000000006,0.0,40.0,17.000000000000007,0.015000000000000568,59.641740000000006,3.0,161.0,30.0,0.00026999999999999247,17.0
167,Fe2 O3,,,['Fe2O3'],trigonal,17.0,168,0,α-Fe2O3,α-Fe2O3,Fe2 O3,125.23000000000002,-165.23000000000002,0.0,40.0,17.000000000000007,0.0019999999999988916,59.641740000000006,3.0,161.0,30.0,0.0024699999999999722,17.0
168,Fe2 O3,,,['Fe2O3'],trigonal,17.0,169,0,α-Fe2O3,α-Fe2O3,Fe2 O3,250.0,-1025.0,2.0,40.0,17.000000000000007,0.0037999999999982492,70.36974000000001,3.0,161.0,100.0,0.0044280000000000985,17.0
169,Fe2 O3,,,['Fe2O3'],trigonal,17.0,170,0,α-Fe2O3,α-Fe2O3,Fe2 O3,579.1500000000001,-113.5,2.0,40.0,17.000000000000007,0.08510000000000062,51.242000000000004,3.0,161.0,200.0,0.0,17.0
170,Ni1 O1,,,['NiO'],cubic,4.0,171,0,NiO,NiO,Ni1 O1,2285.7,-900.0,8.0,80.0,4.0,0.3999999999999986,5.800000000000004,1.0,225.0,5.0,0.010699999999999932,4.0
171,Ni1 O1,,,['NiO'],cubic,9.0,172,0,NiO,NiO,Ni1 O1,2857.1,-2750.0,8.0,80.0,9.000000000000007,0.41300000000000026,3.049999999999997,1.0,225.0,5.0,0.18599999999999994,9.0
172,Fe1 Bi1 O3,,,['BiFeO3'],trigonal,20.0,173,0,BiFeO3,BiFeO3,Fe1 Bi1 O3,239.34000000000015,250.0,2.0,20.0,20.0,0.07900000000000063,1.5745000000000005,1.0,161.0,300.0,0.07899999999999996,20.0
173,Fe1 Bi1 O3,,,['BiFeO3'],trigonal,30.0,174,0,BiFeO3,BiFeO3,Fe1 Bi1 O3,1135.5,984.37,2.0,20.0,30.0,0.11700000000000088,1.5850000000000009,1.0,161.0,300.0,0.09200000000000008,30.0
174,Fe1 Bi1 O3,,,['BiFeO3'],trigonal,40.0,175,0,BiFeO3,BiFeO3,Fe1 Bi1 O3,1041.71,-677.0,2.0,20.0,40.0,0.11899999999999977,1.1835000000000022,1.0,161.0,300.0,0.04699999999999993,40.0
175,Sr3 La17 Fe20 O60,,,['La0.85Sr0.15FeO3'],orthorhombic,18.49,176,0,La0.85Sr0.15FeO3,La0.85Sr0.15FeO3,Sr3 La17 Fe20 O60,2812.5,-812.5,0.06000000000000005,15.0,18.490000000000002,17.71,30.0,1.0,62.0,193.0,-0.005999999999999783,18.49
176,Co1,Co3 O4,,"['Co', 'Co3O4']","cubic, cubic",27.0,177,227,Co/Co3O4,Co/Co3O4,Co1 Co3 O4,569.3430000000001,-124.13999999999993,1.0,20.0,27.0,34.375,122.0,1.0,225.0,5.0,12.0,27.0
177,Co1,Co3 O4,,"['Co', 'Co3O4']","cubic, cubic",27.0,178,227,Co/Co3O4,Co/Co3O4,Co1 Co3 O4,583.3400000000004,-123.24000000000001,1.0,20.0,27.0,32.07,116.0,1.0,225.0,5.0,6.25,27.0
178,Co1,Co3 O4,,"['Co', 'Co3O4']","cubic, cubic",27.0,179,227,Co/Co3O4,Co/Co3O4,Co1 Co3 O4,626.8,-148.59500000000003,1.0,20.0,27.0,32.9245,105.0,1.0,225.0,5.0,6.030999999999999,27.0
179,Co1,Co3 O4,,"['Co', 'Co3O4']","cubic, cubic",27.0,180,227,Co/Co3O4,Co/Co3O4,Co1 Co3 O4,738.96,-183.82,1.0,20.0,27.0,27.919,90.42,1.0,225.0,5.0,5.930999999999999,27.0
180,Co1,Co3 O4,,"['Co', 'Co3O4']","cubic, cubic",27.0,181,227,Co/Co3O4,Co/Co3O4,Co1 Co3 O4,724.6379999999999,-210.52999999999997,1.0,20.0,27.0,15.923,56.9,1.0,225.0,5.0,3.5,27.0
181,Co1,Co3 O4,,"['Co', 'Co3O4']","cubic, cubic",27.0,182,227,Co/Co3O4,Co/Co3O4,Co1 Co3 O4,631.5799999999999,-147.35999999999996,1.0,20.0,27.0,6.5,32.0,1.0,225.0,5.0,0.8,27.0
182,Co1,Co3 O4,,"['Co', 'Co3O4']","cubic, cubic",27.0,183,227,Co/Co3O4,Co/Co3O4,Co1 Co3 O4,222.0,-36.60000000000002,1.0,20.0,27.0,0.6875,9.55,1.0,225.0,5.0,0.11250000000000004,27.0
183,Co1,Co3 O4,,"['Co', 'Co3O4']","cubic, cubic",27.0,184,227,Co/Co3O4,Co/Co3O4,Co1 Co3 O4,194.72400000000016,-26.442000000000007,1.0,20.0,27.0,0.19099999999999895,4.600000000000001,1.0,225.0,5.0,0.03200000000000003,27.0
184,Co1,Co3 O4,,"['Co', 'Co3O4']","cubic, cubic",27.0,185,227,Co/Co3O4,Co/Co3O4,Co1 Co3 O4,265.0,-21.5,1.0,20.0,27.0,0.05099999999999838,3.0,1.0,225.0,5.0,0.004999999999999893,27.0
185,Mn3 O4,,,['Mn3O4'],tetragonal,30.0,186,0,Mn3O4,Mn3O4,Mn3 O4,1086.0,-1086.0,1.0,20.0,30.0,10.2571,46.00596,1.0,141.0,10.0,2.238,30.0
186,Mn3 O4,,,['Mn3O4'],tetragonal,60.0,187,0,Mn3O4,Mn3O4,Mn3 O4,574.9999999999998,-575.0,1.0,20.0,60.0,17.0812,32.0,1.0,141.0,10.0,2.319,60.0
187,Mn3 O4,,,['Mn3O4'],tetragonal,90.0,188,0,Mn3O4,Mn3O4,Mn3 O4,273.0,-273.0,1.0,20.0,90.0,10.2571,44.9449,1.0,141.0,10.0,2.339,90.0
188,Fe3 O4,Co1 O1,,"['Fe3O4', 'CoO']","cubic, cubic",10.2,189,225,Fe3O4@CoO,Fe3O4@CoO,Fe3 O4 Co1 O1,2900.0,-1290.0,7.0,60.0,10.199999999999996,10.912600000000001,27.732699999999998,1.0,227.0,5.0,0.958574,10.200000000000003
189,Fe3 O4,Co1 O1,,"['Fe3O4', 'CoO']","cubic, cubic",10.2,190,225,Fe3O4@CoO,Fe3O4@CoO,Fe3 O4 Co1 O1,7035.0,-3430.0,7.0,60.0,10.199999999999996,19.610799999999998,33.6393,1.0,227.0,5.0,1.723,10.200000000000003
190,Fe3 O4,Co1 O1,,"['Fe3O4', 'CoO']","cubic, cubic",10.2,191,225,Fe3O4@CoO,Fe3O4@CoO,Fe3 O4 Co1 O1,11200.0,-4020.0,7.0,60.0,10.199999999999996,20.13,33.0,1.0,227.0,5.0,0.0,10.200000000000003
191,Fe3 O4,Co1 O1,,"['Fe3O4', 'CoO']","cubic, cubic",10.2,192,225,Fe3O4@CoO,Fe3O4@CoO,Fe3 O4 Co1 O1,12700.0,-5100.0,7.0,60.0,10.199999999999996,37.76,59.0,1.0,227.0,5.0,0.0,10.200000000000003
192,Co1,Co1 O1,,"['Co', 'CoO']","hexagonal, cubic",6.0,193,225,Co/CoO,Co/CoO,Co1 Co1 O1,7619.0,-3773.58,5.0,50.0,6.0,40.7799,65.7824,1.0,194.0,10.0,3.8854,6.0
193,Co1,Co1 O1,,"['Co', 'CoO']","hexagonal, cubic",6.0,194,225,Co/CoO,Co/CoO,Co1 Co1 O1,6415.09,-5283.0,5.0,50.0,6.0,20.879399999999997,35.6712,1.0,194.0,10.0,1.7324320000000002,6.0
194,Co1,Co1 O1,,"['Co', 'CoO']","hexagonal, cubic",6.0,195,225,Co/CoO,Co/CoO,Co1 Co1 O1,6037.7,-5283.0,5.0,50.0,6.0,20.879399999999997,35.6712,1.0,194.0,10.0,1.7324320000000002,6.0
195,Co1,Co1 O1,,"['Co', 'CoO']","hexagonal, cubic",15.0,196,225,Co/CoO,Co/CoO,Co1 Co1 O1,543.7434999999998,-147.76,1.0,5.0,15.0,9.4,40.36,1.0,194.0,5.0,1.632,15.0
196,Co1,Co1 O1,,"['Co', 'CoO']","hexagonal, cubic",15.0,197,225,Co/CoO,Co/CoO,Co1 Co1 O1,546.7224999999999,-14.700000000000045,1.0,5.0,15.0,8.1,38.0,1.0,194.0,5.0,0.1299999999999999,15.0
197,Co1,Co1 O1,,"['Co', 'CoO']","hexagonal, cubic",15.0,198,225,Co/CoO,Co/CoO,Co1 Co1 O1,561.4970000000001,177.29700000000003,1.0,5.0,15.0,8.16,38.8,1.0,194.0,5.0,-2.0245,15.0
198,Co1,Co1 O1,,"['Co', 'CoO']","hexagonal, cubic",45.0,199,225,Co/CoO,Co/CoO,Co1 Co1 O1,241.8499999999999,-54.0,1.0,5.0,45.0,1.4320000000000004,4.5,1.0,194.0,5.0,0.3540000000000001,45.0
199,Co1,Co1 O1,,"['Co', 'CoO']","hexagonal, cubic",45.0,200,225,Co/CoO,Co/CoO,Co1 Co1 O1,239.6300000000001,-7.740000000000009,1.0,5.0,45.0,1.4789999999999992,4.5,1.0,194.0,5.0,0.022999999999999687,45.0
200,Co1,Co1 O1,,"['Co', 'CoO']","hexagonal, cubic",45.0,201,225,Co/CoO,Co/CoO,Co1 Co1 O1,241.82859999999982,65.56000000000006,1.0,5.0,45.0,1.4194999999999993,4.5,1.0,194.0,5.0,-0.2549999999999999,45.0
201,Sr33 La67 Mn100 O300,,,['La0.67Sr0.33MnO3'],trigonal,9.4,202,0,La0.67Sr0.33MnO3,La0.67Sr0.33MnO3,Sr33 La67 Mn100 O300,580.7197999999996,0.007499999999936335,0.0,50.0,9.399999999999999,2.2140000000000004,13.46,1.0,161.0,329.99999999999994,0.0,9.399999999999999
202,Sr33 La67 Mn100 O300,,,['La0.67Sr0.33MnO3'],trigonal,9.4,203,0,La0.67Sr0.33MnO3,La0.67Sr0.33MnO3,Sr33 La67 Mn100 O300,580.7197999999996,0.007499999999936335,0.0,50.0,9.399999999999999,5.4,17.17,1.0,161.0,300.0,0.0,9.399999999999999
203,Sr33 La67 Mn100 O300,,,['La0.67Sr0.33MnO3'],trigonal,9.4,204,0,La0.67Sr0.33MnO3,La0.67Sr0.33MnO3,Sr33 La67 Mn100 O300,210.14339999999993,1.1073000000000093,0.0,50.0,9.399999999999999,19.45,35.38,1.0,161.0,200.0,0.0,9.399999999999999
204,Sr33 La67 Mn100 O300,,,['La0.67Sr0.33MnO3'],trigonal,9.4,205,0,La0.67Sr0.33MnO3,La0.67Sr0.33MnO3,Sr33 La67 Mn100 O300,284.6918000000005,-4.870000000000118,0.0,50.0,9.399999999999999,33.184,56.312,1.0,161.0,5.0,0.0,9.399999999999999
205,Sr33 La67 Mn100 O300,,,['La0.67Sr0.33MnO3'],trigonal,9.4,206,0,La0.67Sr0.33MnO3,La0.67Sr0.33MnO3,Sr33 La67 Mn100 O300,191.2800000000002,-1.4600000000000364,0.0009999999999998899,44.0,9.399999999999999,13.9,42.0254,1.0,161.0,4.0,0.0,9.399999999999999
206,Sr33 La67 Mn100 O300,,,['La0.67Sr0.33MnO3'],trigonal,9.4,207,0,La0.67Sr0.33MnO3,La0.67Sr0.33MnO3,Sr33 La67 Mn100 O300,168.82900000000018,-12.299999999999955,0.009999999999999787,44.0,9.399999999999999,13.9,42.0254,1.0,161.0,4.0,0.0,9.399999999999999
207,Sr33 La67 Mn100 O300,,,['La0.67Sr0.33MnO3'],trigonal,9.4,208,0,La0.67Sr0.33MnO3,La0.67Sr0.33MnO3,Sr33 La67 Mn100 O300,198.9699999999998,-25.0,0.10000000000000009,44.0,9.399999999999999,15.658,42.0254,1.0,161.0,4.0,1.579,9.399999999999999
208,Ni1 O1,,,['NiO'],cubic,5.9,209,0,NiO,NiO,Ni1 O1,100.19999999999982,2560.0,1.0,10.0,5.900000000000006,0.10000000000000142,58.837999999999994,1.0,225.0,10.0,0.61,5.899999999999999
209,Ni1 O1,,,['NiO'],cubic,11.6,210,0,NiO,NiO,Ni1 O1,77.30000000000018,2120.0,1.0,10.0,11.600000000000001,0.015999999999998238,63.986000000000004,1.0,225.0,10.0,0.52,11.600000000000001
210,Ni1 O1,,,['NiO'],cubic,24.7,211,0,NiO,NiO,Ni1 O1,64.5,180.0,1.0,10.0,24.699999999999996,0.0019999999999988916,32.54,1.0,225.0,10.0,0.08000000000000007,24.7
211,Ni1 O1,,,['NiO'],cubic,29.4,212,0,NiO,NiO,Ni1 O1,61.90000000000009,390.0,1.0,10.0,29.4,0.011749999999999261,32.54,1.0,225.0,10.0,0.040000000000000036,29.4
212,Ni1 O1,,,['NiO'],cubic,34.9,213,0,NiO,NiO,Ni1 O1,55.90000000000009,190.0,1.0,10.0,34.900000000000006,0.012000000000000455,32.54,1.0,225.0,10.0,0.030000000000000027,34.9
213,Ni1 O1,,,['NiO'],cubic,36.8,214,0,NiO,NiO,Ni1 O1,49.80000000000018,110.0,1.0,10.0,36.8,0.012000000000000455,21.979999999999997,1.0,225.0,10.0,0.009999999999999787,36.8
214,Mn1 O1,Mn3 O4,,"['MnO', 'Mn3O4']",cubic,17.2,215,141,Mn3O4,Mn3O4,Mn1 O1 Mn3 O4,2619.5748,-490.0,5.0,20.0,17.199999999999996,33.9266,58.236,1.0,225.0,10.0,2.2676000000000003,17.2
215,Mn1 O1,Mn3 O4,,"['MnO', 'Mn3O4']","cubic, cubic",25.0,216,141,MnO@Mn3O4,MnO@Mn3O4,Mn1 O1 Mn3 O4,3112.3599999999997,-3600.0,5.0,20.0,25.0,62.6463,126.78000000000002,1.0,225.0,10.0,35.3654,25.0
216,Fe3 O4,Fe2 O3,,"['Fe3O4', 'Fe2O3']","cubic, tetrahedral",9.0,217,92,Fe3O4–γ-Fe2O3,Fe3O4–γ-Fe2O3,Fe3 O4 Fe2 O3,249.0,5.0,1.0,3.0,9.000000000000007,21.27,65.32,1.0,227.0,2.0,0.0,9.0
217,Fe3 O4,Fe2 O3,,"['Fe3O4', 'Fe2O3']","cubic, tetrahedral",9.0,218,92,Fe3O4–γ-Fe2O3,Fe3O4–γ-Fe2O3,Fe3 O4 Fe2 O3,247.0,5.0,1.0,3.0,9.000000000000007,22.22,64.54,1.0,227.0,2.0,0.0,9.0
218,Fe3 O4,Fe2 O3,,"['Fe3O4', 'Fe2O3']","cubic, tetrahedral",11.0,219,92,Fe3O4–γ-Fe2O3,Fe3O4–γ-Fe2O3,Fe3 O4 Fe2 O3,234.0,-20.0,3.0,2.0,11.0,32.89,96.0,1.0,227.0,2.0,0.0,11.0
219,Fe3 O4,Fe2 O3,,"['Fe3O4', 'Fe2O3']","cubic, tetrahedral",11.0,220,92,Fe3O4–γ-Fe2O3,Fe3O4–γ-Fe2O3,Fe3 O4 Fe2 O3,35.0,6.0,3.0,1.0,11.0,4.289999999999999,77.27,1.0,227.0,300.0,0.0,11.0
220,Co3 O4,,,['Co3O4'],cubic ,40.0,221,0,Co3O4,Co3O4,Co3 O4,66.59999999999991,0.0,0.0,60.0,40.0,0.010259999999998826,3.5,3.0,227.0,2.0,0.0,40.0
221,Co3 O4,,,['Co3O4'],cubic ,35.0,222,0,Co3O4,Co3O4,Co3 O4,134.375,-34.375,1.0,60.0,35.0,0.013040000000000163,3.5,3.0,227.0,2.0,0.0,35.0
222,Co3 O4,,,['Co3O4'],cubic ,35.0,223,0,Co3O4,Co3O4,Co3 O4,127.0,40.0,1.0,60.0,35.0,0.021699999999999164,3.5,3.0,227.0,2.0,0.0,35.0
223,La1 Fe1 O3,,,['LaFeO3'],orthorhombic,24.87,224,0,LaFeO3,LaFeO3,La1 Fe1 O3,290.0,-100.0,0.0,20.0,24.869999999999997,0.013310000000000599,0.22717999999999705,1.0,62.0,300.0,0.004375000000000018,24.87
224,Ni1 O1,,,['NiO'],cubic,22.2,225,0,NiO,NiO,Ni1 O1,3769.0,0.0,7.0,80.0,22.199999999999996,0.6300000000000008,5.320000000000004,1.0,225.0,2.0,0.0,22.2
225,Fe1 Ni99 O100,,,['Ni0.99Fe0.01O'],cubic,19.7,226,0,Ni0.99Fe0.01O,Ni0.99Fe0.01O,Fe1 Ni99 O100,1922.0,-284.89200000000005,7.0,80.0,19.700000000000003,0.08999999999999986,1.8044000000000011,1.0,227.0,2.0,0.012400000000000189,19.7
226,Fe1 Ni49 O50,,,['Ni0.98Fe0.02O'],cubic,18.6,227,0,Ni0.98Fe0.02O,Ni0.98Fe0.02O,Fe1 Ni49 O50,2110.0,454.5400000000001,7.0,80.0,18.6,0.08999999999999986,1.368000000000002,1.0,227.0,2.0,0.0,18.6
227,Fe1 Ni24 O25,,,['Ni0.96Fe0.04O'],cubic,15.2,228,0,Ni0.96Fe0.04O,Ni0.96Fe0.04O,Fe1 Ni24 O25,4354.1,0.0,7.0,70.0,15.199999999999996,0.5299999999999994,3.5,1.0,227.0,2.0,0.0,15.200000000000003
228,Fe3 Ni97 O100,,,['Ni0.97Fe0.03O'],cubic,12.2,229,0,Ni0.97Fe0.03O,Ni0.97Fe0.03O,Fe3 Ni97 O100,1657.0,-1879.0,7.0,80.0,12.199999999999989,0.019999999999999574,0.3999999999999986,1.0,227.0,2.0,0.062000000000000055,12.200000000000003
229,Co1,Co1 O1,,"['Co', 'CoO']","hexagonal, cubic",16.0,230,225,Co/CoO,Co/CoO,Co1 Co1 O1,1333.0,-631.7,5.0,40.0,16.0,15.3,100.6,1.0,164.0,5.0,4.68,16.0
230,Co1,Co1 O1,,"['Co', 'CoO']","hexagonal, cubic",200.0,231,225,Co/CoO,Co/CoO,Co1 Co1 O1,523.7999999999997,-456.2,5.0,40.0,200.0,4.679999999999998,76.1,1.0,164.0,5.0,2.7,200.0
231,Co1,Co1 O1,,"['Co', 'CoO']","hexagonal, cubic",300.0,232,225,Co/CoO,Co/CoO,Co1 Co1 O1,523.7999999999997,47.60000000000002,5.0,40.0,300.00000000000006,4.679999999999998,74.6,2.0,164.0,5.0,-0.8500000000000001,300.0
232,Cr5 Ag1 O8,,,['Ag0.5Cr2.5O4'],orthorhombic,0.0,233,0,Ag0.5Cr2.5O4,Ag0.5Cr2.5O4,Cr5 Ag1 O8,7.193499999999858,0.0,0.0,25.0,93.1,9.999999999976694e-05,0.31208999999999776,6.0,62.0,300.0,0.0,39.5
233,Cr5 Ag1 O8,,,['Ag0.5Cr2.5O4'],orthorhombic,0.0,234,0,Ag0.5Cr2.5O4,Ag0.5Cr2.5O4,Cr5 Ag1 O8,663.75,0.0,2.0,25.0,93.1,0.1479999999999997,0.5653199999999998,6.0,62.0,200.0,-0.18749999999999978,39.5
234,Cr5 Ag1 O8,,,['Ag0.5Cr2.5O4'],orthorhombic,0.0,235,0,Ag0.5Cr2.5O4,Ag0.5Cr2.5O4,Cr5 Ag1 O8,1507.0,-2173.9,2.0,25.0,93.1,0.1739999999999995,0.7849099999999964,6.0,62.0,100.0,-0.12499999999999978,39.5
235,Cr1 Ag1 O2,,,['AgCrO2'],trigonal,0.0,236,0,AgCrO2,AgCrO2,Cr1 Ag1 O2,32.09299999999985,0.0,0.0,25.0,120.9,0.0002999999999993008,0.18977999999999895,6.0,160.0,300.0,0.0,58.75
236,Cr1 Ag1 O2,,,['AgCrO2'],trigonal,0.0,237,0,AgCrO2,AgCrO2,Cr1 Ag1 O2,0.0,0.0,2.0,25.0,120.9,0.006000000000000227,0.31956000000000273,6.0,160.0,200.0,-0.12499999999999978,58.75
237,Cr1 Ag1 O2,,,['AgCrO2'],trigonal,0.0,238,0,AgCrO2,AgCrO2,Cr1 Ag1 O2,3032.9,0.0,2.0,25.0,120.9,0.012000000000000455,0.15146000000000015,6.0,160.0,100.0,-0.047900000000000054,58.75
238,Fe2 Co1 O4,,,['CoFe2O4'],cubic,37.0,239,0,CoFe2O4,CoFe2O4,Fe2 Co1 O4,860.0,0.0,0.0,60.0,37.0,39.3,77.6,1.0,227.0,300.0,0.0,37.0
239,Fe2 Co1 O4,Co1 O1,,"['CoFe2O4', 'CoO']","cubic, cubic",27.0,240,225,CoFe2O4/CoO,CoFe2O4/CoO,Fe2 Co1 O4 Co1 O1,620.0,0.0,0.0,60.0,27.0,22.0,76.0,1.0,227.0,300.0,0.0,27.0
240,Fe2 Co1 O4,Co1 O1,,"['CoFe2O4', 'CoO']","cubic, cubic",27.0,241,225,CoFe2O4/CoO,CoFe2O4/CoO,Fe2 Co1 O4 Co1 O1,2400.0,0.0,7.0,15.0,27.0,56.39999999999999,88.8,1.0,227.0,5.0,0.0,27.0
241,Fe2 Co1 O4,Co1 O1,,"['CoFe2O4', 'CoO']","cubic, cubic",27.0,242,225,CoFe2O4/CoO,CoFe2O4/CoO,Fe2 Co1 O4 Co1 O1,4300.0,-280.0,7.0,15.0,27.0,48.0,83.20000000000002,1.0,227.0,5.0,0.0,27.0
242,Fe2 Co1 O4,Co1 O1,,"['CoFe2O4', 'CoO']","cubic, cubic",27.0,243,225,CoFe2O4/CoO,CoFe2O4/CoO,Fe2 Co1 O4 Co1 O1,4290.0,-300.0,3.0,50.0,27.0,45.5,80.70000000000002,1.0,227.0,5.0,0.0,27.0
243,Fe2 Co1 O4,Co1 O1,,"['CoFe2O4', 'CoO']","cubic, cubic",27.0,244,225,CoFe2O4/CoO,CoFe2O4/CoO,Fe2 Co1 O4 Co1 O1,4240.0,-300.0,5.0,50.0,27.0,45.4,81.0,1.0,227.0,5.0,0.0,27.0
244,Fe2 Co1 O4,Co1 O1,,"['CoFe2O4', 'CoO']","cubic, cubic",27.0,245,225,CoFe2O4/CoO,CoFe2O4/CoO,Fe2 Co1 O4 Co1 O1,4240.0,-280.0,7.0,50.0,27.0,45.4,83.8,1.0,227.0,5.0,0.0,27.0
245,Ni1 O1,,,['NiO'],cubic,16.6,246,0,NiO,NiO,Ni1 O1,769.23,45.0,2.0,1.0,16.599999999999994,0.028300000000001546,17.8,1.0,225.0,25.0,-0.0010229999999999961,16.599999999999998
246,Ni1 O1,,,['NiO'],cubic,16.6,247,0,NiO,NiO,Ni1 O1,861.53,-48.0,2.0,1.0,16.599999999999994,0.03160000000000096,17.8,1.0,225.0,25.0,0.0018599999999999728,16.599999999999998
247,Ni1 O1,,,['NiO'],cubic,19.5,248,0,NiO,NiO,Ni1 O1,193.0,24.0,2.0,0.29999999999999716,19.5,0.011099999999999,17.8,1.0,225.0,25.0,-0.0011099999999999444,19.5
248,Ni1 O1,,,['NiO'],cubic,19.5,249,0,NiO,NiO,Ni1 O1,190.0,-21.0,2.0,0.29999999999999716,19.5,0.010925000000000296,17.8,1.0,225.0,25.0,0.0010185000000000333,19.5
249,Ni1 O1,,,['NiO'],cubic,29.0,250,0,NiO,NiO,Ni1 O1,75.4699999999998,10.0,2.0,0.20000000000000284,29.0,0.0011624999999995111,17.8,1.0,225.0,25.0,-0.0001875000000000071,29.0
250,Ni1 O1,,,['NiO'],cubic,29.0,251,0,NiO,NiO,Ni1 O1,71.69999999999982,-14.0,2.0,0.20000000000000284,29.0,0.0011100000000006105,17.8,1.0,225.0,25.0,0.0003111000000000086,29.0
251,Ni1 O1,,,['NiO'],cubic,31.0,252,0,NiO,NiO,Ni1 O1,3.800000000000182,-1.5,2.0,0.20000000000000284,31.0,7.775000000265209e-06,17.8,1.0,225.0,25.0,-0.00019818000000038083,31.0
252,Ni1 O1,,,['NiO'],cubic,31.0,253,0,NiO,NiO,Ni1 O1,3.800000000000182,-12.0,2.0,0.20000000000000284,31.0,5.654999998938592e-06,17.8,1.0,225.0,25.0,-0.00019818000000038083,31.0
253,Ni1 O1,,,['NiO'],cubic,54.0,254,0,NiO,NiO,Ni1 O1,24528.0,-3.0,2.0,0.20000000000000284,54.0,0.0012499999999988631,50.0424,1.0,225.0,25.0,-0.00020799999999998597,54.0
254,Ni1 O1,,,['NiO'],cubic,54.0,255,0,NiO,NiO,Ni1 O1,16981.0,3.0,2.0,0.20000000000000284,54.0,9.000000000014552e-05,43.64,1.0,225.0,25.0,0.0,54.0
255,Co1 O1,Fe2 Ni1 O4,,"['CoO', 'NiFe2O4']","cubic, cubic",14.8,256,227,CoO/NiFe2O4,CoO/NiFe2O4,Co1 O1 Fe2 Ni1 O4,7412.0,-168.0,0.004999999999999893,25.0,14.800000000000004,19.8,24.6,1.0,227.0,5.0,0.0,14.799999999999997
256,Co1 O1,Fe2 Ni1 O4,,"['CoO', 'NiFe2O4']","cubic, cubic",18.1,257,227,CoO/NiFe2O4,CoO/NiFe2O4,Co1 O1 Fe2 Ni1 O4,6052.0,-520.0,0.004999999999999893,25.0,18.1,9.1,10.399999999999999,1.0,227.0,5.0,0.0,18.100000000000005
257,Co1 O1,Fe2 Ni1 O4,,"['CoO', 'NiFe2O4']","cubic, cubic",12.5,258,227,CoO/NiFe2O4,CoO/NiFe2O4,Co1 O1 Fe2 Ni1 O4,9624.0,-632.0,0.004999999999999893,25.0,12.5,7.9,8.3,1.0,227.0,5.0,0.0,12.5
258,Ni1 O1,,,['NiO'],cubic,2.0,259,0,NiO,NiO,Ni1 O1,0.2699999999999818,0.0,0.0,80.0,2.0,1.8000000000000007,53.0,1.0,225.0,2.0,0.0,2.0
259,Ni1 O1,,,['NiO'],cubic,2.0,260,0,NiO,NiO,Ni1 O1,275.8600000000001,0.0,0.0,80.0,2.0,1.3499999999999996,50.86,1.0,225.0,5.0,0.0,2.0
260,Ni1 O1,,,['NiO'],cubic,2.0,261,0,NiO,NiO,Ni1 O1,275.8600000000001,0.0,0.0,80.0,2.0,1.3499999999999996,66.0,1.0,225.0,5.0,0.0,2.0
261,Ni1 O1,,,['NiO'],cubic,4.0,262,0,NiO,NiO,Ni1 O1,2.0399999999999636,0.0,0.0,80.0,4.0,0.3000000000000007,5.880000000000003,1.0,225.0,2.0,0.0,4.0
262,Ni1 O1,,,['NiO'],cubic,4.0,263,0,NiO,NiO,Ni1 O1,0.6799999999998363,0.0,0.0,80.0,4.0,0.08999999999999986,5.68,1.0,225.0,20.000000000000007,0.0,4.0
263,Ni1 O1,,,['NiO'],cubic,4.0,264,0,NiO,NiO,Ni1 O1,2482.75,-827.586,8.0,80.0,4.0,0.2950000000000017,5.7400000000000055,1.0,225.0,5.0,0.1100000000000001,4.0
264,Ni1 O1,,,['NiO'],cubic,4.0,265,0,NiO,NiO,Ni1 O1,2344.83,0.0,8.0,80.0,4.0,0.3410000000000011,5.670000000000002,1.0,225.0,5.0,0.0,4.0
265,Ni1 O1,,,['NiO'],cubic,6.0,266,0,NiO,NiO,Ni1 O1,2711.86,-1355.93,8.0,80.0,6.0,0.1999999999999993,4.600000000000001,1.0,225.0,5.0,0.10400000000000009,6.0
266,Ni1 O1,,,['NiO'],cubic,6.0,267,0,NiO,NiO,Ni1 O1,2305.0,0.0,8.0,80.0,6.0,0.16000000000000014,4.530000000000005,1.0,225.0,5.0,0.0,6.0
267,Ni1 O1,,,['NiO'],cubic,7.0,268,0,NiO,NiO,Ni1 O1,3172.4,2068.9,8.0,80.0,7.0,0.2079999999999984,4.049999999999997,1.0,225.0,5.0,0.1171875,7.0
268,Ni1 O1,,,['NiO'],cubic,7.0,269,0,NiO,NiO,Ni1 O1,1724.13,0.0,8.0,80.0,7.0,0.14300000000000068,3.8200000000000003,1.0,225.0,5.0,0.0,7.0
269,Ni1 O1,,,['NiO'],cubic,9.0,270,0,NiO,NiO,Ni1 O1,1.1300000000001091,0.0,0.0,80.0,9.000000000000007,0.120000000000001,2.9399999999999977,1.0,225.0,2.0,0.0,9.0
270,Ni1 O1,,,['NiO'],cubic,9.0,271,0,NiO,NiO,Ni1 O1,0.8000000000001819,0.0,0.0,80.0,9.000000000000007,0.07000000000000028,2.530000000000001,1.0,225.0,20.000000000000007,0.0,9.0
271,Ni1 O1,,,['NiO'],cubic,9.0,272,0,NiO,NiO,Ni1 O1,0.11000000000012733,0.0,0.0,80.0,9.000000000000007,0.010000000000001563,1.4690000000000012,1.0,225.0,140.0,0.0,9.0
272,Ni1 O1,,,['NiO'],cubic,9.0,273,0,NiO,NiO,Ni1 O1,2847.4576,2847.4576,8.0,80.0,9.000000000000007,0.20895519999999834,3.2340000000000018,1.0,225.0,5.0,0.20895520000000012,9.0
273,Ni1 O1,,,['NiO'],cubic,9.0,274,0,NiO,NiO,Ni1 O1,1491.52,0.0,8.0,80.0,9.000000000000007,0.14320000000000022,3.0900000000000034,1.0,225.0,5.0,0.0,9.0
274,Ni1,Ni1 O1,,"['Ni', 'NiO']","cubic, cubic",9.0,275,225,Ni/NiO,Ni/NiO,Ni1 Ni1 O1,0.0,0.0,0.0,90.0,9.000000000000007,0.0,4.609999999999996,1.0,225.0,300.0,0.0,9.0
275,Ni1,Ni1 O1,,"['Ni', 'NiO']","cubic, cubic",10.0,276,225,Ni/NiO,Ni/NiO,Ni1 Ni1 O1,32.539999999999964,0.0,0.0,90.0,10.0,0.65306,8.009999999999998,1.0,225.0,300.0,0.0,10.0
276,Ni1,Ni1 O1,,"['Ni', 'NiO']","cubic, cubic",11.0,277,225,Ni/NiO,Ni/NiO,Ni1 Ni1 O1,32.539999999999964,0.0,0.0,90.0,11.0,0.65306,12.21,1.0,225.0,300.0,0.0,11.0
277,Ni1,Ni1 O1,,"['Ni', 'NiO']","cubic, cubic",16.0,278,225,Ni/NiO,Ni/NiO,Ni1 Ni1 O1,63.59999999999991,0.0,0.0,90.0,16.0,0.7368000000000023,28.41,1.0,225.0,300.0,0.0,16.0
278,Ni1,Ni1 O1,,"['Ni', 'NiO']","cubic, cubic",23.0,279,225,Ni/NiO,Ni/NiO,Ni1 Ni1 O1,68.09999999999991,0.0,0.0,90.0,23.0,2.526,40.31,1.0,225.0,300.0,0.0,23.0
279,Ni1,Ni1 O1,,"['Ni', 'NiO']","cubic, cubic",9.0,280,225,Ni/NiO,Ni/NiO,Ni1 Ni1 O1,411.0999999999999,-22.200000000000045,0.5,90.0,9.000000000000007,2.610000000000001,37.815,1.0,225.0,5.0,1.239,9.0
280,Ni1,Ni1 O1,,"['Ni', 'NiO']","cubic, cubic",10.0,281,225,Ni/NiO,Ni/NiO,Ni1 Ni1 O1,512.9500000000003,-24.049999999999955,0.5,90.0,10.0,4.210000000000001,36.97,1.0,225.0,5.0,0.0,10.0
281,Ni1,Ni1 O1,,"['Ni', 'NiO']","cubic, cubic",11.0,282,225,Ni/NiO,Ni/NiO,Ni1 Ni1 O1,637.02,-40.778999999999996,0.5,90.0,11.0,6.309999999999999,36.13,1.0,225.0,5.0,0.0,11.0
282,Ni1,Ni1 O1,,"['Ni', 'NiO']","cubic, cubic",16.0,283,225,Ni/NiO,Ni/NiO,Ni1 Ni1 O1,538.8759999999997,-57.39999999999998,0.5,90.0,16.0,13.11,50.4,1.0,225.0,5.0,0.0,16.0
283,Ni1,Ni1 O1,,"['Ni', 'NiO']","cubic, cubic",23.0,284,225,Ni/NiO,Ni/NiO,Ni1 Ni1 O1,559.2399999999998,-40.75999999999999,0.5,90.0,23.0,20.51,53.78,1.0,225.0,5.0,0.0,23.0
284,Mn1 Fe2 O4,,,['MnFe2O4'],cubic,5.4,285,0,MnFe2O4,MnFe2O4,Mn1 Fe2 O4,171.19999999999982,0.16999999999995907,0.0,20.0,5.399999999999999,4.34,39.07,2.0,227.0,300.0,0.0,5.399999999999999
285,Mn1 Fe2 O4,Fe3 O4,,"['MnFe2O4', 'Fe3O4']","cubic, cubic",9.1,286,227,MnFe2O4/Fe3O4,MnFe2O4/Fe3O4,Mn1 Fe2 O4 Fe3 O4,210.52599999999984,-5.2999999999999545,1.0,20.0,9.100000000000001,12.5,70.4,2.0,227.0,25.0,0.0,9.100000000000001
286,Mn1 Fe2 O4,Fe3 O4,,"['MnFe2O4', 'Fe3O4']","cubic, cubic",10.7,287,227,MnFe2O4/Fe3O4,MnFe2O4/Fe3O4,Mn1 Fe2 O4 Fe3 O4,1.2399999999997817,1.0220000000000482,3.0,20.0,10.699999999999996,0.07939999999999969,69.9,2.0,227.0,200.0,2.06,10.700000000000003
287,Ni1,Ni1 O1,,"['Ni', 'NiO']","cubic, cubic",11.96,288,225,Ni,Ni,Ni1 Ni1 O1,170.0,-22.0,0.20000000000000018,2.0,11.96,5.4,13.399999999999999,1.0,225.0,5.0,0.0,11.96
288,Ni1,Ni1 O1,,"['Ni', 'NiO']","cubic, cubic",12.85,289,225,Ni@NiO,Ni@NiO,Ni1 Ni1 O1,230.0,-45.0,0.20000000000000018,2.0,12.850000000000001,6.900000000000002,12.899999999999999,1.0,225.0,5.0,0.0,12.850000000000001
289,Ni1,Ni1 O1,,"['Ni', 'NiO']","cubic, cubic",14.38,290,225,Ni@NiO,Ni@NiO,Ni1 Ni1 O1,250.0,-43.0,0.20000000000000018,2.0,14.380000000000003,9.9,17.6,1.0,225.0,5.0,0.0,14.380000000000003
290,Ni1,Ni1 O1,,"['Ni', 'NiO']","cubic, cubic",16.21,291,225,Ni@NiO,Ni@NiO,Ni1 Ni1 O1,230.0,-62.0,0.20000000000000018,2.0,16.210000000000008,8.4,21.6,1.0,225.0,5.0,1.92,16.21
291,Ni1,Ni1 O1,,"['Ni', 'NiO']","cubic, cubic",18.47,292,225,Ni@NiO,Ni@NiO,Ni1 Ni1 O1,440.0,-250.0,0.20000000000000018,2.0,18.47,16.2,31.5,1.0,225.0,5.0,2.69,18.47
292,Ni1,Ni1 O1,,"['Ni', 'NiO']","cubic, cubic",21.09,293,225,Ni@NiO,Ni@NiO,Ni1 Ni1 O1,420.0,-310.0,0.20000000000000018,2.0,21.089999999999996,7.1,16.1,1.0,225.0,5.0,5.379999999999999,21.09
293,Ni1,Ni1 O1,,"['Ni', 'NiO']","cubic, cubic",16.77,294,225,Ni@NiO,Ni@NiO,Ni1 Ni1 O1,550.0,-570.0,0.20000000000000018,2.0,16.770000000000003,6.199999999999999,14.899999999999999,1.0,225.0,5.0,6.923,16.77
294,Fe1 Bi1 O3,,,['BiFeO3'],trigonal,24.0,295,0,BiFeO3,BiFeO3,Fe1 Bi1 O3,391.3000000000002,173.89999999999998,2.0,30.0,24.0,0.027499999999999858,0.3547000000000011,1.0,161.0,60.0,-0.0045800000000000285,24.0
295,La1 Fe10 Bi9 O30,,,['Bi0.9La0.1FeO3'],orthorhombic,31.0,296,0,Bi0.9La0.1FeO3,Bi0.9La0.1FeO3,La1 Fe10 Bi9 O30,593.3999999999999,901.9999999999999,2.0,30.0,31.0,0.018367000000001354,0.375,1.0,62.0,60.0,-0.010199999999999765,31.0
296,Fe1 Bi1 O3,,,['BiFeO3'],trigonal,24.0,297,0,BiFeO3,BiFeO3,Fe1 Bi1 O3,391.3000000000002,-173.89999999999998,2.0,30.0,24.0,0.027499999999999858,0.3697999999999979,1.0,161.0,60.0,0.0045800000000000285,24.0
297,La1 Fe10 Bi9 O30,,,['Bi0.9La0.1FeO3'],orthorhombic,31.0,298,0,Bi0.9La0.1FeO3,Bi0.9La0.1FeO3,La1 Fe10 Bi9 O30,593.3999999999999,-902.0,2.0,30.0,31.0,0.018367000000001354,0.40800000000000125,1.0,62.0,60.0,0.010199999999999987,31.0
298,Nd1 Fe1 O3,,,['NdFeO3'],orthorhombic,39.0,299,0,NdFeO3,NdFeO3,Nd1 Fe1 O3,200.0,-10.860000000000014,0.0,20.0,39.0,0.25,2.4200000000000017,1.0,62.0,300.0,0.0,39.0
299,Fe2 Co1 O4,,,['CoFe2O4'],cubic,7.0,300,0,CoFe2O4,CoFe2O4,Fe2 Co1 O4,1583.915,-254.05199999999996,1.0,10.0,7.0,36.599999999999994,39.07,2.0,227.0,5.0,0.656,7.0
300,Fe2 Co1 O4,Fe3 O4,,"['CoFe2O4', 'Fe3O4']","cubic, cubic",14.0,301,227,CoFe2O4/Fe3O4,CoFe2O4/Fe3O4,Fe2 Co1 O4 Fe3 O4,1728.159,21.840000000000032,3.0,10.0,14.0,45.8,68.0,2.0,227.0,25.0,-0.6999999999999997,14.0
301,Fe2 Co1 O4,Fe3 O4,,"['CoFe2O4', 'Fe3O4']","cubic, cubic",14.0,302,227,CoFe2O4/Fe3O4,CoFe2O4/Fe3O4,Fe2 Co1 O4 Fe3 O4,17.449999999999818,0.8500000000000227,3.0,10.0,14.0,1.4499999999999993,48.05,2.0,227.0,300.0,0.09000000000000008,14.0
302,Fe2 Co1 O4,Fe3 O4,,"['CoFe2O4', 'Fe3O4']","cubic, cubic",13.0,303,227,CoFe2O4/Fe3O4,CoFe2O4/Fe3O4,Fe2 Co1 O4 Fe3 O4,2735.0,0.0,0.0,10.0,13.000000000000007,58.330000000000005,77.96,2.0,227.0,5.0,0.0,13.0
303,Fe2 Co1 O4,Fe3 O4,,"['CoFe2O4', 'Fe3O4']","cubic, cubic",13.0,304,227,CoFe2O4/Fe3O4,CoFe2O4/Fe3O4,Fe2 Co1 O4 Fe3 O4,2155.09,-86.0,2.0,10.0,13.000000000000007,48.815,74.4,2.0,227.0,5.0,1.72,13.0
304,Fe2 Co1 O4,Fe3 O4,,"['CoFe2O4', 'Fe3O4']","cubic, cubic",13.0,305,227,CoFe2O4/Fe3O4,CoFe2O4/Fe3O4,Fe2 Co1 O4 Fe3 O4,1928.8,-10.799999999999955,2.0,10.0,13.000000000000007,46.985,74.6,2.0,227.0,25.0,2.26,13.0
305,Fe2 Co1 O4,Fe3 O4,,"['CoFe2O4', 'Fe3O4']","cubic, cubic",13.0,306,227,CoFe2O4/Fe3O4,CoFe2O4/Fe3O4,Fe2 Co1 O4 Fe3 O4,1540.9285,-10.700000000000045,2.0,10.0,13.000000000000007,43.4385,73.97,2.0,227.0,50.0,2.8,13.0
306,Fe2 Co1 O4,Fe3 O4,,"['CoFe2O4', 'Fe3O4']","cubic, cubic",13.0,307,227,CoFe2O4/Fe3O4,CoFe2O4/Fe3O4,Fe2 Co1 O4 Fe3 O4,678.8499999999999,-32.33000000000004,2.0,10.0,13.000000000000007,31.396,75.48,2.0,227.0,100.0,3.86,13.0
307,Fe2 Co1 O4,Fe3 O4,,"['CoFe2O4', 'Fe3O4']","cubic, cubic",13.0,308,227,CoFe2O4/Fe3O4,CoFe2O4/Fe3O4,Fe2 Co1 O4 Fe3 O4,522.5079999999998,-6.091599999999971,2.0,10.0,13.000000000000007,13.72008,74.83,2.0,227.0,200.0,1.202,13.0
308,Fe2 Co1 O4,Fe3 O4,,"['CoFe2O4', 'Fe3O4']","cubic, cubic",13.0,309,227,CoFe2O4/Fe3O4,CoFe2O4/Fe3O4,Fe2 Co1 O4 Fe3 O4,200.73800000000028,1.5744000000000824,2.0,10.0,13.000000000000007,1.529,69.97,2.0,227.0,300.0,0.43000000000000016,13.0
309,Fe2 Co1 O4,Fe3 O4,,"['CoFe2O4', 'Fe3O4']","cubic, cubic",18.2,310,227,CoFe2O4/Fe3O4,CoFe2O4/Fe3O4,Fe2 Co1 O4 Fe3 O4,943.6579999999999,-70.34199999999998,2.0,10.0,18.199999999999996,6.614722686,45.1,1.0,227.0,5.0,3.835,18.2
310,Fe2 Co1 O4,Fe3 O4,,"['CoFe2O4', 'Fe3O4']","cubic, cubic",18.2,311,227,CoFe2O4/Fe3O4,CoFe2O4/Fe3O4,Fe2 Co1 O4 Fe3 O4,957.76,-85.63,2.0,10.0,18.199999999999996,9.798922686,43.4,1.0,227.0,25.0,5.535,18.2
311,Fe2 Co1 O4,Fe3 O4,,"['CoFe2O4', 'Fe3O4']","cubic, cubic",18.2,312,227,CoFe2O4/Fe3O4,CoFe2O4/Fe3O4,Fe2 Co1 O4 Fe3 O4,880.0,-77.74000000000001,2.0,10.0,18.199999999999996,0.014167686000000401,40.0,1.0,227.0,50.0,4.255,18.2
312,Fe2 Co1 O4,Fe3 O4,,"['CoFe2O4', 'Fe3O4']","cubic, cubic",18.2,313,227,CoFe2O4/Fe3O4,CoFe2O4/Fe3O4,Fe2 Co1 O4 Fe3 O4,408.44000000000005,-112.875,2.0,10.0,18.199999999999996,1.731982686000002,25.74,1.0,227.0,100.0,6.6,18.2
313,Fe2 Co1 O4,Fe3 O4,,"['CoFe2O4', 'Fe3O4']","cubic, cubic",18.2,314,227,CoFe2O4/Fe3O4,CoFe2O4/Fe3O4,Fe2 Co1 O4 Fe3 O4,487.0880000000002,-22.575000000000045,2.0,10.0,18.199999999999996,13.2948,55.724000000000004,1.0,227.0,200.0,1.32,18.2
314,Fe2 Co1 O4,Fe3 O4,,"['CoFe2O4', 'Fe3O4']","cubic, cubic",18.2,315,227,CoFe2O4/Fe3O4,CoFe2O4/Fe3O4,Fe2 Co1 O4 Fe3 O4,935.0,0.0,2.0,10.0,18.199999999999996,19.6378,66.16,1.0,227.0,300.0,0.0,18.2
315,Dy1 Ti1 Cr1 O5,,,['DyCrTiO5'],orthorhombic,37.0,316,0,DyCrTiO5,DyCrTiO5,Dy1 Ti1 Cr1 O5,47.82600000000002,-30.0,6.0,60.0,37.0,0.5451999999999995,42.869634,1.0,55.0,10.0,-0.03902860000000019,37.0
316,Dy1 Ti1 Cr1 O5,,,['DyCrTiO5'],orthorhombic,37.0,317,0,DyCrTiO5,DyCrTiO5,Dy1 Ti1 Cr1 O5,35.5,-130.0,6.0,60.0,37.0,0.5663,37.204934,1.0,55.0,10.0,-0.03902860000000019,37.0
317,Co1,Co1 O1,,"['Co', 'CoO']","cubic, cubic",28.98,318,225,Co/CoO,Co/CoO,Co1 Co1 O1,1840.0,-848.0,1.0,8.0,28.979999999999997,22.4,30.68,1.0,225.0,4.0,0.0,28.98
318,Co1,Co1 O1,,"['Co', 'CoO']","cubic, cubic",28.98,319,225,Co/CoO,Co/CoO,Co1 Co1 O1,1793.0,-800.0,1.0,8.0,28.979999999999997,9.75,27.55,1.0,225.0,4.0,0.0,28.98
319,Co1,Co1 O1,,"['Co', 'CoO']","cubic, cubic",28.98,320,225,Co/CoO,Co/CoO,Co1 Co1 O1,1600.0,-784.0,1.0,8.0,28.979999999999997,9.9,30.11,1.0,225.0,4.0,0.0,28.98
320,Co1,Co1 O1,,"['Co', 'CoO']","cubic, cubic",30.06,321,225,Co/CoO,Co/CoO,Co1 Co1 O1,1520.0,-720.0,1.0,8.0,30.059999999999995,9.629,33.06,1.0,225.0,4.0,0.0,30.06
321,Co1,Co1 O1,,"['Co', 'CoO']","cubic, cubic",30.06,322,225,Co/CoO,Co/CoO,Co1 Co1 O1,1440.0,-640.0,1.0,8.0,30.059999999999995,10.2439,35.4,1.0,225.0,4.0,0.0,30.06
322,Co1,Co1 O1,,"['Co', 'CoO']","cubic, cubic",30.06,323,225,Co/CoO,Co/CoO,Co1 Co1 O1,1440.0,-640.0,1.0,8.0,30.059999999999995,9.268,37.8,1.0,225.0,4.0,0.0,30.06
323,Co1,Co1 O1,,"['Co', 'CoO']","cubic, cubic",30.06,324,225,Co/CoO,Co/CoO,Co1 Co1 O1,1360.0,-480.0,1.0,8.0,30.059999999999995,10.3448,59.78,1.0,225.0,4.0,0.0,30.06
324,Co1,Co1 O1,,"['Co', 'CoO']","cubic, cubic",30.06,325,225,Co/CoO,Co/CoO,Co1 Co1 O1,1191.0,-473.0,1.0,8.0,30.059999999999995,17.78,112.416,1.0,225.0,4.0,0.0,30.06
325,Co1,Co1 O1,,"['Co', 'CoO']","cubic, cubic",30.06,326,225,Co/CoO,Co/CoO,Co1 Co1 O1,1448.97,-601.796,1.0,40.0,30.059999999999995,8.215799999999998,37.17,1.0,225.0,5.0,1.498,30.06
326,Co1,Co1 O1,,"['Co', 'CoO']","cubic, cubic",30.06,327,225,Co/CoO,Co/CoO,Co1 Co1 O1,1443.868,-433.7,1.0,40.0,30.059999999999995,7.668800000000001,33.385,1.0,225.0,50.0,0.68,30.06
327,Co1,Co1 O1,,"['Co', 'CoO']","cubic, cubic",30.06,328,225,Co/CoO,Co/CoO,Co1 Co1 O1,1153.0,-683.824,1.0,40.0,30.059999999999995,8.9,29.735,1.0,225.0,100.0,1.9,30.06
328,Co1,Co1 O1,,"['Co', 'CoO']","cubic, cubic",30.06,329,225,Co/CoO,Co/CoO,Co1 Co1 O1,918.412,-234.671,1.0,40.0,30.059999999999995,7.870000000000001,27.26,1.0,225.0,150.0,1.5,30.06
329,Co1,Co1 O1,,"['Co', 'CoO']","cubic, cubic",30.06,330,225,Co/CoO,Co/CoO,Co1 Co1 O1,663.335,-91.66499999999996,1.0,40.0,30.059999999999995,5.726000000000001,24.128,1.0,225.0,200.0,0.749,30.06
330,Co1,Co1 O1,,"['Co', 'CoO']","cubic, cubic",30.06,331,225,Co/CoO,Co/CoO,Co1 Co1 O1,443.87199999999984,-56.0,1.0,40.0,30.059999999999995,4.58,21.5,1.0,225.0,250.0,0.58,30.06
331,Co1,Co1 O1,,"['Co', 'CoO']","cubic, cubic",30.06,332,225,Co/CoO,Co/CoO,Co1 Co1 O1,676.6700000000001,-60.14599999999996,0.020000000000000018,29.799999999999997,30.059999999999995,11.488,31.688,1.0,225.0,4.0,1.6369999999999998,30.06
332,Co1,Co1 O1,,"['Co', 'CoO']","cubic, cubic",30.06,333,225,Co/CoO,Co/CoO,Co1 Co1 O1,721.7840000000001,-180.44600000000003,0.04999999999999982,29.8,30.059999999999995,11.488,31.688,1.0,225.0,4.0,1.637,30.06
333,Co1,Co1 O1,,"['Co', 'CoO']","cubic, cubic",30.06,334,225,Co/CoO,Co/CoO,Co1 Co1 O1,1030.184,-533.957,0.5,11.239999999999998,30.059999999999995,10.76734,56.5132,1.0,225.0,4.0,0.0,30.06
334,Co1,Co1 O1,,"['Co', 'CoO']","cubic, cubic",30.06,335,225,Co/CoO,Co/CoO,Co1 Co1 O1,1075.184,-578.9,5.0,46.0,30.059999999999995,11.595400000000001,39.227799999999995,1.0,225.0,4.0,1.8438000000000003,30.06
335,Gd1 Ti1 Cr1 O5,,,['GdCrTiO5'],orthorhombic,38.0,336,0,GdCrTiO5,GdCrTiO5,Gd1 Ti1 Cr1 O5,260.4000000000001,81.11000000000001,7.0,80.0,38.0,1.2400000000000002,101.25,1.0,55.0,2.0,-0.43999999999999995,38.0
336,Gd1 Ti1 Cr1 O5,,,['GdCrTiO5'],orthorhombic,38.0,337,0,GdCrTiO5,GdCrTiO5,Gd1 Ti1 Cr1 O5,268.9200000000001,79.29200000000003,7.0,80.0,38.0,0.5600000000000005,80.0,1.0,55.0,10.0,-0.15999999999999992,38.0
337,Gd1 Ti1 Cr1 O5,,,['GdCrTiO5'],orthorhombic,38.0,338,0,GdCrTiO5,GdCrTiO5,Gd1 Ti1 Cr1 O5,234.4000000000001,113.71600000000001,7.0,80.0,38.0,0.05999999999999872,30.0,1.0,55.0,50.0,-0.1200000000000001,38.0
338,Ni1 O1,Mn2 Co1 O4,,"['NiO', 'CoMn2O4']","cubic, tetragonal",11.87,339,141,NiO/CoMn2O4,NiO/CoMn2O4,Ni1 O1 Mn2 Co1 O4,577.7,-871.02,0.009999999999999787,25.0,11.869999999999997,0.48999999999999844,3.2950000000000017,1.0,225.0,5.0,0.677,11.869999999999997
339,Ni1 O1,Mn2 Co1 O4,,"['NiO', 'CoMn2O4']","cubic, tetragonal",20.65,340,141,NiO/CoMn2O4,NiO/CoMn2O4,Ni1 O1 Mn2 Co1 O4,3467.27,-1480.01,0.009999999999999787,25.0,20.65,0.5899999999999999,1.2779999999999987,1.0,225.0,5.0,0.15599999999999992,20.65
340,Ni1 O1,Mn2 Co1 O4,,"['NiO', 'CoMn2O4']","cubic, tetragonal",25.24,341,141,NiO/CoMn2O4,NiO/CoMn2O4,Ni1 O1 Mn2 Co1 O4,229.74000000000024,-159.24,0.009999999999999787,25.0,25.240000000000002,0.3000000000000007,2.259999999999998,1.0,225.0,5.0,0.11499999999999999,25.24
341,Ni1 O1,Mn2 Co1 O4,,"['NiO', 'CoMn2O4']","cubic, tetragonal",26.22,342,141,NiO/CoMn2O4,NiO/CoMn2O4,Ni1 O1 Mn2 Co1 O4,2215.15,-473.62,0.009999999999999787,25.0,26.22,0.8300000000000018,1.7199999999999989,1.0,225.0,5.0,0.16700000000000004,26.22
342,Fe2 O3,,,['Fe2O3'],cubic,12.2,343,0,γ-Fe2O3,γ-Fe2O3,Fe2 O3,919.2,50.0,0.0,80.0,12.199999999999989,15.65256,65.82,1.0,212.0,300.0,0.0,12.200000000000003
343,Fe2 O3,,,['Fe2O3'],cubic,10.0,344,0,γ-Fe2O3,γ-Fe2O3,Fe2 O3,821.5830000000001,50.0,0.0,80.0,10.0,15.65256,66.72,1.0,212.0,300.0,0.0,10.0
344,Fe2 O3,,,['Fe2O3'],cubic,8.8,345,0,γ-Fe2O3,γ-Fe2O3,Fe2 O3,681.9000000000001,50.0,0.0,80.0,8.800000000000004,15.65256,51.22,1.0,212.0,300.0,0.0,8.799999999999997
345,Fe2 O3,,,['Fe2O3'],cubic,11.1,346,0,γ-Fe2O3,γ-Fe2O3,Fe2 O3,620.483,50.0,0.0,80.0,11.100000000000001,15.65256,54.42,1.0,212.0,300.0,0.0,11.100000000000001
346,Fe2 O3,,,['Fe2O3'],cubic,13.8,347,0,γ-Fe2O3,γ-Fe2O3,Fe2 O3,751.664,50.0,0.0,80.0,13.800000000000004,15.65256,58.91,1.0,212.0,300.0,0.0,13.799999999999997
347,Fe2 O3,,,['Fe2O3'],cubic,11.7,348,0,γ-Fe2O3,γ-Fe2O3,Fe2 O3,771.3600000000001,50.0,0.0,80.0,11.700000000000003,6.13996,45.92,1.0,212.0,300.0,0.0,11.700000000000003
348,Fe2 O3,,,['Fe2O3'],cubic,12.2,349,0,γ-Fe2O3,γ-Fe2O3,Fe2 O3,1026.1,0.0,1.0,80.0,12.199999999999989,16.77,73.32,1.0,212.0,5.0,0.0,12.200000000000003
349,Fe2 O3,,,['Fe2O3'],cubic,10.0,350,0,γ-Fe2O3,γ-Fe2O3,Fe2 O3,907.19,0.0,1.0,80.0,10.0,19.35,74.62,1.0,212.0,5.0,0.0,10.0
350,Fe2 O3,,,['Fe2O3'],cubic,8.8,351,0,γ-Fe2O3,γ-Fe2O3,Fe2 O3,730.0,0.0,1.0,80.0,8.800000000000004,13.548,57.92,1.0,212.0,5.0,0.0,8.799999999999997
351,Fe2 O3,,,['Fe2O3'],cubic,11.1,352,0,γ-Fe2O3,γ-Fe2O3,Fe2 O3,743.6390000000001,0.0,1.0,80.0,11.100000000000001,13.548,59.92,1.0,212.0,5.0,0.0,11.100000000000001
352,Fe2 O3,,,['Fe2O3'],cubic,13.8,353,0,γ-Fe2O3,γ-Fe2O3,Fe2 O3,873.4987099999998,0.0,1.0,80.0,13.800000000000004,15.48,65.42,1.0,212.0,5.0,0.0,13.799999999999997
353,Fe2 O3,,,['Fe2O3'],cubic,11.7,354,0,γ-Fe2O3,γ-Fe2O3,Fe2 O3,702.13958,0.0,1.0,80.0,11.700000000000003,11.935,51.62,1.0,212.0,5.0,0.0,11.700000000000003
354,Ba1 Fe12 O19,Fe3 O4,,"['BaFe12O19', 'Fe3O4']","hexagonal, cubic",17.0,355,227,BaFe12O19/Fe3O4,BaFe12O19/Fe3O4,Ba1 Fe12 O19 Fe3 O4,1045.0,0.0,0.0,30.0,17.000000000000007,12.0,41.21,2.0,186.0,300.0,0.0,17.0
355,Ba1 Fe12 O19,Fe3 O4,,"['BaFe12O19', 'Fe3O4']","hexagonal, cubic",13.0,356,227,BaFe12O19/Fe3O4,BaFe12O19/Fe3O4,Ba1 Fe12 O19 Fe3 O4,232.0,0.0,0.0,30.0,13.000000000000007,3.1999999999999993,28.28,2.0,186.0,300.0,0.0,13.0
356,Ba1 Fe12 O19,Fe3 O4,,"['BaFe12O19', 'Fe3O4']","hexagonal, cubic",17.0,357,227,BaFe12O19/Fe3O4,BaFe12O19/Fe3O4,Ba1 Fe12 O19 Fe3 O4,1571.0,-204.0,2.0,30.0,17.000000000000007,30.840539999999997,87.20174,2.0,186.0,4.0,0.34787999999999997,17.0
357,Ba1 Fe12 O19,Fe3 O4,,"['BaFe12O19', 'Fe3O4']","hexagonal, cubic",13.0,358,227,BaFe12O19/Fe3O4,BaFe12O19/Fe3O4,Ba1 Fe12 O19 Fe3 O4,974.0,-254.0,2.0,30.0,13.000000000000007,0.10269999999999868,0.20870000000000033,2.0,186.0,4.0,0.019400000000000084,13.0
358,Fe3 O4,Ni1 O1,,"['Fe3O4', 'NiO']","cubic, cubic",36.44,359,225,Fe3O4@NiO,Fe3O4@NiO,Fe3 O4 Ni1 O1,95.69000000000005,-329.43,1.3,15.0,36.44,6.413399999999999,49.5,1.0,227.0,60.0,0.0,36.44
359,Ni1 O1,Fe3 O4,,"['NiO', 'Fe3O4']","cubic, cubic",31.75,360,227,NiO@Fe3O4,NiO@Fe3O4,Ni1 O1 Fe3 O4,145.17999999999984,145.17999999999995,1.2000000000000002,15.0,31.75,1.307549999999999,33.75,1.0,225.0,60.0,0.0,31.75
360,Fe2 Ni1 O4,Co1 O1,,"['NiFe2O4', 'CoO']","cubic, cubic",8.0,361,225,NiFe2O4/CoO,NiFe2O4/CoO,Fe2 Ni1 O4 Co1 O1,12180.0,-135.0,5.0,60.0,8.0,38.148,48.0,1.0,227.0,5.0,0.0,8.0
361,Fe2 Ni1 O4,Co1 O1,,"['NiFe2O4', 'CoO']","cubic, cubic",11.0,362,225,NiFe2O4/CoO,NiFe2O4/CoO,Fe2 Ni1 O4 Co1 O1,12110.0,-161.0,5.0,60.0,11.0,12.592,16.5,1.0,227.0,5.0,0.0,11.0
362,Fe2 Ni1 O4,Co1 O1,,"['NiFe2O4', 'CoO']","cubic, cubic",12.0,363,225,NiFe2O4/CoO,NiFe2O4/CoO,Fe2 Ni1 O4 Co1 O1,12040.0,-143.00000000000006,5.0,60.0,12.0,14.81,19.0,1.0,227.0,5.0,0.0,12.0
363,Fe2 Ni1 O4,Co1 O1,,"['NiFe2O4', 'CoO']","cubic, cubic",8.0,364,225,NiFe2O4/CoO,NiFe2O4/CoO,Fe2 Ni1 O4 Co1 O1,1150.0,0.0,0.0,60.0,8.0,13.7,47.0,1.0,227.0,300.0,0.0,8.0
364,Fe2 Ni1 O4,Co1 O1,,"['NiFe2O4', 'CoO']","cubic, cubic",11.0,365,225,NiFe2O4/CoO,NiFe2O4/CoO,Fe2 Ni1 O4 Co1 O1,1160.0,0.0,0.0,60.0,11.0,6.699999999999999,16.3,1.0,227.0,300.0,0.0,11.0
365,Fe2 Ni1 O4,Co1 O1,,"['NiFe2O4', 'CoO']","cubic, cubic",12.0,366,225,NiFe2O4/CoO,NiFe2O4/CoO,Fe2 Ni1 O4 Co1 O1,1160.0,0.0,0.0,60.0,12.0,7.037000000000001,18.7,1.0,227.0,300.0,0.0,12.0
366,Co1,Co1 O1,,"['Co', 'CoO']","hexagonal, cubic",800.0,367,225,Co/CoO,Co/CoO,Co1 Co1 O1,504.0,-182.0,1.0,6.0,800.0,0.7741999999999987,9.394999999999996,1.0,194.0,5.0,0.0,800.0
367,Co1,Co1 O1,,"['Co', 'CoO']","hexagonal, cubic",800.0,368,225,Co/CoO,Co/CoO,Co1 Co1 O1,446.0,-126.0,1.0,6.0,800.0,0.7742000000000022,9.394999999999996,1.0,194.0,5.0,0.0,800.0
368,Co1,Co1 O1,,"['Co', 'CoO']","hexagonal, cubic",800.0,369,225,Co/CoO,Co/CoO,Co1 Co1 O1,318.0,-374.0,1.0,6.0,800.0,0.7742000000000022,9.394999999999996,1.0,194.0,5.0,0.0,800.0
369,Co1,Co1 O1,,"['Co', 'CoO']","hexagonal, cubic",800.0,370,225,Co/CoO,Co/CoO,Co1 Co1 O1,357.0,-685.0,1.0,6.0,800.0,0.9118000000000013,9.394999999999996,1.0,194.0,5.0,0.0,800.0
370,Co1,Co1 O1,,"['Co', 'CoO']","hexagonal, cubic",800.0,371,225,Co/CoO,Co/CoO,Co1 Co1 O1,504.0,-182.0,1.0,6.0,800.0,0.7741999999999987,9.394999999999996,1.0,194.0,5.0,0.0,800.0
371,Co1,Co1 O1,,"['Co', 'CoO']","hexagonal, cubic",800.0,372,225,Co/CoO,Co/CoO,Co1 Co1 O1,332.0,-94.0,1.0,6.0,800.0,0.7742000000000022,9.394999999999996,1.0,194.0,5.0,0.0,800.0
372,Co1,Co1 O1,,"['Co', 'CoO']","hexagonal, cubic",800.0,373,225,Co/CoO,Co/CoO,Co1 Co1 O1,218.0,-314.0,1.0,6.0,800.0,0.7742000000000022,9.394999999999996,1.0,194.0,5.0,0.0,800.0
373,Co1,Co1 O1,,"['Co', 'CoO']","hexagonal, cubic",800.0,374,225,Co/CoO,Co/CoO,Co1 Co1 O1,354.0,-685.0,1.0,6.0,800.0,0.9118000000000013,9.394999999999996,1.0,194.0,5.0,0.0,800.0
374,Cr2 Co1 O4,,,['CoCr2O4'],cubic,30.0,375,0,CoCr2O4,CoCr2O4,Cr2 Co1 O4,9130.43,-1304.348,3.5,80.0,30.0,2.394399999999999,6.199999999999999,4.0,227.0,2.0,0.0,30.0
375,Cr2 Co1 O4,,,['CoCr2O4'],cubic,30.0,376,0,CoCr2O4,CoCr2O4,Cr2 Co1 O4,8478.26,1195.65,3.5,80.0,30.0,2.1099999999999994,6.199999999999999,4.0,227.0,2.0,0.0,30.0
376,Cr2 Co1 O4,,,['CoCr2O4'],cubic,30.0,377,0,CoCr2O4,CoCr2O4,Cr2 Co1 O4,10000.0,-763.0,1.0,80.0,30.0,2.2455999999999996,5.789999999999999,4.0,227.0,2.0,0.0,30.0
377,Cr2 Co1 O4,,,['CoCr2O4'],cubic,30.0,378,0,CoCr2O4,CoCr2O4,Cr2 Co1 O4,9812.5,-506.0,1.0,80.0,30.0,2.1750000000000007,5.75,4.0,227.0,8.0,0.0,30.0
378,Cr2 Co1 O4,,,['CoCr2O4'],cubic,30.0,379,0,CoCr2O4,CoCr2O4,Cr2 Co1 O4,9687.5,-379.0,1.0,80.0,30.0,2.1750000000000007,5.75,4.0,227.0,10.0,0.0,30.0
379,Cr2 Co1 O4,,,['CoCr2O4'],cubic,30.0,380,0,CoCr2O4,CoCr2O4,Cr2 Co1 O4,8189.5,-340.5,1.0,80.0,30.0,2.133000000000001,6.0,4.0,227.0,15.0,0.0,30.0
380,Cr2 Co1 O4,,,['CoCr2O4'],cubic,30.0,381,0,CoCr2O4,CoCr2O4,Cr2 Co1 O4,7920.689,-178.86900000000003,1.0,80.0,30.0,2.0999999999999996,5.978999999999996,4.0,227.0,20.000000000000007,0.0,30.0
381,Cr2 Co1 O4,,,['CoCr2O4'],cubic,30.0,382,0,CoCr2O4,CoCr2O4,Cr2 Co1 O4,7508.611999999999,-124.743,1.0,80.0,30.0,2.0,6.199999999999999,4.0,227.0,25.0,0.0,30.0
382,Cr2 Co1 O4,,,['CoCr2O4'],cubic,30.0,383,0,CoCr2O4,CoCr2O4,Cr2 Co1 O4,7705.647499999999,-179.2,1.0,80.0,30.0,1.9670000000000005,5.900000000000002,4.0,227.0,30.0,0.0,30.0
383,Cr2 Co1 O4,,,['CoCr2O4'],cubic,30.0,384,0,CoCr2O4,CoCr2O4,Cr2 Co1 O4,6289.9845,-18.0,1.0,80.0,30.0,2.3000000000000025,6.150999999999996,4.0,227.0,40.0,0.0,30.0
384,Cr2 Co1 O4,,,['CoCr2O4'],cubic,30.0,385,0,CoCr2O4,CoCr2O4,Cr2 Co1 O4,3512.753,-108.70600000000002,1.0,80.0,30.0,2.9939999999999998,7.600000000000001,4.0,227.0,60.0,0.0,30.0
385,Cr2 Co1 O4,,,['CoCr2O4'],cubic,30.0,386,0,CoCr2O4,CoCr2O4,Cr2 Co1 O4,1397.7685,-35.36850000000004,1.0,80.0,30.0,3.0,8.0,4.0,227.0,80.0,0.0,30.0
386,Fe1 Ni1,,,['FeNi'],tetragonal,21.0,387,0,FeNi,FeNi,Fe1 Ni1,121.0,0.0,0.0,30.0,21.000000000000007,7.199999999999999,83.0,1.0,123.0,300.0,0.0,21.0
387,Fe1 Ni1,,,['FeNi'],tetragonal,21.0,388,0,FeNi,FeNi,Fe1 Ni1,127.0,0.0,0.0,30.0,21.000000000000007,7.800000000000001,96.0,1.0,123.0,50.0,0.0,21.0
388,Fe1 Ni1,,,['FeNi'],tetragonal,21.0,389,0,FeNi,FeNi,Fe1 Ni1,141.0,14.0,3.0,30.0,21.000000000000007,8.4,96.0,1.0,123.0,50.0,0.0,21.0
389,Mn1,Mn3 O4,,"['Mn', 'Mn3O4']","cubic, tetragonal",3.4,390,141,α-Mn/Mn3O4,α-Mn/Mn3O4,Mn1 Mn3 O4,1484.0,-1217.0,5.0,60.0,3.3999999999999986,0.12300000000000111,3.3669999999999973,1.0,217.0,5.0,0.09230000000000005,3.3999999999999986
390,Mn1,Mn3 O4,,"['Mn', 'Mn3O4']","cubic, tetragonal",6.3,391,141,α-Mn/Mn3O4,α-Mn/Mn3O4,Mn1 Mn3 O4,305.0,-4408.0,5.0,50.0,6.299999999999997,0.17299999999999827,3.585000000000001,1.0,217.0,5.0,0.004559999999999675,6.299999999999997
391,Mn1,Mn3 O4,,"['Mn', 'Mn3O4']","cubic, tetragonal",5.24,392,141,α-Mn/Mn3O4,α-Mn/Mn3O4,Mn1 Mn3 O4,1106.0,-6350.0,5.0,60.0,5.240000000000002,0.10999999999999943,2.158999999999999,1.0,217.0,5.0,0.25960000000000005,5.240000000000002
392,Fe3 O4,Fe2 Co1 O4,,"['Fe3O4', 'CoFe2O4']","cubic, cubic",47.0,393,227,Fe3O4/CoFe2O4,Fe3O4/CoFe2O4,Fe3 O4 Fe2 Co1 O4,97.0,0.0,1.5,15.0,47.0,8.125,61.6,1.0,227.0,20.000000000000007,0.0,47.0
393,Fe3 O4,Fe2 Co1 O4,,"['Fe3O4', 'CoFe2O4']","cubic, cubic",47.0,394,227,Fe3O4/CoFe2O4,Fe3O4/CoFe2O4,Fe3 O4 Fe2 Co1 O4,360.0,0.0,1.5,15.0,47.0,20.0,63.24,1.0,227.0,20.000000000000007,0.0,47.0
394,Fe3 O4,,,['Fe3O4'],cubic,9.0,395,0,Fe3O4,Fe3O4,Fe3 O4,15.0,0.0,1.5,15.0,9.000000000000007,3.9179999999999993,55.2,1.0,227.0,47.00000000000001,0.0,9.0
395,Fe2 Co1 O4,,,['CoFe2O4'],cubic,16.0,396,0,CoFe2O4,CoFe2O4,Fe2 Co1 O4,1555.0,0.0,1.5,15.0,16.0,34.146,72.84,1.0,227.0,161.8,0.0,16.0
396,Fe3 O4,Mn1 O1,,"['Fe3O4', 'MnO']","orthorhombic, cubic",13.0,397,225,Fe3O4/MnO,Fe3O4/MnO,Fe3 O4 Mn1 O1,8649.5,-909.0,5.0,6.0,13.000000000000007,1.5625,5.625,1.0,63.0,5.0,1.125,13.0
397,Fe3 O4,Mn1 O1,,"['Fe3O4', 'MnO']","orthorhombic, cubic",580.0,398,225,Fe3O4/MnO,Fe3O4/MnO,Fe3 O4 Mn1 O1,6995.0,726.9999999999999,5.0,6.0,580.0,1.5625,5.625,1.0,63.0,5.0,1.5,580.0
398,Fe3 O4,Mn1 O1,,"['Fe3O4', 'MnO']","orthorhombic, cubic",580.0,399,225,Fe3O4/MnO,Fe3O4/MnO,Fe3 O4 Mn1 O1,6944.0,-2083.0,5.0,50.0,580.0,1.4580000000000002,7.0,1.0,63.0,10.0,0.486,580.0
399,Fe3 O4,Mn1 O1,,"['Fe3O4', 'MnO']","orthorhombic, cubic",580.0,400,225,Fe3O4/MnO,Fe3O4/MnO,Fe3 O4 Mn1 O1,5555.0,-5121.9692,5.0,50.0,580.0,0.7699999999999996,7.0,1.0,63.0,20.000000000000007,0.0,580.0
400,Fe3 O4,Mn1 O1,,"['Fe3O4', 'MnO']","orthorhombic, cubic",580.0,401,225,Fe3O4/MnO,Fe3O4/MnO,Fe3 O4 Mn1 O1,4158.5,-10414.0,3.0,50.0,580.0,0.6750000000000007,3.75,1.0,63.0,5.0,1.661,580.0
401,Fe3 O4,Mn1 O1,,"['Fe3O4', 'MnO']","orthorhombic, cubic",580.0,402,225,Fe3O4/MnO,Fe3O4/MnO,Fe3 O4 Mn1 O1,6621.96,-8514.585999999998,4.0,50.0,580.0,1.0500000000000007,4.75,1.0,63.0,5.0,1.393,580.0
402,Fe3 O4,Mn1 O1,,"['Fe3O4', 'MnO']","orthorhombic, cubic",580.0,403,225,Fe3O4/MnO,Fe3O4/MnO,Fe3 O4 Mn1 O1,8823.154,-6372.383,5.0,50.0,580.0,1484.5,6.5,1.0,63.0,5.0,1.484,580.0
403,Fe3 O4,Mn1 O1,,"['Fe3O4', 'MnO']","orthorhombic, cubic",580.0,404,225,Fe3O4/MnO,Fe3O4/MnO,Fe3 O4 Mn1 O1,9980.32,-5325.26,6.0,50.0,580.0,1.7485,7.370000000000001,1.0,63.0,5.0,0.9685,580.0
404,Fe1,Fe3 C1,,"['Fe', 'Fe3C']","cubic, orthorhombic",45.0,405,62,Fe/Fe3C,Fe/Fe3C,Fe1 Fe3 C1,2500.0,0.0,2.0,15.0,45.0,8.6,17.4,1.0,229.0,10.0,0.0,45.0
405,Fe1,Fe3 C1,,"['Fe', 'Fe3C']","cubic, orthorhombic",50.0,406,62,Fe/Fe3C,Fe/Fe3C,Fe1 Fe3 C1,2600.0,0.0,2.0,15.0,50.0,10.1,20.3,1.0,229.0,10.0,0.0,50.0
406,Fe1,Fe3 C1,,"['Fe', 'Fe3C']","cubic, orthorhombic",60.0,407,62,Fe/Fe3C,Fe/Fe3C,Fe1 Fe3 C1,2650.0,0.0,2.0,15.0,60.0,7.6,15.399999999999999,1.0,229.0,10.0,0.0,60.0
407,Fe1,Fe3 O4,,"['Fe', 'Fe3O4']","cubic, orthorhombic",30.0,408,62,Fe/Fe3O4,Fe/Fe3O4,Fe1 Fe3 O4,950.0,0.0,2.0,15.0,30.0,4.900000000000002,17.9,1.0,229.0,10.0,0.0,30.0
408,Fe1,Fe3 O4,,"['Fe', 'Fe3O4']","cubic, orthorhombic",35.0,409,62,Fe/Fe3O4,Fe/Fe3O4,Fe1 Fe3 O4,920.0,0.0,2.0,15.0,35.0,6.300000000000001,22.1,1.0,229.0,10.0,0.0,35.0
409,Fe1,Fe3 O4,,"['Fe', 'Fe3O4']","cubic, orthorhombic",40.0,410,62,Fe/Fe3O4,Fe/Fe3O4,Fe1 Fe3 O4,1250.0,0.0,2.0,15.0,40.0,6.6,19.8,1.0,229.0,10.0,0.0,40.0
410,Fe1,Fe3 O4,,"['Fe', 'Fe3O4']","cubic, orthorhombic",45.0,411,62,Fe/Fe3O4,Fe/Fe3O4,Fe1 Fe3 O4,1273.0,0.0,2.0,15.0,45.0,2.6999999999999993,8.899999999999999,1.0,229.0,10.0,0.0,45.0
411,Fe1,Fe3 O4,,"['Fe', 'Fe3O4']","cubic, orthorhombic",50.0,412,62,Fe/Fe3O4,Fe/Fe3O4,Fe1 Fe3 O4,1000.0,0.0,2.0,15.0,50.0,0.3999999999999986,1.2999999999999972,1.0,229.0,10.0,0.0,50.0
412,Fe1,Fe3 O4,,"['Fe', 'Fe3O4']","cubic, orthorhombic",55.0,413,62,Fe/Fe3O4,Fe/Fe3O4,Fe1 Fe3 O4,500.0,0.0,2.0,15.0,55.0,0.5999999999999996,2.3999999999999986,1.0,229.0,10.0,0.0,55.0
413,Fe2 Co1 O4,Ni1 O1,,"['CoFe2O4', 'NiO']","cubic, cubic",0.0,414,225,CoFe2O4@NiO,CoFe2O4@NiO,Fe2 Co1 O4 Ni1 O1,582.0000000000002,0.0,0.0,40.0,800.0,8.0,18.5,6.0,227.0,300.0,0.0,110.0
414,Fe2 Co1 O4,Ni1 O1,,"['CoFe2O4', 'NiO']","cubic, cubic",0.0,415,225,CoFe2O4@NiO,CoFe2O4@NiO,Fe2 Co1 O4 Ni1 O1,775.0,0.0,0.0,40.0,800.0,11.2,27.4,6.0,227.0,300.0,0.0,110.0
415,Fe2 Co1 O4,Ni1 O1,,"['CoFe2O4', 'NiO']","cubic, cubic",0.0,416,225,CoFe2O4@NiO,CoFe2O4@NiO,Fe2 Co1 O4 Ni1 O1,821.0,0.0,0.0,40.0,800.0,4.200000000000001,32.2,6.0,227.0,300.0,0.0,110.0
416,Fe2 Co1 O4,Ni1 O1,,"['CoFe2O4', 'NiO']","cubic, cubic",0.0,417,225,CoFe2O4@NiO,CoFe2O4@NiO,Fe2 Co1 O4 Ni1 O1,958.0,0.0,0.0,40.0,800.0,8.5,42.7,6.0,227.0,300.0,0.0,110.0
417,Fe2 Co1 O4,Ni1 O1,,"['CoFe2O4', 'NiO']","cubic, cubic",0.0,418,225,CoFe2O4@NiO,CoFe2O4@NiO,Fe2 Co1 O4 Ni1 O1,592.0000000000002,0.0,0.0,40.0,800.0,16.8,38.1,6.0,227.0,300.0,0.0,110.0
418,Fe2 Co1 O4,Ni1 O1,,"['CoFe2O4', 'NiO']","cubic, cubic",0.0,419,225,CoFe2O4@NiO,CoFe2O4@NiO,Fe2 Co1 O4 Ni1 O1,4263.0,-104.0,5.0,40.0,800.0,11.0,17.7,6.0,227.0,5.0,0.0,110.0
419,Fe2 Co1 O4,Ni1 O1,,"['CoFe2O4', 'NiO']","cubic, cubic",0.0,420,225,CoFe2O4@NiO,CoFe2O4@NiO,Fe2 Co1 O4 Ni1 O1,6315.0,-183.0,5.0,40.0,800.0,22.4,30.0,6.0,227.0,5.0,0.0,110.0
420,Fe2 Co1 O4,Ni1 O1,,"['CoFe2O4', 'NiO']","cubic, cubic",0.0,421,225,CoFe2O4@NiO,CoFe2O4@NiO,Fe2 Co1 O4 Ni1 O1,12334.0,-612.0,5.0,40.0,800.0,22.5,34.5,6.0,227.0,5.0,0.0,110.0
421,Fe2 Co1 O4,Ni1 O1,,"['CoFe2O4', 'NiO']","cubic, cubic",0.0,422,225,CoFe2O4@NiO,CoFe2O4@NiO,Fe2 Co1 O4 Ni1 O1,12653.0,-758.0,5.0,40.0,800.0,32.7,47.2,6.0,227.0,5.0,0.0,110.0
422,Fe2 Co1 O4,Ni1 O1,,"['CoFe2O4', 'NiO']","cubic, cubic",0.0,423,225,CoFe2O4@NiO,CoFe2O4@NiO,Fe2 Co1 O4 Ni1 O1,7820.0,-584.0,5.0,40.0,800.0,33.5,41.0,6.0,227.0,5.0,0.0,110.0
423,Fe3 O4,Mg1 O1,,"['Fe3O4', 'MgO']","cubic, cubic",24.0,424,225,Fe3O4/MgO,Fe3O4/MgO,Fe3 O4 Mg1 O1,5491.0,-50.0,5.0,20.0,24.0,12.549,38.4,3.0,227.0,5.0,0.0,24.0
424,Fe3 O4,Mg1 O1,,"['Fe3O4', 'MgO']","cubic, cubic",24.0,425,225,Fe3O4/MgO,Fe3O4/MgO,Fe3 O4 Mg1 O1,5033.95,-101.54999999999995,0.0,20.0,24.0,15.932,30.17,3.0,227.0,25.0,0.0,24.0
425,Fe3 O4,Mg1 O1,,"['Fe3O4', 'MgO']","cubic, cubic",24.0,426,225,Fe3O4/MgO,Fe3O4/MgO,Fe3 O4 Mg1 O1,3534.0,-127.29500000000007,0.0,20.0,24.0,14.9,30.5,3.0,227.0,50.0,0.0,24.0
426,Fe3 O4,Mg1 O1,,"['Fe3O4', 'MgO']","cubic, cubic",24.0,427,225,Fe3O4/MgO,Fe3O4/MgO,Fe3 O4 Mg1 O1,2746.15,-101.64999999999998,0.0,20.0,24.0,13.9,30.5,3.0,227.0,75.0,0.0,24.0
427,Fe3 O4,Mg1 O1,,"['Fe3O4', 'MgO']","cubic, cubic",24.0,428,225,Fe3O4/MgO,Fe3O4/MgO,Fe3 O4 Mg1 O1,2161.55,-76.25,0.0,20.0,24.0,12.288,30.0,3.0,227.0,100.0,0.0,24.0
428,Fe3 O4,Mg1 O1,,"['Fe3O4', 'MgO']","cubic, cubic",24.0,429,225,Fe3O4/MgO,Fe3O4/MgO,Fe3 O4 Mg1 O1,1525.8,-101.0,0.0,20.0,24.0,11.61,30.25,3.0,227.0,125.0,0.0,24.0
429,Fe3 O4,Mg1 O1,,"['Fe3O4', 'MgO']","cubic, cubic",24.0,430,225,Fe3O4/MgO,Fe3O4/MgO,Fe3 O4 Mg1 O1,941.2950000000001,-76.89999999999998,0.0,20.0,24.0,10.763,30.339,3.0,227.0,150.0,0.0,24.0
430,Fe3 O4,Mg1 O1,,"['Fe3O4', 'MgO']","cubic, cubic",24.0,431,225,Fe3O4/MgO,Fe3O4/MgO,Fe3 O4 Mg1 O1,457.61500000000024,-50.84500000000003,0.0,20.0,24.0,9.326,29.32,3.0,227.0,200.0,0.0,24.0
431,Fe3 O4,Mg1 O1,,"['Fe3O4', 'MgO']","cubic, cubic",24.0,432,225,Fe3O4/MgO,Fe3O4/MgO,Fe3 O4 Mg1 O1,511.6640000000002,-25.559000000000083,0.0,20.0,24.0,6.5,27.967,3.0,227.0,250.0,0.0,24.0
432,Fe3 O4,Mg1 O1,,"['Fe3O4', 'MgO']","cubic, cubic",24.0,433,225,Fe3O4/MgO,Fe3O4/MgO,Fe3 O4 Mg1 O1,327.87300000000005,-0.19900000000006912,0.0,20.0,24.0,6.0,26.187,3.0,227.0,300.0,0.0,24.0
433,Fe3 O4,Mg1 O1,Fe2 Co1 O4,"['Fe3O4', 'MgO', 'CoFe2O4']","cubic, cubic",29.0,434,225,Fe3O4/MgO/CoFe2O4,Fe3O4/MgO/CoFe2O4,Fe3 O4 Mg1 O1 Fe2 Co1 O4,6785.782499999999,-2755.17,5.0,20.0,29.0,22.82,32.9,3.0,227.0,5.0,0.0,29.0
434,Fe3 O4,Mg1 O1,Fe2 Co1 O4,"['Fe3O4', 'MgO', 'CoFe2O4']","cubic, cubic",29.0,435,225,Fe3O4/MgO/CoFe2O4,Fe3O4/MgO/CoFe2O4,Fe3 O4 Mg1 O1 Fe2 Co1 O4,5255.674,-918.639,1.0,20.0,29.0,20.17,30.85,3.0,227.0,25.0,0.0,29.0
435,Fe3 O4,Mg1 O1,Fe2 Co1 O4,"['Fe3O4', 'MgO', 'CoFe2O4']","cubic, cubic",29.0,436,225,Fe3O4/MgO/CoFe2O4,Fe3O4/MgO/CoFe2O4,Fe3 O4 Mg1 O1 Fe2 Co1 O4,3724.686,-407.967,1.0,20.0,29.0,16.4,31.538,3.0,227.0,50.0,0.0,29.0
436,Fe3 O4,Mg1 O1,Fe2 Co1 O4,"['Fe3O4', 'MgO', 'CoFe2O4']","cubic, cubic",29.0,437,225,Fe3O4/MgO/CoFe2O4,Fe3O4/MgO/CoFe2O4,Fe3 O4 Mg1 O1 Fe2 Co1 O4,2882.653,-178.57100000000003,5.0,20.0,29.0,15.213,30.427,3.0,227.0,75.0,0.0,29.0
437,Fe3 O4,Mg1 O1,Fe2 Co1 O4,"['Fe3O4', 'MgO', 'CoFe2O4']","cubic, cubic",29.0,438,225,Fe3O4/MgO/CoFe2O4,Fe3O4/MgO/CoFe2O4,Fe3 O4 Mg1 O1 Fe2 Co1 O4,2168.6,-25.200000000000045,1.0,20.0,29.0,13.675,30.34,3.0,227.0,100.0,0.0,29.0
438,Fe3 O4,Mg1 O1,Fe2 Co1 O4,"['Fe3O4', 'MgO', 'CoFe2O4']","cubic, cubic",29.0,439,225,Fe3O4/MgO/CoFe2O4,Fe3O4/MgO/CoFe2O4,Fe3 O4 Mg1 O1 Fe2 Co1 O4,1505.05,-76.54999999999995,1.0,20.0,29.0,12.393,30.3,3.0,227.0,125.0,0.0,29.0
439,Fe3 O4,Mg1 O1,Fe2 Co1 O4,"['Fe3O4', 'MgO', 'CoFe2O4']","cubic, cubic",29.0,440,225,Fe3O4/MgO/CoFe2O4,Fe3O4/MgO/CoFe2O4,Fe3 O4 Mg1 O1 Fe2 Co1 O4,944.54,-25.460000000000036,5.0,20.0,29.0,11.368,30.17,3.0,227.0,150.0,0.0,29.0
440,Fe3 O4,Mg1 O1,Fe2 Co1 O4,"['Fe3O4', 'MgO', 'CoFe2O4']","cubic, cubic",29.0,441,225,Fe3O4/MgO/CoFe2O4,Fe3O4/MgO/CoFe2O4,Fe3 O4 Mg1 O1 Fe2 Co1 O4,433.5,-76.5,5.0,20.0,29.0,7.751999999999999,29.144,3.0,227.0,200.0,0.0,29.0
441,Fe3 O4,Mg1 O1,Fe2 Co1 O4,"['Fe3O4', 'MgO', 'CoFe2O4']","cubic, cubic",29.0,442,225,Fe3O4/MgO/CoFe2O4,Fe3O4/MgO/CoFe2O4,Fe3 O4 Mg1 O1 Fe2 Co1 O4,0.0,-25.55899999999997,1.0,20.0,29.0,9.061,27.606,3.0,227.0,250.0,0.0,29.0
442,Fe2 O3,,,['Fe2O3'],cubic,6.8,443,0,γ-Fe2O3,γ-Fe2O3,Fe2 O3,11898.92,-1253.696,5.0,50.0,6.800000000000004,26.621,53.06,1.0,213.0,5.0,0.0,6.799999999999997
443,Co1,Fe2 O3,,"['Co', 'Fe2O3']","hexagonal, cubic",6.8,444,213,Co/γ-Fe2O3,Co/γ-Fe2O3,Co1 Fe2 O3,8798.29,-1478.24,5.0,50.0,6.800000000000004,26.621,50.74,1.0,194.0,5.0,0.0,6.799999999999997
444,Co1,Fe2 O3,,"['Co', 'Fe2O3']","hexagonal, cubic",6.8,445,213,Co/γ-Fe2O3,Co/γ-Fe2O3,Co1 Fe2 O3,1634.436,-223.87,5.0,50.0,6.800000000000004,25.577,45.305899999999994,1.0,194.0,5.0,0.0,6.799999999999997
445,Co1,Fe2 O3,,"['Co', 'Fe2O3']","hexagonal, cubic",6.8,446,213,Co/γ-Fe2O3,Co/γ-Fe2O3,Co1 Fe2 O3,873.4000000000001,-13.282000000000039,5.0,50.0,6.800000000000004,22.55,43.4355,1.0,194.0,5.0,0.0,6.799999999999997
446,Fe3 O4,Fe2 Co1 O4,,"['Fe3O4', 'CoFe2O4']","cubic, cubic",7.2,447,227,Fe3O4@CoFe2O4,Fe3O4@CoFe2O4,Fe3 O4 Fe2 Co1 O4,26100.0,-90.0,7.0,75.0,7.20000000000001,25.97665,67.0,1.0,227.0,5.0,0.0,7.200000000000003
447,Fe3 O4,Fe2 Co1 O4,,"['Fe3O4', 'CoFe2O4']","cubic, cubic",13.3,448,227,Fe3O4@CoFe2O4,Fe3O4@CoFe2O4,Fe3 O4 Fe2 Co1 O4,21700.0,-50.0,7.0,75.0,13.300000000000004,29.0058,63.0,1.0,227.0,5.0,0.0,13.299999999999997
448,Fe3 O4,Co1 O1,,"['Fe3O4', 'CoO']","cubic, cubic",10.9,449,225,Fe3O4@CoO,Fe3O4@CoO,Fe3 O4 Co1 O1,15300.0,-2000.0,7.0,75.0,10.899999999999999,26.254200000000004,46.0,1.0,227.0,5.0,0.0,10.899999999999999
449,Fe2 Co1 O4,,,['CoFe2O4'],"cubic, cubic",6.91,450,0,CoFe2O4,CoFe2O4,Fe2 Co1 O4,13200.0,-833.0,4.8,50.0,6.909999999999997,46.295,98.5,1.0,227.0,5.0,0.0,6.909999999999997
450,Fe2 Co1 O4,Fe2 Ni1 O4,,"['CoFe2O4', 'NiFe2O4']","cubic, cubic",11.0,451,227,CoFe2O4@NiFe2O4,CoFe2O4@NiFe2O4,Fe2 Co1 O4 Fe2 Ni1 O4,8310.0,-961.2,3.8,50.0,11.0,50.8,83.3,1.0,227.0,5.0,0.0,11.0
451,Fe2 Ni1 O4,,,['NiFe2O4'],"cubic, cubic",84.2,452,0,NiFe2O4,NiFe2O4,Fe2 Ni1 O4,251.0,-280.8268,2.114,50.0,84.2,15.813,75.3,1.0,227.0,5.0,0.0,84.2
452,Fe2 Ni1 O4,Fe2 Co1 O4,,"['NiFe2O4', 'CoFe2O4']","cubic, cubic",12.0,453,227,NiFe2O4@CoFe2O4,NiFe2O4@CoFe2O4,Fe2 Ni1 O4 Fe2 Co1 O4,3010.0,-830.0,5.6,50.0,12.0,38.835,86.3,1.0,227.0,5.0,0.0,12.0
453,Mn1 Fe2 O4,Fe2 O3,,"['MnFe2O4', 'Fe2O3']","cubic,  trigonal",4.0,454,161,MnFe2O4/α-Fe2O3,MnFe2O4/α-Fe2O3,Mn1 Fe2 O4 Fe2 O3,3230.0,-1020.0,5.0,50.0,4.0,2.1799999999999997,6.699999999999999,1.0,227.0,5.0,0.845,4.0
454,Mn1 Fe2 O4,Fe2 O3,,"['MnFe2O4', 'Fe2O3']","cubic,  trigonal",5.0,455,161,MnFe2O4/α-Fe2O3,MnFe2O4/α-Fe2O3,Mn1 Fe2 O4 Fe2 O3,3100.0,-1030.0,5.0,50.0,5.000000000000007,2.045,7.199999999999999,1.0,227.0,5.0,0.6759999999999999,5.0
455,Mn1 Fe2 O4,Fe2 O3,,"['MnFe2O4', 'Fe2O3']","cubic,  trigonal",6.0,456,161,MnFe2O4/α-Fe2O3,MnFe2O4/α-Fe2O3,Mn1 Fe2 O4 Fe2 O3,3370.0,-1110.0,5.0,50.0,6.0,2.4499999999999993,7.5,1.0,227.0,5.0,0.591,6.0
456,Mn1 Fe2 O4,Fe2 O3,,"['MnFe2O4', 'Fe2O3']","cubic,  trigonal",6.0,457,161,MnFe2O4/α-Fe2O3,MnFe2O4/α-Fe2O3,Mn1 Fe2 O4 Fe2 O3,3100.0,-1110.0,5.0,50.0,6.0,3.0600000000000005,8.3,1.0,227.0,5.0,0.92957,6.0
457,Mn1 Fe2 O4,Fe2 O3,,"['MnFe2O4', 'Fe2O3']","cubic,  trigonal",4.0,458,161,MnFe2O4/α-Fe2O3,MnFe2O4/α-Fe2O3,Mn1 Fe2 O4 Fe2 O3,546.0,0.0,0.0,50.0,4.0,0.7699999999999996,4.299999999999997,1.0,227.0,300.0,0.0,4.0
458,Mn1 Fe2 O4,Fe2 O3,,"['MnFe2O4', 'Fe2O3']","cubic,  trigonal",5.0,459,161,MnFe2O4/α-Fe2O3,MnFe2O4/α-Fe2O3,Mn1 Fe2 O4 Fe2 O3,559.0000000000002,0.0,0.0,50.0,5.000000000000007,0.6479999999999997,4.5,1.0,227.0,300.0,0.0,5.0
459,Mn1 Fe2 O4,Fe2 O3,,"['MnFe2O4', 'Fe2O3']","cubic,  trigonal",6.0,460,161,MnFe2O4/α-Fe2O3,MnFe2O4/α-Fe2O3,Mn1 Fe2 O4 Fe2 O3,556.0,0.0,0.0,50.0,6.0,0.7029999999999994,4.699999999999999,1.0,227.0,300.0,0.0,6.0
460,Mn1 Fe2 O4,Fe2 O3,,"['MnFe2O4', 'Fe2O3']","cubic,  trigonal",6.0,461,161,MnFe2O4/α-Fe2O3,MnFe2O4/α-Fe2O3,Mn1 Fe2 O4 Fe2 O3,533.0,0.0,0.0,50.0,6.0,0.7699999999999996,5.0,1.0,227.0,300.0,0.0,6.0
461,Fe3 O4,,,['Fe3O4'],cubic,18.0,462,0,Fe3O4,Fe3O4,Fe3 O4,400.0,-769.0,5.0,20.0,18.0,19.35,80.88,1.0,227.0,5.0,0.0,17.999999999999996
462,Fe5 C2,Fe3 O4,,"['Fe5C2', 'Fe3O4']","monoclinic, cubic",15.0,463,227,Fe5C2/Fe3O4,Fe5C2/Fe3O4,Fe5 C2 Fe3 O4,1700.0,-280.0,5.0,20.0,15.0,100.0,109.0,1.0,15.0,5.0,0.0,15.0
463,Fe5 C2,,,['Fe5C2'],monoclinic,12.0,464,0,Fe5C2,Fe5C2,Fe5 C2,1400.0,-147.0,5.0,20.0,12.0,100.0,122.8,1.0,15.0,5.0,0.0,12.0
464,Fe3 O4,,,['Fe3O4'],cubic,18.0,465,0,Fe3O4,Fe3O4,Fe3 O4,0.0,0.0,0.0,20.0,18.0,6.0,73.3,1.0,227.0,300.0,0.0,17.999999999999996
465,Fe5 C2,Fe3 O4,,"['Fe5C2', 'Fe3O4']","monoclinic, cubic",15.0,466,227,Fe5C2/Fe3O4,Fe5C2/Fe3O4,Fe5 C2 Fe3 O4,650.0,0.0,0.0,20.0,15.0,81.81,75.0,1.0,15.0,300.0,0.0,15.0
466,Fe5 C2,,,['Fe5C2'],monoclinic,12.0,467,0,Fe5C2,Fe5C2,Fe5 C2,850.0,0.0,0.0,20.0,12.0,60.6,108.0,1.0,15.0,300.0,0.0,12.0
467,Fe1 Ni3,,,['FeNi3'],cubic,14.5,468,0,FeNi3,FeNi3,Fe1 Ni3,414.0,-1115.5800000000002,3.0,30.0,14.5,22.871100000000002,94.0,1.0,221.0,5.0,0.0,14.5
468,Fe1 Ni3,Mo1,,"['FeNi3', 'Mo']","cubic, cubic",21.72,469,229,FeNi3@Mo,FeNi3@Mo,Fe1 Ni3 Mo1,174.0,-188.88600000000002,3.0,30.0,21.720000000000006,14.8672,57.0,1.0,221.0,5.0,0.0,21.72
469,Fe11 C5,,,['Fe2.2C'],hexagonal,14.8,470,0,Fe2.2C,Fe2.2C,Fe11 C5,742.0,-300.678,3.0,30.0,14.800000000000004,9.18118,183.0,3.0,182.0,5.0,0.0,14.799999999999997
470,Fe11 C5,Mo1,,"['Fe2.2C', 'Mo']","orthorhombic, cubic",19.06,471,229,Fe2.2C@Mo,Fe2.2C@Mo,Fe11 C5 Mo1,423.0,-110.77999999999997,0.0,30.0,19.059999999999995,44.873999999999995,162.0,1.0,58.0,300.0,0.0,19.06
471,Fe11 C5,,,['Fe2.2C'],hexagonal,15.32,472,0,Fe2.2C,Fe2.2C,Fe11 C5,605.0,-305.046,3.0,30.0,15.32,17.03016,108.0,3.0,182.0,5.0,0.0,15.32
472,Fe11 C5,Mo1,,"['Fe2.2C', 'Mo']","orthorhombic, cubic",14.54,473,229,Fe2.2C@Mo,Fe2.2C@Mo,Fe11 C5 Mo1,247.0,-101.80899999999997,0.0,30.0,14.54,30.498,97.0,1.0,58.0,300.0,0.0,14.54
473,Co1,Co1 O1,,"['Co', 'CoO']","hexagonal, cubic",12.0,474,225,Co/CoO,Co/CoO,Co1 Co1 O1,7160.189999999999,-1756.75,5.0,20.0,12.0,98.0,122.7,1.0,194.0,10.0,11.029,12.0
474,Co1,Co1 O1,,"['Co', 'CoO']","hexagonal, cubic",12.0,475,225,Co/CoO,Co/CoO,Co1 Co1 O1,6483.63,-803.95,5.0,20.0,12.0,86.0,116.78,1.0,194.0,50.0,4.54,12.0
475,Co1,Co1 O1,,"['Co', 'CoO']","hexagonal, cubic",12.0,476,225,Co/CoO,Co/CoO,Co1 Co1 O1,5296.52,-211.80650000000003,5.0,20.0,12.0,77.67,109.0,1.0,194.0,100.0,0.0,12.0
476,Co1,Co1 O1,,"['Co', 'CoO']","hexagonal, cubic",12.0,477,225,Co/CoO,Co/CoO,Co1 Co1 O1,4068.0,-126.63000000000005,5.0,20.0,12.0,69.88,110.79,1.0,194.0,150.0,0.0,12.0
477,Co1,Co1 O1,,"['Co', 'CoO']","hexagonal, cubic",12.0,478,225,Co/CoO,Co/CoO,Co1 Co1 O1,3262.816,-128.52800000000002,5.0,20.0,12.0,66.47,112.49,1.0,194.0,200.0,0.0,12.0
478,Co1,Co1 O1,,"['Co', 'CoO']","hexagonal, cubic",12.0,479,225,Co/CoO,Co/CoO,Co1 Co1 O1,1991.5,-43.5,5.0,20.0,12.0,66.96,118.45,1.0,194.0,300.0,0.0,12.0
479,La2 Fe2 O6,Fe2 Co1 O4,,"['La2Fe2O6', 'CoFe2O4']","orthorhombic, cubic",17.5,480,227,La2Fe2O6/CoFe2O4,La2Fe2O6/CoFe2O4,La2 Fe2 O6 Fe2 Co1 O4,378.0,0.0,0.0,25.0,17.499999999999993,2.0785,13.500999999999998,1.0,62.0,300.0,0.0,17.5
480,La2 Fe2 O6,Fe2 Co1 O4,,"['La2Fe2O6', 'CoFe2O4']","orthorhombic, cubic",27.5,481,227,La2Fe2O6/CoFe2O4,La2Fe2O6/CoFe2O4,La2 Fe2 O6 Fe2 Co1 O4,459.0,0.0,0.0,25.0,27.5,1.5760000000000005,11.105,1.0,62.0,300.0,0.0,27.5
481,La2 Fe2 O6,Fe2 Co1 O4,,"['La2Fe2O6', 'CoFe2O4']","orthorhombic, cubic",31.0,482,227,La2Fe2O6/CoFe2O4,La2Fe2O6/CoFe2O4,La2 Fe2 O6 Fe2 Co1 O4,1560.0,0.0,0.0,25.0,31.0,9.4571,20.365,1.0,62.0,300.0,0.0,31.0
482,Co1 O1,Co1,,"['CoO', 'Co']","cubic, hexagonal",50.0,483,194,CoO/Co,CoO/Co,Co1 O1 Co1,395.24699999999984,-50.68500000000006,5.0,50.0,50.0,52.2,63.415,1.0,225.0,5.0,0.0,50.0
483,Co1,Co1 O1,,"['Co', 'CoO']","cubic, hexagonal",62.0,484,194,Co/CoO,Co/CoO,Co1 Co1 O1,1111.3855,-253.38549999999998,5.0,50.0,62.0,29.26,21.14,1.0,225.0,5.0,0.0,62.0
484,Co1 O1,Co1,,"['CoO', 'Co']","cubic, hexagonal",70.0,485,194,CoO/Co,CoO/Co,Co1 O1 Co1,952.6179999999999,-141.77199999999993,5.0,50.0,70.0,6.725,16.9,1.0,225.0,5.0,0.4650000000000001,70.0
485,Co1,Co1 O1,,"['Co', 'CoO']","cubic, hexagonal",76.0,486,194,Co/CoO,Co/CoO,Co1 Co1 O1,1155.295,-175.635,5.0,50.0,76.0,5.427,15.938000000000002,1.0,225.0,5.0,0.386,76.0
486,Co1 O1,Co1,,"['CoO', 'Co']","cubic, hexagonal",82.0,487,194,CoO/Co,CoO/Co,Co1 O1 Co1,952.6120000000001,-148.635,5.0,50.0,82.0,4.614000000000001,15.0,1.0,225.0,5.0,0.386,82.0
487,Co1,Co1 O1,,"['Co', 'CoO']","cubic, hexagonal",88.0,488,194,Co/CoO,Co/CoO,Co1 Co1 O1,986.3924999999999,-162.11950000000002,5.0,50.0,88.0,4.390000000000001,14.96,1.0,225.0,5.0,0.406,88.0
488,Fe3 O4,Co1 O1,,"['Fe3O4', 'CoO']","cubic, cubic",,489,225,Fe3O4/CoO,Fe3O4/CoO,Fe3 O4 Co1 O1,8895.3,-5753.62,0.20000000000000018,80.0,8.480000000000004,28.391199999999998,46.3912,1.0,227.0,10.0,0.05192000000000019,8.480000000000004
489,Fe3 O4,Co1 O1,,"['Fe3O4', 'CoO']","cubic, cubic",,490,225,Fe3O4/CoO,Fe3O4/CoO,Fe3 O4 Co1 O1,10174.58,-8310.58,0.5,80.0,8.519999999999996,28.255200000000002,46.8672,1.0,227.0,10.0,0.05192000000000019,8.519999999999996
490,Fe3 O4,Co1 O1,,"['Fe3O4', 'CoO']","cubic, cubic",,491,225,Fe3O4/CoO,Fe3O4/CoO,Fe3 O4 Co1 O1,10814.11,-9418.761,1.0,80.0,11.939999999999998,28.2568,46.8672,1.0,227.0,10.0,0.3305199999999999,11.939999999999998
491,Fe3 O4,Co1 O1,,"['Fe3O4', 'CoO']","cubic, cubic",,492,225,Fe3O4/CoO,Fe3O4/CoO,Fe3 O4 Co1 O1,11279.07,-9573.644,2.0,80.0,11.939999999999998,28.256800000000002,46.8672,1.0,227.0,10.0,0.3305199999999999,11.939999999999998
492,Fe3 O4,Co1 O1,,"['Fe3O4', 'CoO']","cubic, cubic",,493,225,Fe3O4/CoO,Fe3O4/CoO,Fe3 O4 Co1 O1,11744.25,-8410.919999999998,5.0,80.0,9.359999999999992,36.1948,57.4624,1.0,227.0,10.0,0.05192000000000019,9.36
493,Fe3 O4,Co1 O1,,"['Fe3O4', 'CoO']","cubic, cubic",,494,225,Fe3O4/CoO,Fe3O4/CoO,Fe3 O4 Co1 O1,1956.331,-1369.513,2.0,80.0,10.719999999999999,0.05678000000000338,29.973600000000005,1.0,227.0,100.0,0.0,10.720000000000006
494,Fe3 O4,Co1 O1,,"['Fe3O4', 'CoO']","cubic, cubic",,495,225,Fe3O4/CoO,Fe3O4/CoO,Fe3 O4 Co1 O1,499.92999999999984,-57.07000000000005,2.0,80.0,9.880000000000003,0.6886799999999997,42.3878,1.0,227.0,200.0,0.0,9.880000000000003
495,Fe3 O4,Co1 O1,,"['Fe3O4', 'CoO']","cubic, cubic",,496,225,Fe3O4/CoO,Fe3O4/CoO,Fe3 O4 Co1 O1,182.1199999999999,0.0,2.0,80.0,10.84000000000001,0.65306,32.9494,1.0,227.0,300.0,0.0,10.839999999999996
496,La1 Fe1 O3,,,['LaFeO3'],orthorhombic,66.0,497,0,LaFeO3,LaFeO3,La1 Fe1 O3,9025.0,-1375.0,1.0,80.0,66.0,0.05699999999999861,0.7025000000000006,2.0,62.0,300.0,0.008000000000000007,66.0
497,La1 Fe1 O3,,,['LaFeO3'],orthorhombic,66.0,498,0,LaFeO3,LaFeO3,La1 Fe1 O3,8025.0,-1125.0,2.0,80.0,66.0,0.05099999999999838,0.684899999999999,2.0,62.0,300.0,0.0,66.0
498,La1 Fe1 O3,,,['LaFeO3'],orthorhombic,66.0,499,0,LaFeO3,LaFeO3,La1 Fe1 O3,7875.0,-1125.0,3.0,80.0,66.0,0.04899999999999949,0.684899999999999,2.0,62.0,300.0,0.0020000000000000018,66.0
499,La1 Fe1 O3,,,['LaFeO3'],orthorhombic,66.0,500,0,LaFeO3,LaFeO3,La1 Fe1 O3,7725.0,-1175.0,4.0,80.0,66.0,0.04899999999999949,0.7040000000000006,2.0,62.0,300.0,0.0020000000000000018,66.0
500,La1 Fe1 O3,,,['LaFeO3'],orthorhombic,66.0,501,0,LaFeO3,LaFeO3,La1 Fe1 O3,7550.0,-1000.0,5.0,80.0,66.0,0.0470000000000006,0.684899999999999,2.0,62.0,300.0,0.0039999999999997815,66.0
501,La1 Fe1 O3,,,['LaFeO3'],orthorhombic,66.0,502,0,LaFeO3,LaFeO3,La1 Fe1 O3,7300.0,-1050.0,6.0,80.0,66.0,0.048500000000000654,0.7079999999999984,2.0,62.0,300.0,0.006000000000000005,66.0
502,La1 Fe1 O3,,,['LaFeO3'],orthorhombic,66.0,503,0,LaFeO3,LaFeO3,La1 Fe1 O3,9215.75,-393.25,6.5,80.0,66.0,0.04889999999999972,0.7100000000000009,2.0,62.0,300.0,0.0028000000000001357,66.0
503,La1 Fe1 O3,,,['LaFeO3'],orthorhombic,66.0,504,0,LaFeO3,LaFeO3,La1 Fe1 O3,849.26,-213.0,0.0,50.0,66.0,0.015999999999998238,0.45000000000000284,2.0,62.0,300.0,0.0,66.0
504,La1 Fe1 O3,,,['LaFeO3'],orthorhombic,66.0,505,0,LaFeO3,LaFeO3,La1 Fe1 O3,3188.679,-5653.0,0.0,60.0,66.0,0.04200000000000159,0.6199999999999974,2.0,62.0,300.0,0.0,66.0
505,La1 Fe1 O3,,,['LaFeO3'],orthorhombic,66.0,506,0,LaFeO3,LaFeO3,La1 Fe1 O3,2754.78,-518.0,1.0,50.0,66.0,0.027999999999998693,0.5499999999999972,2.0,62.0,300.0,0.06699999999999995,66.0
506,La1 Fe1 O3,,,['LaFeO3'],orthorhombic,66.0,507,0,LaFeO3,LaFeO3,La1 Fe1 O3,3188.7,-2920.0,1.0,60.0,66.0,0.04449999999999932,0.6000000000000014,2.0,62.0,300.0,0.02950000000000008,66.0
507,Fe1 F2,Fe1,,"['FeF2', 'Fe']","cubic, tetragonal",4.3,508,136,FeF2/Fe,FeF2/Fe,Fe1 F2 Fe1,10778.3,-1580.0,5.0,20.0,4.299999999999997,58.1182,78.096,1.0,229.0,10.0,3.5438,4.299999999999997
508,Fe1 F2,Fe1,,"['FeF2', 'Fe']","cubic, tetragonal",4.87,509,136,FeF2/Fe,FeF2/Fe,Fe1 F2 Fe1,10707.57,-990.0,70.0,20.0,4.869999999999997,38.366,69.88,1.0,229.0,10.0,-1.6319999999999997,4.869999999999997
509,Co1 P1,,,['CoP'],tetragonal,7.1,510,0,CoP,CoP,Co1 P1,1025.62,-153.48000000000002,2.0,20.0,7.100000000000001,24.565,33.7,1.0,123.0,300.0,0.0,7.100000000000001
510,Co1 P1,,,['CoP'],tetragonal,7.1,511,0,CoP,CoP,Co1 P1,1358.528,75.87300000000005,2.0,20.0,7.100000000000001,20.869,36.4,1.0,123.0,300.0,0.0,7.100000000000001
511,Co1 P1,,,['CoP'],tetragonal,7.1,512,0,CoP,CoP,Co1 P1,4255.0,0.0,2.0,20.0,7.100000000000001,25.0,36.8,1.0,123.0,300.0,0.0,7.100000000000001
512,Co1 P1,,,['CoP'],cubic,7.1,513,0,CoP,CoP,Co1 P1,9355.89,76.88999999999999,2.0,20.0,7.100000000000001,25.0,43.6,1.0,225.0,300.0,0.0,7.100000000000001
513,Co1 P1,,,['CoP'],cubic,7.1,514,0,CoP,CoP,Co1 P1,14021.056,-487.043,2.0,20.0,7.100000000000001,26.0,46.8,1.0,225.0,300.0,0.0,7.100000000000001
514,Fe3 O4,Ni1 O1,,"['Fe3O4', 'NiO']",cubic,17.0,515,225,Fe3O4/NiO,Fe3O4/NiO,Fe3 O4 Ni1 O1,1875.236,1662.94,5.0,60.0,17.000000000000007,0.7669999999999995,7.449999999999999,1.0,227.0,5.0,0.767,17.0
515,Fe3 O4,Ni1 O1,,"['Fe3O4', 'NiO']",cubic,17.0,516,225,Fe3O4/NiO,Fe3O4/NiO,Fe3 O4 Ni1 O1,1398.6,1220.4,5.0,60.0,17.000000000000007,0.6705000000000005,6.056299999999997,1.0,227.0,5.0,0.6705,17.0
516,Fe3 O4,Ni1 O1,,"['Fe3O4', 'NiO']",cubic,17.0,517,225,Fe3O4/NiO,Fe3O4/NiO,Fe3 O4 Ni1 O1,1260.329,1116.5300000000002,5.0,60.0,17.000000000000007,10.9571,18.7163,1.0,227.0,5.0,0.5170999999999999,17.0
517,Fe3 O4,Ni1 O1,,"['Fe3O4', 'NiO']",cubic,17.0,518,225,Fe3O4/NiO,Fe3O4/NiO,Fe3 O4 Ni1 O1,1229.76,1029.63,5.0,60.0,17.000000000000007,10.9571,18.7163,1.0,227.0,5.0,0.5170999999999999,17.0
518,Fe3 O4,Ni1 O1,,"['Fe3O4', 'NiO']",cubic,17.0,519,225,Fe3O4/NiO,Fe3O4/NiO,Fe3 O4 Ni1 O1,1229.76,1002.68,5.0,60.0,17.000000000000007,0.5854999999999997,6.056300000000004,1.0,227.0,5.0,0.5855,17.0
519,Fe3 O4,Ni1 O1,,"['Fe3O4', 'NiO']",cubic,17.0,520,225,Fe3O4/NiO,Fe3O4/NiO,Fe3 O4 Ni1 O1,1147.63,960.57,5.0,60.0,17.000000000000007,10.9571,18.7163,1.0,227.0,5.0,0.5170999999999999,17.0
520,Fe3 O4,Ni1 O1,,"['Fe3O4', 'NiO']",cubic,17.0,521,225,Fe3O4/NiO,Fe3O4/NiO,Fe3 O4 Ni1 O1,1055.43,949.12,5.0,60.0,17.000000000000007,0.5624999999999982,7.25,1.0,227.0,5.0,0.5625,17.0
521,La1 Fe1 O3,Ni1 O1,,"['LaFeO3', 'NiO']","orthorhombic, cubic",40.0,522,225,LaFeO3-NiO,LaFeO3-NiO,La1 Fe1 O3 Ni1 O1,1895.759,-1895.0,6.0,60.0,40.0,0.1700000000000017,1.2999999999999972,1.0,62.0,5.0,0.17999999999999994,40.0
522,La1 Fe1 O3,Ni1 O1,,"['LaFeO3', 'NiO']","orthorhombic, cubic",40.0,523,225,LaFeO3-NiO,LaFeO3-NiO,La1 Fe1 O3 Ni1 O1,1907.9,-1907.9,6.0,60.0,40.0,0.16000000000000014,1.2590000000000003,1.0,62.0,10.0,0.15999999999999992,40.0
523,La1 Fe1 O3,Ni1 O1,,"['LaFeO3', 'NiO']","orthorhombic, cubic",35.0,524,225,LaFeO3-NiO,LaFeO3-NiO,La1 Fe1 O3 Ni1 O1,1061.3475,-730.0,0.0,60.0,35.0,0.1335000000000015,2.200000000000003,1.0,62.0,50.0,0.08949999999999991,35.0
524,La1 Fe1 O3,Ni1 O1,,"['LaFeO3', 'NiO']","orthorhombic, cubic",35.0,525,225,LaFeO3-NiO,LaFeO3-NiO,La1 Fe1 O3 Ni1 O1,312.87750000000005,-75.0,0.0,60.0,35.0,0.06950000000000145,0.838000000000001,1.0,62.0,300.0,0.016999999999999904,35.0
525,La1 Fe1 O3,,,['LaFeO3'],orthorhombic,23.0,526,0,LaFeO3,LaFeO3,La1 Fe1 O3,787.0852,-820.0,6.0,60.0,23.0,0.2723000000000013,1.4667340000000024,1.0,62.0,5.0,0.1100000000000001,23.0
526,Ni1 O1,,,['NiO'],orthorhombic,20.0,527,0,NiO,NiO,Ni1 O1,2202.7848,-900.0,6.0,60.0,20.0,29.3106,45.7727,1.0,225.0,5.0,0.030999999999999917,20.0
527,La1 Fe1 O3,Ni1 O1,,"['LaFeO3', 'NiO']","orthorhombic, cubic",40.0,528,225,LaFeO3-NiO,LaFeO3-NiO,La1 Fe1 O3 Ni1 O1,1082.76,-656.76,1.0,60.0,40.0,0.14450000000000074,1.5144999999999982,1.0,62.0,5.0,0.05400000000000005,40.0
528,La1 Fe1 O3,Ni1 O1,,"['LaFeO3', 'NiO']","orthorhombic, cubic",40.0,529,225,LaFeO3-NiO,LaFeO3-NiO,La1 Fe1 O3 Ni1 O1,1144.92,-842.644,2.0,60.0,40.0,0.15549999999999997,1.625,1.0,62.0,5.0,0.11250000000000004,40.0
529,La1 Fe1 O3,Ni1 O1,,"['LaFeO3', 'NiO']","orthorhombic, cubic",40.0,530,225,LaFeO3-NiO,LaFeO3-NiO,La1 Fe1 O3 Ni1 O1,1260.0,-1030.0,3.0,60.0,40.0,0.15500000000000114,1.6499999999999986,1.0,62.0,5.0,0.12400000000000011,40.0
530,La1 Fe1 O3,Ni1 O1,,"['LaFeO3', 'NiO']","orthorhombic, cubic",35.0,531,225,LaFeO3-NiO,LaFeO3-NiO,La1 Fe1 O3 Ni1 O1,1322.5,-1144.5,4.0,60.0,35.0,0.16600000000000037,1.6569999999999965,1.0,62.0,5.0,0.1519999999999999,35.0
531,La1 Fe1 O3,Ni1 O1,,"['LaFeO3', 'NiO']","orthorhombic, cubic",35.0,532,225,LaFeO3-NiO,LaFeO3-NiO,La1 Fe1 O3 Ni1 O1,1452.6,-1452.6,5.0,60.0,35.0,0.16550000000000153,1.6764999999999972,1.0,62.0,5.0,0.1499999999999999,35.0
532,La1 Fe1 O3,Ni1 O1,,"['LaFeO3', 'NiO']","orthorhombic, cubic",35.0,533,225,LaFeO3-NiO,LaFeO3-NiO,La1 Fe1 O3 Ni1 O1,1976.41,-1976.4099999999999,6.0,60.0,35.0,0.1700000000000017,1.2700000000000031,1.0,62.0,5.0,0.16999999999999993,35.0
