,unnamed: 0,id,c1,c2,c3,formula_combined,chemical_formula,x,y,z,sphericity,shape,area/volume,max/min,space_group_core,space_group_shell,crystal_structure,coer_oe,sat_em_g,mr (emu/g),exc_bias_oe,ver_shift_emu_g,temperature_k,fc_field_t,h_range_max_koe,mass_ratio,exc_dir,ver_s_dir,common_spin,effective anisotropy constant (j/m3),magnetic anisotropy constant (j/m3),magnetocrystalline anisotropy constant (j/m3),anisotropy constant,crystalline,mae,curie temperature (k),exchange constant (j/m) *10^-12,electronegativity core,demagnetization factors (nd),interdomain coupling (alpha),mass_magnetic_susceptibility(emu/oe*g)
0,533,1,AuFe2O3,,,,,14.0,14.0,14.0,1.0,,0.429,1.0,167.0,0,,3.564,28.0,19.253,,,,,,,,,0.917,6000.0,34000.0,11000,34000.0,,140000.0,948.0,0.1,2.753,0.333,0.5,0.0
1,534,2,Fe297Co3O400,,,,,7.1,7.1,7.1,1.0,,0.423,1.0,227.0,0,,0.0,20.0,0.0,,,,,,,,,1.0,11000.0,128.0,47750,1500.0,,140000.0,632.75,0.257,2.75,0.333,0.5,0.0
2,535,3,Fe59CoO80,,,,,6.9,6.9,6.9,1.0,,0.435,1.0,227.0,0,,0.0,20.0,0.0,,,,,,,,,1.0,11000.0,128.0,47750,2000.0,,140000.0,632.75,0.257,2.75,0.333,0.5,0.0
3,536,4,Fe29CoO40,,,,,17.0,17.0,17.0,1.0,,0.353,1.0,227.0,0,,143.0,73.5,10.8,,,,,,,,,1.0,9625.0,167276.0,11000,82000.0,,772500.0,810.0,0.105,2.751,0.333,0.5,0.004
4,537,5,Fe29CoO40,,,,,17.0,17.0,17.0,1.0,,0.353,1.0,227.0,0,,9.1,86.2,69.0,,,,,,,,,1.0,230100.0,104.0,1613500,82000.0,,612500.0,682.25,0.132,2.751,0.333,4.714,0.0
5,538,6,Fe29CoO40,,,,,6.0,6.0,6.0,1.0,,0.5,1.0,227.0,0,,7.4,82.0,65.0,,,,,,,,,1.0,200000.0,55828.0,580000,82000.0,,772500.0,550.5,0.533,2.751,0.333,9.1,0.004
6,539,7,Fe29CoO40,,,,,6.0,6.0,6.0,1.0,,0.5,1.0,227.0,0,,7.4,82.0,65.0,,,,,,,,,1.0,200000.0,55828.0,580000,82000.0,,772500.0,550.5,0.533,2.751,0.333,9.1,0.004
7,540,8,Fe29CoO40,,,,,6.0,6.0,6.0,1.0,,0.5,1.0,227.0,0,,7.4,82.0,65.0,,,,,,,,,1.0,200000.0,55828.0,580000,82000.0,,772500.0,550.5,0.533,2.751,0.333,9.1,0.004
8,541,9,Fe29CoO40,,,,,7.1,7.1,7.1,1.0,,0.423,1.0,227.0,0,,0.0,20.0,0.0,,,,,,,,,1.0,11000.0,104.0,11000,82000.0,,140000.0,635.0,0.257,2.751,0.333,0.5,0.0
9,542,10,Mn15Fe261(Co3O50)8,,,,,19.0,19.0,19.0,1.0,,0.158,1.0,141.0,0,,0.0,93.0,0.0,,,,,,,,,1.011,280000.0,10.6,200000,280000.0,,2030000.0,520.0,0.17,2.746,0.333,0.156,0.001
10,543,11,Fe27Co3O40,,,,,19.0,19.0,19.0,1.0,,0.316,1.0,227.0,0,,94.12,63.97,8.107,,,,,,,,,1.0,38225.0,104.0,5000,119000.0,,140000.0,800.0,0.257,2.752,0.333,0.5,0.0
11,544,12,Fe27Co3O40,,,,,19.0,19.0,19.0,1.0,,0.316,1.0,227.0,0,,94.12,63.97,6.107,,,,,,,,,1.0,38225.0,104.0,5000,119000.0,,140000.0,800.0,0.257,2.752,0.333,0.5,0.0
12,545,13,Fe27Co3O40,,,,,9.0,9.0,9.0,1.0,,0.333,1.0,227.0,0,,10.597,84.0,70.0,,,,,,,,,1.0,200000.0,177250.0,820000,119000.0,,1717500.0,550.5,0.282,2.752,0.333,9.1,0.004
13,546,14,Fe27Co3O40,,,,,9.0,9.0,9.0,1.0,,0.333,1.0,227.0,0,,10.597,84.0,70.0,,,,,,,,,1.0,200000.0,177250.0,820000,119000.0,,1717500.0,550.5,0.282,2.752,0.333,9.1,0.004
14,547,15,Fe27Co3O40,,,,,9.0,9.0,9.0,1.0,,0.333,1.0,227.0,0,,10.597,84.0,70.0,,,,,,,,,1.0,200000.0,177250.0,1700000,119000.0,,1717500.0,550.5,0.282,2.752,0.333,9.1,0.004
15,548,16,Fe5CoO8,,,,,20.0,20.0,20.0,1.0,,0.3,1.0,227.0,0,,13.58,73.75,49.2,,,,,,,,,1.0,320400.0,223000.0,5280000,275000.0,,2670000.0,534.0,0.158,2.754,0.333,9.1,0.015
16,549,17,Fe5CoO8,,,,,20.0,20.0,20.0,1.0,,0.3,1.0,227.0,0,,2.545,40.0,30.0,,,,,,,,,1.0,320400.0,223000.0,5280000,275000.0,,2670000.0,534.0,0.152,2.754,0.333,9.1,0.015
17,550,18,Fe5CoO8,,,,,20.0,20.0,20.0,1.0,,0.3,1.0,227.0,0,,2.545,60.0,30.0,,,,,,,,,1.0,320400.0,223000.0,5280000,275000.0,,2670000.0,534.0,0.17,2.754,0.333,9.1,0.015
18,551,19,Fe5CoO8,,,,,20.0,20.0,20.0,1.0,,0.3,1.0,227.0,0,,2.545,60.0,30.0,,,,,,,,,1.0,320400.0,223000.0,5280000,275000.0,,2670000.0,534.0,0.17,2.754,0.333,9.1,0.015
19,552,20,Fe5CoO8,,,,,20.0,20.0,20.0,1.0,,0.3,1.0,227.0,0,,2.545,60.0,30.0,,,,,,,,,1.0,320400.0,223000.0,5280000,275000.0,,2670000.0,534.0,0.17,2.754,0.333,9.1,0.015
20,553,21,Fe5CoO8,,,,,20.0,20.0,20.0,1.0,,0.3,1.0,227.0,0,,2.545,60.0,30.0,,,,,,,,,1.0,320400.0,223000.0,5280000,275000.0,,2670000.0,534.0,0.17,2.754,0.333,9.1,0.015
21,554,22,Fe5CoO8,,,,,20.0,20.0,20.0,1.0,,0.3,1.0,227.0,0,,2.545,60.0,30.0,,,,,,,,,1.0,320400.0,223000.0,5280000,275000.0,,2670000.0,534.0,0.17,2.754,0.333,9.1,0.015
22,555,23,Fe5CoO8,,,,,20.0,20.0,20.0,1.0,,0.3,1.0,227.0,0,,2.545,60.0,30.0,,,,,,,,,1.0,320400.0,223000.0,5280000,275000.0,,2670000.0,534.0,0.17,2.754,0.333,9.1,0.015
23,556,24,Fe5CoO8,,,,,20.0,20.0,20.0,1.0,,0.3,1.0,227.0,0,,2.545,60.0,30.0,,,,,,,,,1.0,320400.0,223000.0,5280000,275000.0,,2670000.0,534.0,0.17,2.754,0.333,9.1,0.015
24,557,25,Fe5CoO8,,,,,20.0,20.0,20.0,1.0,,0.3,1.0,227.0,0,,2.545,60.0,30.0,,,,,,,,,1.0,320400.0,223000.0,5280000,275000.0,,2670000.0,534.0,0.17,2.754,0.333,9.1,0.015
25,558,26,Fe5CoO8,,,,,20.0,20.0,20.0,1.0,,0.3,1.0,227.0,0,,2.545,60.0,30.0,,,,,,,,,1.0,320400.0,223000.0,5280000,275000.0,,2670000.0,534.0,0.17,2.754,0.333,9.1,0.015
26,559,27,Fe5CoO8,,,,,20.0,20.0,20.0,1.0,,0.3,1.0,227.0,0,,2.545,60.0,30.0,,,,,,,,,1.0,320400.0,223000.0,5280000,275000.0,,2670000.0,534.0,0.17,2.754,0.333,9.1,0.015
27,560,28,Fe5CoO8,,,,,20.0,20.0,20.0,1.0,,0.3,1.0,227.0,0,,2.545,60.0,30.0,,,,,,,,,1.0,320400.0,111528.65,5280000,275000.0,,1717500.0,534.0,0.158,2.754,0.333,6.864,0.004
28,561,29,Fe5CoO8,,,,,12.0,12.0,12.0,1.0,,0.25,1.0,227.0,0,,15.701,77.0,67.0,,,,,,,,,1.0,200000.0,177250.0,1700000,275000.0,,2190000.0,534.0,0.17,2.754,0.333,9.1,0.004
29,562,30,Fe5CoO8,,,,,12.0,12.0,12.0,1.0,,0.25,1.0,227.0,0,,15.701,77.0,67.0,,,,,,,,,1.0,200000.0,177250.0,1700000,25000.0,,772500.0,595.25,0.533,2.754,0.333,9.1,0.004
30,563,31,Fe5CoO8,,,,,12.0,12.0,12.0,1.0,,0.25,1.0,227.0,0,,15.701,77.0,67.0,,,,,,,,,1.0,200000.0,177250.0,1700000,25000.0,,772500.0,595.25,0.533,2.754,0.333,9.1,0.004
31,564,32,Fe23Co7O40,,,,,27.0,27.0,27.0,1.0,,0.222,1.0,227.0,0,,7.36,60.0,40.0,,,,,,,,,1.0,290300.0,223000.0,4385000,294000.0,,2670000.0,534.0,-5.15,2.755,0.333,9.1,0.015
32,565,33,Fe23Co7O40,,,,,27.0,27.0,27.0,1.0,,0.222,1.0,227.0,0,,400.0,70.0,20.0,,,,,,,,,1.0,38225.0,223000.0,5280000,294000.0,,2670000.0,534.0,-5.15,2.755,0.333,9.1,0.015
33,566,34,Fe23Co7O40,,,,,27.0,27.0,27.0,1.0,,0.222,1.0,227.0,0,,400.0,70.0,20.0,,,,,,,,,1.0,38225.0,223000.0,5280000,294000.0,,2670000.0,534.0,-5.15,2.755,0.333,9.1,0.015
34,567,35,Fe23Co7O40,,,,,27.0,27.0,27.0,1.0,,0.222,1.0,227.0,0,,400.0,70.0,20.0,,,,,,,,,1.0,38225.0,223000.0,5280000,294000.0,,2670000.0,534.0,-5.15,2.755,0.333,9.1,0.015
35,568,36,Fe23Co7O40,,,,,27.0,27.0,27.0,1.0,,0.222,1.0,227.0,0,,400.0,70.0,20.0,,,,,,,,,1.0,38225.0,223000.0,5280000,294000.0,,2670000.0,534.0,-5.15,2.755,0.333,9.1,0.015
36,569,37,Fe23Co7O40,,,,,27.0,27.0,27.0,1.0,,0.222,1.0,227.0,0,,400.0,70.0,20.0,,,,,,,,,1.0,38225.0,223000.0,5280000,294000.0,,2670000.0,534.0,-5.15,2.755,0.333,9.1,0.015
37,570,38,Fe23Co7O40,,,,,27.0,27.0,27.0,1.0,,0.222,1.0,227.0,0,,300.0,49.0,15.0,,,,,,,,,1.0,29600.0,223000.0,5280000,294000.0,,2670000.0,534.0,-5.15,2.755,0.333,9.1,0.015
38,571,39,Fe23Co7O40,,,,,27.0,27.0,27.0,1.0,,0.222,1.0,227.0,0,,300.0,49.0,15.0,,,,,,,,,1.0,29600.0,223000.0,5280000,294000.0,,2670000.0,534.0,-5.15,2.755,0.333,9.1,0.015
39,572,40,Fe23Co7O40,,,,,27.0,27.0,27.0,1.0,,0.222,1.0,227.0,0,,300.0,49.0,15.0,,,,,,,,,1.0,29600.0,223000.0,5280000,294000.0,,2670000.0,534.0,-5.15,2.755,0.333,9.1,0.015
40,573,41,Fe23Co7O40,,,,,27.0,27.0,27.0,1.0,,0.222,1.0,227.0,0,,300.0,49.0,15.0,,,,,,,,,1.0,29600.0,223000.0,5280000,294000.0,,2670000.0,534.0,-5.15,2.755,0.333,9.1,0.015
41,574,42,Fe23Co7O40,,,,,27.0,27.0,27.0,1.0,,0.222,1.0,227.0,0,,300.0,49.0,15.0,,,,,,,,,1.0,29600.0,223000.0,5280000,294000.0,,2670000.0,534.0,-5.15,2.755,0.333,9.1,0.015
42,575,43,Fe23Co7O40,,,,,27.0,27.0,27.0,1.0,,0.222,1.0,227.0,0,,400.0,53.0,20.0,,,,,,,,,1.0,35475.0,223000.0,5280000,294000.0,,2670000.0,534.0,-5.15,2.755,0.333,9.1,0.015
43,576,44,Fe23Co7O40,,,,,27.0,27.0,27.0,1.0,,0.222,1.0,227.0,0,,400.0,53.0,20.0,,,,,,,,,1.0,35475.0,223000.0,5280000,294000.0,,2670000.0,534.0,-5.15,2.755,0.333,9.1,0.015
44,577,45,Fe23Co7O40,,,,,27.0,27.0,27.0,1.0,,0.222,1.0,227.0,0,,400.0,53.0,20.0,,,,,,,,,1.0,35475.0,223000.0,5280000,294000.0,,2670000.0,534.0,-5.15,2.755,0.333,9.1,0.015
45,578,46,Fe23Co7O40,,,,,27.0,27.0,27.0,1.0,,0.222,1.0,227.0,0,,400.0,53.0,20.0,,,,,,,,,1.0,35475.0,223000.0,5280000,294000.0,,2670000.0,534.0,-5.15,2.755,0.333,9.1,0.015
46,579,47,Fe23Co7O40,,,,,27.0,27.0,27.0,1.0,,0.222,1.0,227.0,0,,300.0,48.0,15.4,,,,,,,,,1.0,29600.0,223000.0,5280000,294000.0,,2670000.0,534.0,-5.15,2.755,0.333,9.1,0.015
47,580,48,Fe23Co7O40,,,,,27.0,27.0,27.0,1.0,,0.222,1.0,227.0,0,,300.0,48.0,15.4,,,,,,,,,1.0,29600.0,223000.0,5280000,294000.0,,2670000.0,534.0,-5.15,2.755,0.333,9.1,0.015
48,581,49,Fe23Co7O40,,,,,27.0,27.0,27.0,1.0,,0.222,1.0,227.0,0,,300.0,48.0,15.4,,,,,,,,,1.0,29600.0,223000.0,5280000,294000.0,,2670000.0,534.0,-5.15,2.755,0.333,9.1,0.015
49,582,50,Fe23Co7O40,,,,,27.0,27.0,27.0,1.0,,0.222,1.0,227.0,0,,300.0,48.0,15.4,,,,,,,,,1.0,29600.0,223000.0,5280000,294000.0,,2670000.0,534.0,-5.15,2.755,0.333,9.1,0.015
50,583,51,Fe23Co7O40,,,,,27.0,27.0,27.0,1.0,,0.222,1.0,227.0,0,,300.0,48.0,15.4,,,,,,,,,1.0,29600.0,223000.0,5280000,294000.0,,2670000.0,534.0,-5.15,2.755,0.333,9.1,0.015
51,584,52,Fe23Co7O40,,,,,27.0,27.0,27.0,1.0,,0.222,1.0,227.0,0,,400.0,70.0,20.0,,,,,,,,,1.0,38225.0,223000.0,5280000,294000.0,,2670000.0,534.0,-5.15,2.755,0.333,9.1,0.015
52,585,53,Fe23Co7O40,,,,,27.0,27.0,27.0,1.0,,0.222,1.0,227.0,0,,10.86,63.25,43.067,,,,,,,,,1.0,290300.0,192500.0,4385000,294000.0,,2670000.0,534.0,-5.15,2.755,0.333,9.1,0.015
53,586,54,Fe23Co7O40,,,,,27.0,27.0,27.0,1.0,,0.222,1.0,227.0,0,,10.86,63.25,43.067,,,,,,,,,1.0,290300.0,192500.0,4385000,294000.0,,2670000.0,534.0,-5.15,2.755,0.333,9.1,0.015
54,587,55,Fe23Co7O40,,,,,27.0,27.0,27.0,1.0,,0.222,1.0,227.0,0,,10.86,63.25,43.067,,,,,,,,,1.0,290300.0,192500.0,4385000,294000.0,,2670000.0,534.0,-5.15,2.755,0.333,9.1,0.015
55,588,56,Fe23Co7O40,,,,,27.0,27.0,27.0,1.0,,0.222,1.0,227.0,0,,10.86,63.25,43.067,,,,,,,,,1.0,290300.0,192500.0,4385000,294000.0,,2670000.0,534.0,-5.15,2.755,0.333,9.1,0.015
56,589,57,Fe23Co7O40,,,,,27.0,27.0,27.0,1.0,,0.222,1.0,227.0,0,,10.86,63.25,43.067,,,,,,,,,1.0,290300.0,192500.0,4385000,294000.0,,2670000.0,534.0,-5.15,2.755,0.333,9.1,0.015
57,590,58,Fe23Co7O40,,,,,27.0,27.0,27.0,1.0,,0.222,1.0,227.0,0,,10.86,63.25,43.067,,,,,,,,,1.0,290300.0,192500.0,4385000,294000.0,,2670000.0,534.0,-5.15,2.755,0.333,9.1,0.015
58,591,59,Fe23Co7O40,,,,,22.0,22.0,22.0,1.0,,0.273,1.0,227.0,0,,11.0,56.0,40.0,,,,,,,,,1.0,290300.0,223000.0,4385000,294000.0,,2670000.0,534.0,-5.098,2.755,0.333,9.1,0.015
59,592,60,Fe23Co7O40,,,,,22.0,22.0,22.0,1.0,,0.273,1.0,227.0,0,,5.0,61.0,42.0,,,,,,,,,1.0,290300.0,223000.0,4385000,294000.0,,2670000.0,534.0,-5.098,2.755,0.333,9.1,0.015
60,593,61,Fe23Co7O40,,,,,22.0,22.0,22.0,1.0,,0.273,1.0,227.0,0,,8.0,70.0,40.0,,,,,,,,,1.0,290300.0,223000.0,4385000,294000.0,,2670000.0,534.0,-5.098,2.755,0.333,9.1,0.015
61,594,62,Fe23Co7O40,,,,,22.0,22.0,22.0,1.0,,0.273,1.0,227.0,0,,400.0,53.0,20.0,,,,,,,,,1.0,29975.0,223000.0,5280000,294000.0,,2670000.0,534.0,-2.08,2.755,0.333,9.1,0.015
62,595,63,Fe23Co7O40,,,,,22.0,22.0,22.0,1.0,,0.273,1.0,227.0,0,,8.0,60.0,40.0,,,,,,,,,1.0,290300.0,223000.0,4385000,294000.0,,2670000.0,534.0,-5.098,2.755,0.333,9.1,0.015
63,596,64,Fe23Co7O40,,,,,22.0,22.0,22.0,1.0,,0.273,1.0,227.0,0,,10.86,63.25,43.067,,,,,,,,,1.0,290300.0,223000.0,4385000,294000.0,,2670000.0,534.0,-5.098,2.755,0.333,9.1,0.015
64,597,65,CoFe2O4,,,,,12.0,12.0,12.0,1.0,,0.25,1.0,141.0,0,,0.0,81.11,0.0,,,,,,,,,1.0,280000.0,10.6,200000,280000.0,,2030000.0,520.0,0.17,2.757,0.333,0.156,0.001
65,598,66,CoFe2O4,,,,,12.0,12.0,12.0,1.0,,0.25,1.0,141.0,0,,0.0,81.11,0.0,,,,,,,,,1.0,280000.0,10.6,200000,280000.0,,2030000.0,520.0,0.17,2.757,0.333,0.156,0.001
66,599,67,CoFe2O4,,,,,12.0,12.0,12.0,1.0,,0.25,1.0,141.0,0,,0.0,81.11,0.0,,,,,,,,,1.0,280000.0,10.6,200000,280000.0,,2030000.0,520.0,0.17,2.757,0.333,0.156,0.001
67,600,68,CoFe2O4,,,,,12.0,12.0,12.0,1.0,,0.25,1.0,141.0,0,,0.0,81.11,0.0,,,,,,,,,1.0,280000.0,10.6,200000,280000.0,,2030000.0,520.0,0.17,2.757,0.333,0.156,0.001
68,601,69,CoFe2O4,,,,,12.0,12.0,12.0,1.0,,0.25,1.0,141.0,0,,0.0,81.11,0.0,,,,,,,,,1.0,280000.0,10.6,200000,280000.0,,2030000.0,520.0,0.17,2.757,0.333,0.156,0.001
69,602,70,CoFe2O4,,,,,12.0,12.0,12.0,1.0,,0.25,1.0,141.0,0,,0.0,76.9,0.0,,,,,,,,,1.0,280000.0,10.6,200000,280000.0,,2030000.0,520.0,0.17,2.757,0.333,0.156,0.001
70,603,71,CoFe2O4,,,,,12.0,12.0,12.0,1.0,,0.25,1.0,141.0,0,,0.0,76.9,0.0,,,,,,,,,1.0,280000.0,10.6,200000,280000.0,,2030000.0,520.0,0.17,2.757,0.333,0.156,0.001
71,604,72,CoFe2O4,,,,,12.0,12.0,12.0,1.0,,0.25,1.0,141.0,0,,0.0,76.9,0.0,,,,,,,,,1.0,280000.0,10.6,200000,280000.0,,2030000.0,520.0,0.17,2.757,0.333,0.156,0.001
72,605,73,CoFe2O4,,,,,12.0,12.0,12.0,1.0,,0.25,1.0,141.0,0,,0.0,76.9,0.0,,,,,,,,,1.0,280000.0,10.6,200000,280000.0,,2030000.0,520.0,0.17,2.757,0.333,0.156,0.001
73,606,74,CoFe2O4,,,,,12.0,12.0,12.0,1.0,,0.25,1.0,141.0,0,,0.0,76.9,0.0,,,,,,,,,1.0,280000.0,10.6,200000,280000.0,,2030000.0,520.0,0.17,2.757,0.333,0.156,0.001
74,607,75,CoFe2O4,,,,,11.0,11.0,11.0,1.0,,0.273,1.0,227.0,0,,64.3,49.18,7.6,,,,,,,,,1.0,16000.0,10.6,14000,280000.0,,2030000.0,520.0,0.17,2.757,0.333,0.156,0.001
75,608,76,CoFe2O4,,,,,11.0,11.0,11.0,1.0,,0.273,1.0,227.0,0,,64.3,49.18,7.6,,,,,,,,,1.0,16000.0,10.6,14000,280000.0,,2030000.0,520.0,0.17,2.757,0.333,0.156,0.001
76,609,77,CoFe2O4,,,,,11.0,11.0,11.0,1.0,,0.273,1.0,227.0,0,,64.3,49.18,7.6,,,,,,,,,1.0,16000.0,10.6,14000,280000.0,,2030000.0,520.0,0.17,2.757,0.333,0.156,0.001
77,610,78,CoFe2O4,,,,,7.7,7.7,7.7,1.0,,0.39,1.0,227.0,0,,55.6,61.51,9.25,,,,,,,,,1.0,16000.0,10.6,14000,280000.0,,2030000.0,520.0,0.17,2.757,0.333,0.156,0.001
78,611,79,CoFe2O4,,,,,7.7,7.7,7.7,1.0,,0.39,1.0,227.0,0,,55.6,61.51,9.25,,,,,,,,,1.0,16000.0,10.6,14000,280000.0,,2030000.0,520.0,0.17,2.757,0.333,0.156,0.001
79,612,80,CoFe2O4,,,,,7.7,7.7,7.7,1.0,,0.39,1.0,227.0,0,,55.6,61.51,9.25,,,,,,,,,1.0,16000.0,10.6,14000,280000.0,,2030000.0,520.0,0.17,2.757,0.333,0.156,0.001
80,613,81,CoFe2O4,,,,,11.96,11.96,11.96,1.0,,0.251,1.0,227.0,0,,20.0,55.4,6.2,,,,,,,,,1.0,200000.0,10.6,1200,280000.0,,2030000.0,520.0,0.17,2.757,0.333,0.156,0.001
81,614,82,CoFe2O4,,,,,11.96,11.96,11.96,1.0,,0.251,1.0,227.0,0,,20.0,55.4,6.2,,,,,,,,,1.0,200000.0,10.6,1200,280000.0,,2030000.0,520.0,0.17,2.757,0.333,0.156,0.001
82,615,83,CoFe2O4,,,,,11.96,11.96,11.96,1.0,,0.251,1.0,227.0,0,,20.0,55.4,6.2,,,,,,,,,1.0,200000.0,10.6,1200,280000.0,,2030000.0,520.0,0.17,2.757,0.333,0.156,0.001
83,616,84,CoFe2O4,,,,,11.96,11.96,11.96,1.0,,0.251,1.0,227.0,0,,20.0,55.4,6.2,,,,,,,,,1.0,200000.0,10.6,1200,280000.0,,2030000.0,520.0,0.17,2.757,0.333,0.156,0.001
84,617,85,CoFe2O4,,,,,11.96,11.96,11.96,1.0,,0.251,1.0,227.0,0,,20.0,55.4,6.2,,,,,,,,,1.0,200000.0,10.6,1200,280000.0,,2030000.0,520.0,0.17,2.757,0.333,0.156,0.001
85,618,86,CoFe2O4,,,,,10.0,10.0,10.0,1.0,,0.3,1.0,227.0,0,,0.8,76.0,43.0,,,,,,,,,1.0,296000.0,10.6,200000,280000.0,,2030000.0,520.0,0.17,2.757,0.333,0.156,0.001
86,619,87,CoFe2O4,,,,,10.0,10.0,10.0,1.0,,0.3,1.0,227.0,0,,0.8,76.0,43.0,,,,,,,,,1.0,296000.0,10.6,200000,280000.0,,2030000.0,520.0,0.17,2.757,0.333,0.156,0.001
87,620,88,CoFe2O4,,,,,10.0,10.0,10.0,1.0,,0.3,1.0,227.0,0,,0.8,76.0,43.0,,,,,,,,,1.0,296000.0,10.6,200000,280000.0,,2030000.0,520.0,0.17,2.757,0.333,0.156,0.001
88,621,89,CoFe2O4,,,,,10.0,10.0,10.0,1.0,,0.3,1.0,227.0,0,,0.8,76.0,43.0,,,,,,,,,1.0,296000.0,10.6,200000,280000.0,,2030000.0,520.0,0.17,2.757,0.333,0.156,0.001
89,622,90,CoFe2O4,,,,,10.0,10.0,10.0,1.0,,0.3,1.0,227.0,0,,0.8,76.0,43.0,,,,,,,,,1.0,296000.0,10.6,200000,280000.0,,2030000.0,520.0,0.17,2.757,0.333,0.156,0.001
90,623,91,CoFe2O4,,,,,10.0,10.0,10.0,1.0,,0.3,1.0,227.0,0,,0.8,76.0,43.0,,,,,,,,,1.0,296000.0,10.6,200000,280000.0,,2030000.0,520.0,0.17,2.757,0.333,0.156,0.001
91,624,92,CoFe2O4,,,,,4.0,4.0,4.0,1.0,,0.75,1.0,227.0,0,,123.8,48.01,0.72,,,,,,,,,1.0,16000.0,10.6,200000,280000.0,,1200000.0,520.0,0.17,2.757,0.333,0.156,0.001
92,625,93,CoFe2O4,,,,,4.0,4.0,4.0,1.0,,0.75,1.0,227.0,0,,123.8,48.01,0.72,,,,,,,,,1.0,16000.0,10.6,200000,280000.0,,1200000.0,520.0,0.17,2.757,0.333,0.156,0.001
93,626,94,CoFe2O4,,,,,4.0,4.0,4.0,1.0,,0.75,1.0,227.0,0,,123.8,48.01,0.72,,,,,,,,,1.0,16000.0,10.6,200000,280000.0,,1200000.0,520.0,0.17,2.757,0.333,0.156,0.001
94,627,95,CoFe2O4,,,,,7.7,7.7,7.7,1.0,,0.39,1.0,227.0,0,,0.0,92.0,0.0,,,,,,,,,1.0,16000.0,10.6,14000,280000.0,,2030000.0,789.0,0.17,2.757,0.333,0.156,0.001
95,628,96,CoFe2O4,,,,,15.0,15.0,15.0,1.0,,0.4,1.0,227.0,0,,10.0,47.9,40.0,,,,,,,,,1.0,52750.0,33.95,14000,280000.0,,2030000.0,803.0,0.17,2.757,0.333,0.156,0.001
96,629,97,CoFe2O4,,,,,9.2,9.2,9.2,1.0,,0.652,1.0,227.0,0,,3.564,32.0,19.253,,,,,,,,,1.0,92000.0,10.6,1200,200000.0,,2030000.0,793.0,0.17,2.757,0.333,0.156,0.001
97,630,98,CoFe2O4,,,,,9.2,9.2,9.2,1.0,,0.652,1.0,227.0,0,,3.564,32.0,19.253,,,,,,,,,1.0,92000.0,10.6,1200,200000.0,,2030000.0,793.0,0.17,2.757,0.333,0.156,0.001
98,631,99,CoFe2O4,,,,,4.1,4.1,4.1,0.995,,1.463,1.0,227.0,0,,1450.0,71.7,32.8,,,,,,,,,2.333,60000.0,10.6,210000,11000.0,,1200000.0,795.0,0.17,2.757,0.333,0.156,0.001
99,632,100,CoFe2O4,,,,,13.8,13.8,13.8,1.0,,0.435,1.0,227.0,0,,1450.0,71.7,32.8,,,,,,,,,2.333,60000.0,10.6,210000,11000.0,,2030000.0,795.0,0.17,2.757,0.333,0.156,0.001
100,633,101,CoFe2O4,,,,,4.1,4.1,4.1,0.995,,1.463,1.0,227.0,0,,1450.0,71.7,32.8,,,,,,,,,2.333,60000.0,10.6,210000,11000.0,,1200000.0,795.0,0.17,2.757,0.333,0.156,0.001
101,634,102,CoFe2O4,,,,,13.8,13.8,13.8,1.0,,0.435,1.0,227.0,0,,631.5,23.1,8.4,,,,,,,,,2.333,60000.0,10.6,210000,11000.0,,2030000.0,795.0,0.17,2.757,0.333,0.156,0.001
102,635,103,CoFe2O4,,,,,24.5,24.5,24.5,1.0,,0.245,1.0,227.0,0,,748.72,127.6,38.8,,,,,,,,,2.333,60000.0,10.6,210000,11000.0,,2030000.0,795.0,0.17,2.757,0.333,0.156,0.001
103,636,104,CoFe2O4,,,,,32.1,32.1,32.1,1.0,,0.187,1.0,227.0,0,,1567.15,45.7,21.2,,,,,,,,,2.333,60000.0,10.6,210000,11000.0,,1615000.0,795.0,0.17,2.757,0.333,0.156,0.001
104,637,105,CoFe2O4,,,,,45.2,45.2,45.2,1.0,,0.133,1.0,227.0,0,,631.5,23.1,8.4,,,,,,,,,2.333,60000.0,10.6,210000,11000.0,,512734.25,795.0,0.17,2.757,0.333,0.156,0.001
105,638,106,CoFe2O4,,,,,24.5,24.5,24.5,1.0,,0.245,1.0,227.0,0,,748.72,127.6,38.8,,,,,,,,,2.333,60000.0,10.6,210000,11000.0,,2030000.0,795.0,0.17,2.757,0.333,0.156,0.001
106,639,107,CoFe2O4,,,,,32.1,32.1,32.1,1.0,,0.187,1.0,227.0,0,,1567.15,45.7,21.2,,,,,,,,,2.333,60000.0,10.6,210000,11000.0,,1615000.0,795.0,0.17,2.757,0.333,0.156,0.001
107,640,108,CoFe2O4,,,,,45.2,45.2,45.2,1.0,,0.133,1.0,227.0,0,,631.5,23.1,8.4,,,,,,,,,2.333,60000.0,10.6,210000,11000.0,,512734.25,795.0,0.17,2.757,0.333,0.156,0.001
108,641,109,CoFe2O4,,,,,14.0,14.0,14.0,1.0,,0.429,1.0,227.0,0,,1450.0,71.7,32.8,,,,,,,,,2.333,60000.0,10.6,210000,11000.0,,2030000.0,793.0,0.17,2.757,0.333,0.156,0.001
109,642,110,CoFe2O4,,,,,164.8,164.8,164.8,1.0,,0.018,1.0,227.0,0,,797.0,100.0,29.0,,,,,,,,,2.333,200000.0,10.6,390000,280000.0,,1615000.0,793.0,0.17,2.757,0.333,0.156,0.001
110,643,111,CoFe2O4,,,,,164.8,164.8,164.8,1.0,,0.018,1.0,227.0,0,,797.0,100.0,29.0,,,,,,,,,2.333,16000.0,10.6,390000,280000.0,,1615000.0,793.0,0.17,2.757,0.333,0.156,0.001
111,644,112,CoFe2O4,,,,,4.0,4.0,4.0,1.0,,0.75,1.0,227.0,0,,277.4,68.3,11.7,,,,,,,,,2.333,1900000.0,10.6,390000,600.0,,1200000.0,793.0,0.17,2.757,0.333,0.156,0.001
112,645,113,CoFe2O4,,,,,3.5,3.5,3.5,1.0,,0.857,1.0,227.0,0,,127.2,80.3,6.9,,,,,,,,,2.333,1900000.0,10.6,390000,600.0,,1200000.0,793.0,0.17,2.757,0.333,0.156,0.001
113,646,114,CoFe2O4,,,,,4.0,4.0,4.0,1.0,,0.75,1.0,227.0,0,,47.0,66.3,3.8,,,,,,,,,2.333,1900000.0,10.6,390000,200000.0,,1200000.0,793.0,0.17,2.842,0.333,0.156,0.001
114,647,115,CoFe2O4,,,,,1.5,1.5,1.5,1.0,,2.0,1.0,227.0,0,,77.3,35.2,0.5,,,,,,,,,2.333,16000.0,10.6,390000,200000.0,,1200000.0,793.0,0.17,2.757,0.333,0.156,0.001
115,648,116,CoFe2O4,,,,,2.0,2.0,2.0,1.0,,1.5,1.0,227.0,0,,59.1,45.3,0.9,,,,,,,,,2.333,16000.0,10.6,390000,200000.0,,1200000.0,793.0,0.17,2.757,0.333,0.156,0.001
116,649,117,CoFe2O4,,,,,2.0,2.0,2.0,1.0,,1.5,1.0,227.0,0,,195.4,99.3,5.8,,,,,,,,,2.333,16000.0,10.6,390000,200000.0,,1200000.0,793.0,0.17,2.757,0.333,0.156,0.001
117,650,118,CoFe2O4,,,,,2.0,2.0,2.0,1.0,,1.5,1.0,227.0,0,,72.5,36.6,0.8,,,,,,,,,2.333,200000.0,10.6,390000,200000.0,,1200000.0,793.0,0.17,2.842,0.333,0.156,0.001
118,651,119,CoFe2O4,,,,,5.0,5.0,5.0,0.998,,1.2,1.0,227.0,0,,101.775,55.7,1.975,,,,,,,,,2.333,16000.0,10.6,390000,200000.0,,1200000.0,793.0,0.17,2.757,0.333,0.156,0.001
119,652,120,CoFe2O4,,,,,10.0,10.0,10.0,0.998,,0.6,1.0,227.0,0,,101.775,55.7,1.975,,,,,,,,,2.333,16000.0,10.6,390000,200000.0,,1200000.0,793.0,0.17,2.757,0.333,0.156,0.001
120,653,121,CoFe2O4,,,,,20.5,20.5,20.5,1.0,,0.293,1.0,227.0,0,,101.775,55.7,1.975,,,,,,,,,2.333,16000.0,10.6,390000,200000.0,,2030000.0,793.0,0.17,2.757,0.333,0.156,0.001
121,654,122,CoFe2O4,,,,,11.5,11.5,11.5,1.0,,0.522,1.0,227.0,0,,101.775,55.7,1.975,,,,,,,,,2.333,16000.0,10.6,390000,200000.0,,2030000.0,793.0,0.17,2.757,0.333,0.156,0.001
122,655,123,CoFe2O4,,,,,2.0,2.0,2.0,1.0,,1.5,1.0,227.0,0,,75.3,43.0,0.7,,,,,,,,,2.333,16000.0,10.6,1200,200000.0,,1200000.0,793.0,0.17,2.842,0.333,0.156,0.001
123,656,124,CuFe2O4,,,,,19.9,19.9,19.9,1.0,,0.151,1.0,141.0,0,,4.0,53.1,0.5,,,,,,,,,0.786,62500.0,200.0,190000,18100.0,,2030000.0,508.0,12.24,2.76,0.333,0.328,0.0
124,657,125,CuFe2O4,,,,,19.9,19.9,19.9,1.0,,0.151,1.0,141.0,0,,4.0,53.1,0.5,,,,,,,,,0.786,62500.0,200.0,190000,18100.0,,2030000.0,508.0,12.24,2.76,0.333,0.328,0.0
125,658,126,CuFe2O4,,,,,19.9,19.9,19.9,1.0,,0.151,1.0,141.0,0,,4.0,53.1,0.5,,,,,,,,,0.786,62500.0,200.0,190000,18100.0,,2030000.0,508.0,12.24,2.76,0.333,0.328,0.0
126,659,127,Cu2Fe2O4,,,,,480.0,41.5,41.5,1.0,,0.006,11.566,141.0,0,,0.0,7.0,0.0,,,,,,,,,0.333,62500.0,8602.0,190000,18100.0,,2030000.0,508.0,12.24,2.652,0.333,0.328,0.0
127,660,128,Cu2Fe2O4,,,,,480.0,41.5,41.5,1.0,,0.006,11.566,141.0,0,,0.0,7.0,0.0,,,,,,,,,0.333,62500.0,8602.0,190000,18100.0,,2030000.0,508.0,12.24,2.652,0.333,0.328,0.0
128,661,129,Cu2Fe2O4,,,,,7.0,7.0,7.0,1.0,,0.429,1.0,227.0,0,,16.83,28.4,0.212,,,,,,,,,0.333,62500.0,111552.0,190000,18100.0,,2670000.0,508.0,12.24,2.652,0.333,0.5,0.008
129,662,130,Cu2Fe2O4,,,,,7.0,7.0,7.0,1.0,,0.429,1.0,227.0,0,,6.11,7.2,0.212,,,,,,,,,0.333,62500.0,111552.0,190000,18100.0,,2670000.0,508.0,12.24,2.652,0.333,0.5,0.008
130,663,131,MnFe5O8,,,,,8.0,8.0,8.0,0.999,,0.375,1.0,227.0,0,,60.0,65.9,0.0,,,,,,,,,0.536,61900.0,104.0,3000,27946.56,,140000.0,800.0,0.12,2.73,0.333,0.5,0.0
131,664,132,MnFe5O8,,,,,8.0,8.0,8.0,0.999,,0.375,1.0,227.0,0,,60.0,65.9,0.0,,,,,,,,,0.536,61900.0,104.0,3000,27946.56,,140000.0,800.0,0.12,2.73,0.333,0.5,0.0
132,665,133,Fe3O4,,,,,35.0,35.0,35.0,1.0,,0.086,1.0,227.0,0,,0.0,66.0,0.0,,,,,,,,,1.0,11000.0,104.0,11000,255000.0,,140000.0,858.0,0.67,2.75,0.333,0.5,0.0
133,666,134,Fe3O4,,,,,35.0,35.0,35.0,1.0,,0.086,1.0,227.0,0,,0.0,66.0,0.0,,,,,,,,,1.0,11000.0,104.0,11000,255000.0,,140000.0,858.0,0.67,2.75,0.333,0.5,0.0
134,667,135,Fe3O4,,,,,35.0,35.0,35.0,1.0,,0.086,1.0,227.0,0,,0.0,66.0,0.0,,,,,,,,,1.0,11000.0,104.0,11000,255000.0,,140000.0,858.0,0.67,2.75,0.333,0.5,0.0
135,668,136,Fe3O4,,,,,35.0,35.0,35.0,1.0,,0.086,1.0,227.0,0,,0.0,66.0,0.0,,,,,,,,,1.0,11000.0,104.0,11000,255000.0,,140000.0,858.0,0.67,2.75,0.333,0.5,0.0
136,669,137,Fe3O4,,,,,35.0,35.0,35.0,1.0,,0.086,1.0,227.0,0,,0.0,66.0,0.0,,,,,,,,,1.0,11000.0,104.0,11000,255000.0,,140000.0,858.0,0.67,2.75,0.333,0.5,0.0
137,670,138,Fe3O4,,,,,35.0,35.0,35.0,1.0,,0.086,1.0,227.0,0,,0.0,66.0,0.0,,,,,,,,,1.0,11000.0,104.0,11000,255000.0,,140000.0,858.0,0.67,2.75,0.333,0.5,0.0
138,671,139,Fe3O4,,,,,35.0,35.0,35.0,1.0,,0.086,1.0,227.0,0,,0.0,66.0,0.0,,,,,,,,,1.0,11000.0,104.0,11000,255000.0,,140000.0,858.0,0.67,2.75,0.333,0.5,0.0
139,672,140,Fe3O4,,,,,35.0,35.0,35.0,1.0,,0.086,1.0,227.0,0,,0.0,66.0,0.0,,,,,,,,,1.0,11000.0,104.0,11000,255000.0,,140000.0,858.0,0.67,2.75,0.333,0.5,0.0
140,673,141,Fe3O4,,,,,17.0,17.0,17.0,1.0,,0.176,1.0,227.0,0,,0.0,59.0,0.0,,,,,,,,,1.0,11000.0,104.0,3000,255000.0,,140000.0,858.0,0.12,2.75,0.333,0.5,0.0
141,674,142,Fe3O4,,,,,17.0,17.0,17.0,1.0,,0.176,1.0,227.0,0,,0.0,59.0,0.0,,,,,,,,,1.0,11000.0,104.0,3000,255000.0,,140000.0,858.0,0.12,2.75,0.333,0.5,0.0
142,675,143,Fe3O4,,,,,17.0,17.0,17.0,1.0,,0.176,1.0,227.0,0,,0.0,59.0,0.0,,,,,,,,,1.0,11000.0,104.0,3000,255000.0,,140000.0,858.0,0.12,2.75,0.333,0.5,0.0
143,676,144,Fe3O4,,,,,17.0,17.0,17.0,1.0,,0.176,1.0,227.0,0,,0.0,59.0,0.0,,,,,,,,,1.0,11000.0,104.0,3000,255000.0,,140000.0,858.0,0.12,2.75,0.333,0.5,0.0
144,677,145,Fe3O4,,,,,17.0,17.0,17.0,1.0,,0.176,1.0,227.0,0,,0.0,59.0,0.0,,,,,,,,,1.0,11000.0,104.0,3000,255000.0,,140000.0,858.0,0.12,2.75,0.333,0.5,0.0
145,678,146,Fe3O4,,,,,17.0,17.0,17.0,1.0,,0.176,1.0,227.0,0,,0.0,59.0,0.0,,,,,,,,,1.0,11000.0,104.0,3000,255000.0,,140000.0,858.0,0.12,2.75,0.333,0.5,0.0
146,679,147,Fe3O4,,,,,17.0,17.0,17.0,1.0,,0.176,1.0,227.0,0,,0.0,59.0,0.0,,,,,,,,,1.0,11000.0,104.0,3000,255000.0,,140000.0,858.0,0.12,2.75,0.333,0.5,0.0
147,680,148,Fe3O4,,,,,17.0,17.0,17.0,1.0,,0.176,1.0,227.0,0,,0.0,59.0,0.0,,,,,,,,,1.0,11000.0,104.0,3000,255000.0,,140000.0,858.0,0.12,2.75,0.333,0.5,0.0
148,681,149,Fe3O4,,,,,17.0,17.0,17.0,1.0,,0.176,1.0,227.0,0,,0.0,59.0,0.0,,,,,,,,,1.0,11000.0,104.0,3000,255000.0,,140000.0,858.0,0.12,2.75,0.333,0.5,0.0
149,682,150,Fe3O4,,,,,17.0,17.0,17.0,1.0,,0.176,1.0,227.0,0,,0.0,59.0,0.0,,,,,,,,,1.0,11000.0,104.0,3000,255000.0,,140000.0,858.0,0.12,2.75,0.333,0.5,0.0
150,683,151,Fe3O4,,,,,17.0,17.0,17.0,1.0,,0.176,1.0,227.0,0,,0.0,59.0,0.0,,,,,,,,,1.0,11000.0,104.0,3000,255000.0,,140000.0,858.0,0.12,2.75,0.333,0.5,0.0
151,684,152,Fe3O4,,,,,17.0,17.0,17.0,1.0,,0.176,1.0,227.0,0,,0.0,59.0,0.0,,,,,,,,,1.0,11000.0,104.0,3000,255000.0,,140000.0,858.0,0.12,2.75,0.333,0.5,0.0
152,685,153,Fe3O4,,,,,17.0,17.0,17.0,1.0,,0.176,1.0,227.0,0,,0.0,59.0,0.0,,,,,,,,,1.0,11000.0,104.0,3000,255000.0,,140000.0,858.0,0.12,2.75,0.333,0.5,0.0
153,686,154,Fe3O4,,,,,17.0,17.0,17.0,1.0,,0.176,1.0,227.0,0,,0.0,59.0,0.0,,,,,,,,,1.0,11000.0,104.0,3000,255000.0,,140000.0,858.0,0.12,2.75,0.333,0.5,0.0
154,687,155,Fe3O4,,,,,17.0,17.0,17.0,1.0,,0.176,1.0,227.0,0,,0.0,59.0,0.0,,,,,,,,,1.0,11000.0,104.0,3000,255000.0,,140000.0,858.0,0.12,2.75,0.333,0.5,0.0
155,688,156,Fe3O4,,,,,17.0,17.0,17.0,1.0,,0.176,1.0,227.0,0,,0.0,59.0,0.0,,,,,,,,,1.0,11000.0,104.0,3000,255000.0,,140000.0,858.0,0.12,2.75,0.333,0.5,0.0
156,689,157,Fe3O4,,,,,17.0,17.0,17.0,1.0,,0.176,1.0,227.0,0,,0.0,59.0,0.0,,,,,,,,,1.0,11000.0,104.0,3000,255000.0,,140000.0,858.0,0.12,2.75,0.333,0.5,0.0
157,690,158,Fe3O4,,,,,17.0,17.0,17.0,1.0,,0.176,1.0,227.0,0,,0.0,59.0,0.0,,,,,,,,,1.0,11000.0,104.0,3000,255000.0,,140000.0,858.0,0.12,2.75,0.333,0.5,0.0
158,691,159,Fe3O4,,,,,17.0,17.0,17.0,1.0,,0.176,1.0,227.0,0,,0.0,59.0,0.0,,,,,,,,,1.0,11000.0,104.0,3000,255000.0,,140000.0,858.0,0.12,2.75,0.333,0.5,0.0
159,692,160,Fe3O4,,,,,17.0,17.0,17.0,1.0,,0.176,1.0,227.0,0,,0.0,59.0,0.0,,,,,,,,,1.0,11000.0,104.0,3000,255000.0,,140000.0,858.0,0.12,2.75,0.333,0.5,0.0
160,693,161,Fe3O4,,,,,17.0,17.0,17.0,1.0,,0.176,1.0,227.0,0,,0.0,59.0,0.0,,,,,,,,,1.0,11000.0,104.0,3000,255000.0,,140000.0,858.0,0.12,2.75,0.333,0.5,0.0
161,694,162,Fe3O4,,,,,17.0,17.0,17.0,1.0,,0.176,1.0,227.0,0,,0.0,59.0,0.0,,,,,,,,,1.0,11000.0,104.0,3000,255000.0,,140000.0,858.0,0.12,2.75,0.333,0.5,0.0
162,695,163,Fe3O4,,,,,20.0,20.0,20.0,1.0,,0.15,1.0,227.0,0,,0.0,59.0,0.0,,,,,,,,,1.0,4400.0,104.0,3000,37000.0,,140000.0,858.0,0.12,2.75,0.333,0.5,0.0
163,696,164,Fe3O4,,,,,20.0,20.0,20.0,1.0,,0.15,1.0,227.0,0,,0.0,59.0,0.0,,,,,,,,,1.0,4400.0,104.0,3000,37000.0,,140000.0,858.0,0.12,2.75,0.333,0.5,0.0
164,697,165,Fe3O4,,,,,20.0,20.0,20.0,1.0,,0.15,1.0,227.0,0,,0.0,59.0,0.0,,,,,,,,,1.0,4400.0,104.0,3000,37000.0,,140000.0,858.0,0.12,2.75,0.333,0.5,0.0
165,698,166,Fe3O4,,,,,20.0,20.0,20.0,1.0,,0.15,1.0,227.0,0,,0.0,59.0,0.0,,,,,,,,,1.0,4400.0,104.0,3000,37000.0,,140000.0,858.0,0.12,2.75,0.333,0.5,0.0
166,699,167,Fe3O4,,,,,20.0,20.0,20.0,1.0,,0.15,1.0,227.0,0,,0.0,59.0,0.0,,,,,,,,,1.0,4400.0,104.0,3000,37000.0,,140000.0,858.0,0.12,2.75,0.333,0.5,0.0
167,700,168,Fe3O4,,,,,20.0,20.0,20.0,1.0,,0.15,1.0,227.0,0,,0.0,59.0,0.0,,,,,,,,,1.0,4400.0,104.0,3000,37000.0,,140000.0,858.0,0.12,2.75,0.333,0.5,0.0
168,701,169,Fe3O4,,,,,20.0,20.0,20.0,1.0,,0.15,1.0,227.0,0,,0.0,59.0,0.0,,,,,,,,,1.0,4400.0,104.0,3000,37000.0,,140000.0,858.0,0.12,2.75,0.333,0.5,0.0
169,702,170,Fe3O4,,,,,20.0,20.0,20.0,1.0,,0.15,1.0,227.0,0,,0.0,59.0,0.0,,,,,,,,,1.0,4400.0,104.0,3000,37000.0,,140000.0,858.0,0.12,2.75,0.333,0.5,0.0
170,703,171,Fe3O4,,,,,20.0,20.0,20.0,1.0,,0.15,1.0,227.0,0,,0.0,59.0,0.0,,,,,,,,,1.0,4400.0,104.0,3000,37000.0,,140000.0,858.0,0.12,2.75,0.333,0.5,0.0
171,704,172,Fe3O4,,,,,20.0,20.0,20.0,1.0,,0.15,1.0,227.0,0,,0.0,59.0,0.0,,,,,,,,,1.0,4400.0,104.0,3000,37000.0,,140000.0,858.0,0.12,2.75,0.333,0.5,0.0
172,705,173,Fe3O4,,,,,20.0,20.0,20.0,1.0,,0.15,1.0,227.0,0,,0.0,59.0,0.0,,,,,,,,,1.0,4400.0,104.0,3000,37000.0,,140000.0,858.0,0.12,2.75,0.333,0.5,0.0
173,706,174,Fe3O4,,,,,20.0,20.0,20.0,1.0,,0.15,1.0,227.0,0,,0.0,59.0,0.0,,,,,,,,,1.0,4400.0,104.0,3000,37000.0,,140000.0,858.0,0.12,2.75,0.333,0.5,0.0
174,707,175,Fe3O4,,,,,20.0,20.0,20.0,1.0,,0.15,1.0,227.0,0,,0.0,59.0,0.0,,,,,,,,,1.0,4400.0,104.0,3000,37000.0,,140000.0,858.0,0.12,2.75,0.333,0.5,0.0
175,708,176,Fe3O4,,,,,20.0,20.0,20.0,1.0,,0.15,1.0,227.0,0,,0.0,65.1,0.0,,,,,,,,,1.0,4400.0,104.0,3000,37000.0,,140000.0,858.0,0.12,2.75,0.333,0.5,0.0
176,709,177,Fe3O4,,,,,20.0,20.0,20.0,1.0,,0.15,1.0,227.0,0,,0.0,65.1,0.0,,,,,,,,,1.0,4400.0,104.0,3000,37000.0,,140000.0,858.0,0.12,2.75,0.333,0.5,0.0
177,710,178,Fe3O4,,,,,20.0,20.0,20.0,1.0,,0.15,1.0,227.0,0,,0.0,65.1,0.0,,,,,,,,,1.0,4400.0,104.0,3000,37000.0,,140000.0,858.0,0.12,2.75,0.333,0.5,0.0
178,711,179,Fe3O4,,,,,20.0,20.0,20.0,1.0,,0.15,1.0,227.0,0,,0.0,65.1,0.0,,,,,,,,,1.0,4400.0,104.0,3000,37000.0,,140000.0,858.0,0.12,2.75,0.333,0.5,0.0
179,712,180,Fe3O4,,,,,20.0,20.0,20.0,1.0,,0.15,1.0,227.0,0,,0.0,67.0,0.0,,,,,,,,,1.0,4400.0,104.0,3000,37000.0,,140000.0,858.0,0.12,2.75,0.333,0.5,0.0
180,713,181,Fe3O4,,,,,20.0,20.0,20.0,1.0,,0.15,1.0,227.0,0,,0.0,67.0,0.0,,,,,,,,,1.0,4400.0,104.0,3000,37000.0,,140000.0,858.0,0.12,2.75,0.333,0.5,0.0
181,714,182,Fe3O4,,,,,20.0,20.0,20.0,1.0,,0.15,1.0,227.0,0,,0.0,67.0,0.0,,,,,,,,,1.0,4400.0,104.0,3000,37000.0,,140000.0,858.0,0.12,2.75,0.333,0.5,0.0
182,715,183,Fe3O4,,,,,20.0,20.0,20.0,1.0,,0.15,1.0,227.0,0,,0.0,67.0,0.0,,,,,,,,,1.0,4400.0,104.0,3000,37000.0,,140000.0,858.0,0.12,2.75,0.333,0.5,0.0
183,716,184,Fe3O4,,,,,20.0,20.0,20.0,1.0,,0.15,1.0,227.0,0,,0.0,68.1,0.0,,,,,,,,,1.0,4400.0,104.0,3000,37000.0,,140000.0,858.0,0.12,2.75,0.333,0.5,0.0
184,717,185,Fe3O4,,,,,20.0,20.0,20.0,1.0,,0.15,1.0,227.0,0,,0.0,68.1,0.0,,,,,,,,,1.0,4400.0,104.0,3000,37000.0,,140000.0,858.0,0.12,2.75,0.333,0.5,0.0
185,718,186,Fe3O4,,,,,20.0,20.0,20.0,1.0,,0.15,1.0,227.0,0,,0.0,68.1,0.0,,,,,,,,,1.0,4400.0,104.0,3000,37000.0,,140000.0,858.0,0.12,2.75,0.333,0.5,0.0
186,719,187,Fe3O4,,,,,20.0,20.0,20.0,1.0,,0.15,1.0,227.0,0,,0.0,68.1,0.0,,,,,,,,,1.0,4400.0,104.0,3000,37000.0,,140000.0,858.0,0.12,2.75,0.333,0.5,0.0
187,720,188,Fe3O4,,,,,13.97,13.97,13.97,1.0,,0.215,1.0,227.0,0,,22.4,70.6,2.6,,,,,,,,,1.0,25600.0,104.0,11000,37000.0,,140000.0,858.0,0.12,2.75,0.21,0.5,0.0
188,721,189,Fe3O4,,,,,13.97,13.97,13.97,1.0,,0.215,1.0,227.0,0,,22.4,70.6,2.6,,,,,,,,,1.0,25600.0,104.0,11000,37000.0,,140000.0,858.0,0.12,2.75,0.21,0.5,0.0
189,722,190,Fe3O4,,,,,13.97,13.97,13.97,1.0,,0.215,1.0,227.0,0,,22.4,70.6,2.6,,,,,,,,,1.0,25600.0,104.0,11000,37000.0,,140000.0,858.0,0.12,2.75,0.21,0.5,0.0
190,723,191,Fe3O4,,,,,42.2,42.2,42.2,1.0,,0.071,1.0,227.0,0,,68.0,26.8,6.7,,,,,,,,,1.0,1700.0,104.0,11000,18000.0,,140000.0,858.0,0.12,2.75,0.333,0.5,0.0
191,724,192,Fe3O4,,,,,38.9,38.9,38.9,1.0,,0.077,1.0,227.0,0,,57.3,49.8,7.0,,,,,,,,,1.0,350.0,104.0,11000,18000.0,,140000.0,858.0,0.12,2.75,0.333,0.5,0.0
192,725,193,Fe3O4,,,,,38.9,38.9,38.9,1.0,,0.077,1.0,227.0,0,,57.3,49.8,7.0,,,,,,,,,1.0,350.0,104.0,11000,18000.0,,140000.0,858.0,0.12,2.75,0.333,0.5,0.0
193,726,194,Fe3O4,,,,,50.5,20.0,43.0,0.744,,0.059,2.525,227.0,0,,130.0,73.9,20.2,,,,,,,,,1.0,350.0,104.0,11000,18000.0,,140000.0,858.0,0.12,2.75,0.025,0.5,0.0
194,727,195,Fe3O4,,,,,50.5,20.0,43.0,0.744,,0.059,2.525,227.0,0,,130.0,73.9,20.2,,,,,,,,,1.0,550.0,104.0,11000,18000.0,,140000.0,858.0,0.12,2.75,0.025,0.5,0.0
195,728,196,Fe3O4,,,,,46.2,46.2,46.2,1.0,,0.065,1.0,227.0,0,,7.2,84.0,1.9,,,,,,,,,1.0,400.0,104.0,11000,18000.0,,140000.0,858.0,0.12,2.75,0.333,0.5,0.0
196,729,197,Fe3O4,,,,,46.2,46.2,46.2,1.0,,0.065,1.0,227.0,0,,7.2,84.0,1.9,,,,,,,,,1.0,400.0,104.0,11000,18000.0,,140000.0,858.0,0.12,2.75,0.333,0.5,0.0
197,730,198,Fe3O4,,,,,7.3,7.3,7.3,1.0,,0.411,1.0,227.0,0,,0.0,57.0,0.0,,,,,,,,,1.0,11000.0,104.0,11000,18000.0,,140000.0,635.0,0.12,2.75,0.333,0.5,0.0
198,731,199,Fe3O4,,,,,7.3,7.3,7.3,1.0,,0.411,1.0,227.0,0,,0.0,57.0,0.0,,,,,,,,,1.0,11000.0,104.0,11000,18000.0,,140000.0,635.0,0.12,2.75,0.333,0.5,0.0
199,732,200,Fe3O4,,,,,7.3,7.3,7.3,1.0,,0.411,1.0,227.0,0,,0.0,57.0,0.0,,,,,,,,,1.0,11000.0,104.0,11000,18000.0,,140000.0,635.0,0.12,2.75,0.333,0.5,0.0
200,733,201,Fe3O4,,,,,7.0,7.0,7.0,1.0,,0.429,1.0,227.0,0,,0.0,43.0,0.0,,,,,,,,,1.0,11000.0,104.0,11000,18000.0,,140000.0,635.0,0.12,2.75,0.333,0.5,0.0
201,734,202,Fe3O4,,,,,7.0,7.0,7.0,1.0,,0.429,1.0,227.0,0,,0.0,43.0,0.0,,,,,,,,,1.0,11000.0,104.0,11000,18000.0,,140000.0,635.0,0.12,2.75,0.333,0.5,0.0
202,735,203,Fe3O4,,,,,7.0,7.0,7.0,1.0,,0.429,1.0,227.0,0,,0.0,43.0,0.0,,,,,,,,,1.0,11000.0,104.0,11000,18000.0,,140000.0,635.0,0.12,2.75,0.333,0.5,0.0
203,736,204,Fe3O4,,,,,6.9,6.9,6.9,1.0,,0.435,1.0,227.0,0,,0.0,40.0,0.0,,,,,,,,,1.0,11000.0,104.0,11000,18000.0,,140000.0,635.0,0.12,2.75,0.333,0.5,0.0
204,737,205,Fe3O4,,,,,6.9,6.9,6.9,1.0,,0.435,1.0,227.0,0,,0.0,40.0,0.0,,,,,,,,,1.0,11000.0,104.0,11000,18000.0,,140000.0,635.0,0.12,2.75,0.333,0.5,0.0
205,738,206,Fe3O4,,,,,6.9,6.9,6.9,1.0,,0.435,1.0,227.0,0,,0.0,40.0,0.0,,,,,,,,,1.0,11000.0,104.0,11000,18000.0,,140000.0,635.0,0.12,2.75,0.333,0.5,0.0
206,739,207,Fe3O4,,,,,18.5,18.5,18.5,1.0,,0.162,1.0,227.0,0,,7.5,58.8,0.6,,,,,,,,,1.0,11000.0,104.0,11000,255000.0,,140000.0,858.0,0.12,2.75,0.333,0.5,0.0
207,740,208,Fe3O4,,,,,70.0,45.0,43.0,0.87,,0.098,1.628,227.0,0,,120.0,86.4,20.0,,,,,,,,,1.0,11000.0,104.0,11000,21000.0,,140000.0,858.0,0.12,2.75,0.021,0.5,0.0
208,741,209,Fe3O4,,,,,70.0,45.0,43.0,0.87,,0.098,1.628,227.0,0,,120.0,86.4,20.0,,,,,,,,,1.0,11000.0,104.0,11000,21000.0,,140000.0,858.0,0.12,2.75,0.021,0.5,0.0
209,742,210,Fe3O4,,,,,210.0,60.0,98.0,0.846,,0.017,3.5,227.0,0,,120.0,86.4,20.0,,,,,,,,,1.0,11000.0,104.0,11000,21000.0,,140000.0,858.0,0.12,2.75,0.021,0.5,0.0
210,743,211,Fe3O4,,,,,70.0,45.0,43.0,0.867,,0.098,1.628,227.0,0,,120.0,86.4,20.0,,,,,,,,,1.0,11000.0,104.0,11000,21000.0,,140000.0,858.0,0.12,2.75,0.008,0.5,0.0
211,744,212,Fe3O4,,,,,170.0,55.0,98.0,0.856,,0.028,3.091,227.0,0,,120.0,86.4,20.0,,,,,,,,,1.0,11000.0,104.0,11000,21000.0,,140000.0,858.0,0.12,2.75,0.009,0.5,0.0
212,745,213,Fe3O4,,,,,210.0,60.0,98.0,0.846,,0.017,3.5,227.0,0,,120.0,86.4,20.0,,,,,,,,,1.0,11000.0,104.0,11000,21000.0,,140000.0,858.0,0.12,2.75,0.008,0.5,0.0
213,746,214,Fe3O4,,,,,210.0,60.0,98.0,0.846,,0.017,3.5,227.0,0,,120.0,86.4,20.0,,,,,,,,,1.0,11000.0,104.0,11000,21000.0,,140000.0,858.0,0.12,2.75,0.008,0.5,0.0
214,747,215,Fe3O4,,,,,210.0,60.0,98.0,0.846,,0.017,3.5,227.0,0,,120.0,86.4,20.0,,,,,,,,,1.0,11000.0,104.0,11000,21000.0,,140000.0,858.0,0.12,2.75,0.008,0.5,0.0
215,748,216,Fe3O4,,,,,210.0,60.0,98.0,0.846,,0.017,3.5,227.0,0,,120.0,86.4,20.0,,,,,,,,,1.0,11000.0,104.0,11000,21000.0,,140000.0,858.0,0.12,2.75,0.008,0.5,0.0
216,749,217,Fe3O4,,,,,210.0,60.0,98.0,0.846,,0.017,3.5,227.0,0,,120.0,86.4,20.0,,,,,,,,,1.0,11000.0,104.0,11000,21000.0,,140000.0,858.0,0.12,2.75,0.008,0.5,0.0
217,750,218,Fe3O4,,,,,210.0,60.0,98.0,0.846,,0.017,3.5,227.0,0,,120.0,86.4,20.0,,,,,,,,,1.0,11000.0,104.0,11000,21000.0,,140000.0,858.0,0.12,2.75,0.008,0.5,0.0
218,751,219,Fe3O4,,,,,210.0,60.0,98.0,0.846,,0.017,3.5,227.0,0,,120.0,86.4,20.0,,,,,,,,,1.0,11000.0,104.0,11000,21000.0,,140000.0,858.0,0.12,2.75,0.008,0.5,0.0
219,752,220,Fe3O4,,,,,210.0,60.0,98.0,0.846,,0.017,3.5,227.0,0,,200.0,83.2,22.0,,,,,,,,,1.0,11000.0,104.0,11000,21000.0,,140000.0,858.0,0.12,2.75,0.008,0.5,0.0
220,753,221,Fe3O4,,,,,110.0,50.0,98.0,0.873,,0.074,2.2,227.0,0,,200.0,83.2,22.0,,,,,,,,,1.0,11000.0,104.0,11000,21000.0,,140000.0,858.0,0.12,2.75,0.014,0.5,0.0
221,754,222,Fe3O4,,,,,110.0,50.0,98.0,0.873,,0.074,2.2,227.0,0,,200.0,84.7,22.0,,,,,,,,,1.0,11000.0,104.0,11000,21000.0,,140000.0,858.0,0.12,2.75,0.014,0.5,0.0
222,755,223,Fe3O4,,,,,170.0,55.0,98.0,0.856,,0.028,3.091,227.0,0,,200.0,84.7,22.0,,,,,,,,,1.0,11000.0,104.0,11000,21000.0,,140000.0,858.0,0.12,2.75,0.009,0.5,0.0
223,756,224,Fe3O4,,,,,210.0,60.0,98.0,0.846,,0.017,3.5,227.0,0,,203.0,82.4,28.0,,,,,,,,,1.0,11000.0,104.0,11000,21000.0,,140000.0,858.0,0.12,2.75,0.008,0.5,0.0
224,757,225,Fe3O4,,,,,210.0,60.0,98.0,0.846,,0.017,3.5,227.0,0,,203.0,82.4,28.0,,,,,,,,,1.0,11000.0,104.0,11000,21000.0,,140000.0,858.0,0.12,2.75,0.008,0.5,0.0
225,758,226,Fe3O4,,,,,24.5,24.5,24.5,1.0,,0.122,1.0,227.0,0,,0.0,89.6,0.0,,,,,,,,,1.0,11000.0,104.0,11000,21000.0,,140000.0,858.0,0.12,2.75,0.333,0.5,0.0
226,759,227,Fe3O4,,,,,22.2,22.2,22.2,1.0,,0.135,1.0,227.0,0,,0.0,38.0,0.0,,,,,,,,,1.0,11000.0,104.0,11000,21000.0,,140000.0,858.0,0.12,2.75,0.333,0.5,0.0
227,760,228,Fe3O4,,,,,22.2,22.2,22.2,1.0,,0.135,1.0,227.0,0,,0.0,38.0,0.0,,,,,,,,,1.0,11000.0,104.0,11000,21000.0,,140000.0,858.0,0.12,2.75,0.333,0.5,0.0
228,761,229,Fe3O4,,,,,22.2,22.2,22.2,1.0,,0.135,1.0,227.0,0,,0.0,38.0,0.0,,,,,,,,,1.0,11000.0,104.0,11000,21000.0,,140000.0,858.0,0.12,2.75,0.333,0.5,0.0
229,762,230,Fe3O4,,,,,22.2,22.2,22.2,1.0,,0.135,1.0,227.0,0,,0.0,38.0,0.0,,,,,,,,,1.0,11000.0,104.0,11000,21000.0,,140000.0,858.0,0.12,2.75,0.333,0.5,0.0
230,763,231,Fe3O4,,,,,22.2,22.2,22.2,1.0,,0.135,1.0,227.0,0,,0.0,38.0,0.0,,,,,,,,,1.0,11000.0,104.0,11000,21000.0,,140000.0,858.0,0.12,2.75,0.333,0.5,0.0
231,764,232,Fe3O4,,,,,27.0,27.0,27.0,1.0,,0.222,1.0,227.0,0,,0.0,70.0,0.0,,,,,,,,,1.0,11000.0,104.0,11000,21000.0,,140000.0,858.0,0.12,2.75,0.333,0.5,0.0
232,765,233,Fe3O4,,,,,27.0,27.0,27.0,1.0,,0.222,1.0,227.0,0,,0.0,70.0,0.0,,,,,,,,,1.0,11000.0,104.0,11000,21000.0,,140000.0,858.0,0.12,2.75,0.333,0.5,0.0
233,766,234,Fe3O4,,,,,27.0,27.0,27.0,1.0,,0.222,1.0,227.0,0,,0.0,70.0,0.0,,,,,,,,,1.0,11000.0,104.0,11000,21000.0,,140000.0,858.0,0.12,2.75,0.333,0.5,0.0
234,767,235,Fe3O4,,,,,27.0,27.0,27.0,1.0,,0.222,1.0,227.0,0,,0.0,70.0,0.0,,,,,,,,,1.0,11000.0,104.0,11000,21000.0,,140000.0,858.0,0.12,2.75,0.333,0.5,0.0
235,768,236,Fe3O4,,,,,27.0,27.0,27.0,1.0,,0.222,1.0,227.0,0,,0.0,70.0,0.0,,,,,,,,,1.0,11000.0,104.0,11000,21000.0,,140000.0,858.0,0.12,2.75,0.333,0.5,0.0
236,769,237,Fe3O4,,,,,27.0,3.6,35.6,0.744,,11.219,9.889,227.0,0,,0.0,81.0,0.0,,,,,,,,,1.0,11000.0,104.0,11000,21000.0,,140000.0,858.0,0.12,2.75,0.029,0.5,0.0
237,770,238,Fe3O4,,,,,27.0,3.6,35.6,0.744,,11.219,9.889,227.0,0,,0.0,81.0,0.0,,,,,,,,,1.0,11000.0,104.0,11000,21000.0,,140000.0,858.0,0.12,2.75,0.029,0.5,0.0
238,771,239,Fe3O4,,,,,27.0,3.6,35.6,0.744,,11.219,9.889,227.0,0,,0.0,81.0,0.0,,,,,,,,,1.0,11000.0,104.0,11000,21000.0,,140000.0,858.0,0.12,2.75,0.029,0.5,0.0
239,772,240,Fe3O4,,,,,27.0,3.6,35.6,0.744,,11.219,9.889,227.0,0,,0.0,81.0,0.0,,,,,,,,,1.0,11000.0,104.0,11000,21000.0,,140000.0,858.0,0.12,2.75,0.029,0.5,0.0
240,773,241,Fe3O4,,,,,27.0,3.6,35.6,0.744,,11.219,9.889,227.0,0,,0.0,81.0,0.0,,,,,,,,,1.0,11000.0,104.0,11000,21000.0,,140000.0,858.0,0.12,2.75,0.029,0.5,0.0
241,774,242,Fe3O4,,,,,14.0,14.0,14.0,1.0,,0.214,1.0,227.0,0,,26.0,74.0,17.067,,,,,,,,,1.0,11000.0,104.0,11000,21000.0,,140000.0,645.0,0.12,2.75,0.333,0.5,0.0
242,775,243,Fe3O4,,,,,35.0,35.0,35.0,1.0,,0.086,1.0,227.0,0,,23.0,98.0,26.0,,,,,,,,,1.0,11000.0,104.0,11000,21000.0,,140000.0,858.0,0.12,2.75,0.333,0.5,0.0
243,776,244,Fe3O4,,,,,14.0,14.0,14.0,1.0,,0.214,1.0,227.0,0,,26.0,64.0,3.373,,,,,,,,,1.0,11000.0,104.0,11000,21000.0,,140000.0,645.0,0.12,2.75,0.333,0.5,0.0
244,777,245,Fe3O4,,,,,19.0,19.0,19.0,1.0,,0.158,1.0,227.0,0,,28.0,73.0,2.367,,,,,,,,,1.0,11000.0,104.0,11000,21000.0,,140000.0,858.0,0.12,2.75,0.333,0.5,0.0
245,778,246,Fe3O4,,,,,24.0,24.0,24.0,1.0,,0.125,1.0,227.0,0,,7.0,75.0,2.367,,,,,,,,,1.0,2400.0,104.0,11000,21000.0,,140000.0,858.0,0.12,2.75,0.333,0.5,0.0
246,779,247,Fe3O4,,,,,35.0,35.0,35.0,1.0,,0.086,1.0,227.0,0,,23.0,88.0,0.0,,,,,,,,,1.0,11000.0,104.0,11000,21000.0,,140000.0,858.0,0.12,2.75,0.333,0.5,0.0
247,780,248,Fe3O4,,,,,35.0,35.0,35.0,1.0,,0.086,1.0,227.0,0,,23.0,88.0,3.78,,,,,,,,,1.0,11000.0,104.0,11000,21000.0,,140000.0,858.0,0.12,2.75,0.333,0.5,0.0
248,781,249,Fe3O4,,,,,35.0,35.0,35.0,1.0,,0.086,1.0,227.0,0,,23.0,88.0,2.513,,,,,,,,,1.0,11000.0,104.0,11000,21000.0,,140000.0,858.0,0.12,2.75,0.333,0.5,0.0
249,782,250,Fe3O4,,,,,14.0,14.0,14.0,1.0,,0.214,1.0,227.0,0,,26.0,64.0,2.24,,,,,,,,,1.0,11000.0,104.0,11000,21000.0,,140000.0,645.0,0.12,2.75,0.333,0.5,0.0
250,783,251,Fe3O4,,,,,14.0,14.0,14.0,1.0,,0.214,1.0,227.0,0,,26.0,64.0,10.573,,,,,,,,,1.0,11000.0,104.0,11000,21000.0,,140000.0,645.0,0.12,2.75,0.333,0.5,0.0
251,784,252,Fe3O4,,,,,19.0,19.0,19.0,1.0,,0.158,1.0,227.0,0,,28.0,73.0,2.507,,,,,,,,,1.0,11000.0,104.0,11000,21000.0,,140000.0,858.0,0.12,2.75,0.333,0.5,0.0
252,785,253,Fe3O4,,,,,19.0,19.0,19.0,1.0,,0.158,1.0,227.0,0,,28.0,73.0,2.513,,,,,,,,,1.0,4400.0,104.0,11000,21000.0,,140000.0,858.0,0.12,2.75,0.333,0.5,0.0
253,786,254,Fe3O4,,,,,19.0,19.0,19.0,1.0,,0.158,1.0,227.0,0,,28.0,73.0,0.18,,,,,,,,,1.0,4400.0,104.0,11000,21000.0,,140000.0,858.0,0.12,2.75,0.333,0.5,0.0
254,787,255,Fe3O4,,,,,14.0,14.0,14.0,1.0,,0.214,1.0,227.0,0,,26.0,64.0,1.173,,,,,,,,,1.0,11000.0,104.0,11000,21000.0,,140000.0,858.0,0.12,2.75,0.333,0.5,0.0
255,788,256,Fe3O4,,,,,19.0,19.0,19.0,1.0,,0.158,1.0,227.0,0,,28.0,73.0,1.87,,,,,,,,,1.0,4400.0,104.0,11000,21000.0,,140000.0,858.0,0.12,2.75,0.333,0.5,0.0
256,789,257,Fe3O4,,,,,19.0,19.0,19.0,1.0,,0.158,1.0,227.0,0,,28.0,73.0,0.18,,,,,,,,,1.0,4400.0,104.0,11000,21000.0,,140000.0,858.0,0.12,2.75,0.333,0.5,0.0
257,790,258,Fe3O4,,,,,24.0,24.0,24.0,1.0,,0.125,1.0,227.0,0,,7.0,75.0,0.18,,,,,,,,,1.0,2400.0,104.0,11000,21000.0,,140000.0,858.0,0.12,2.75,0.333,0.5,0.0
258,791,259,Fe3O4,,,,,24.0,24.0,24.0,1.0,,0.125,1.0,227.0,0,,7.0,75.0,0.18,,,,,,,,,1.0,2400.0,104.0,11000,21000.0,,140000.0,858.0,0.12,2.75,0.333,0.5,0.0
259,792,260,Fe3O4,,,,,35.0,35.0,35.0,1.0,,0.086,1.0,227.0,0,,23.0,88.0,0.0,,,,,,,,,1.0,11000.0,104.0,11000,21000.0,,140000.0,858.0,0.12,2.75,0.333,0.5,0.0
260,793,261,Fe3O4,,,,,35.0,35.0,35.0,1.0,,0.086,1.0,227.0,0,,23.0,88.0,4.847,,,,,,,,,1.0,11000.0,104.0,11000,21000.0,,140000.0,858.0,0.12,2.75,0.333,0.5,0.0
261,794,262,Fe3O4,,,,,35.0,35.0,35.0,1.0,,0.086,1.0,227.0,0,,23.0,88.0,3.14,,,,,,,,,1.0,11000.0,104.0,11000,21000.0,,140000.0,858.0,0.12,2.75,0.333,0.5,0.0
262,795,263,Fe3O4,,,,,35.0,35.0,35.0,1.0,,0.086,1.0,227.0,0,,23.0,88.0,0.18,,,,,,,,,1.0,11000.0,104.0,11000,21000.0,,140000.0,858.0,0.12,2.75,0.333,0.5,0.0
263,796,264,Fe3O4,,,,,35.0,35.0,35.0,1.0,,0.086,1.0,227.0,0,,23.0,88.0,0.18,,,,,,,,,1.0,11000.0,104.0,11000,21000.0,,140000.0,858.0,0.12,2.75,0.333,0.5,0.0
264,797,265,Fe3O4,,,,,24.0,24.0,24.0,1.0,,0.125,1.0,227.0,0,,7.0,75.0,0.537,,,,,,,,,1.0,11000.0,104.0,11000,21000.0,,140000.0,858.0,0.12,2.75,0.333,0.5,0.0
265,798,266,Fe3O4,,,,,19.0,19.0,19.0,1.0,,0.158,1.0,227.0,0,,28.0,73.0,0.173,,,,,,,,,1.0,4400.0,104.0,11000,21000.0,,140000.0,858.0,0.12,2.75,0.333,0.5,0.0
266,799,267,Fe3O4,,,,,19.0,19.0,19.0,1.0,,0.158,1.0,227.0,0,,28.0,73.0,0.18,,,,,,,,,1.0,4400.0,104.0,11000,21000.0,,140000.0,858.0,0.12,2.75,0.333,0.5,0.0
267,800,268,Fe3O4,,,,,14.0,14.0,14.0,1.0,,0.214,1.0,227.0,0,,26.0,64.0,0.62,,,,,,,,,1.0,11000.0,104.0,11000,21000.0,,140000.0,858.0,0.12,2.75,0.333,0.5,0.0
268,801,269,Fe3O4,,,,,14.0,14.0,14.0,1.0,,0.214,1.0,227.0,0,,26.0,64.0,0.627,,,,,,,,,1.0,11000.0,104.0,11000,21000.0,,140000.0,858.0,0.12,2.75,0.333,0.5,0.0
269,802,270,Fe3O4,,,,,12.0,12.0,12.0,1.0,,0.5,1.0,227.0,0,,400.0,82.0,34.0,,,,,,,,,1.0,11000.0,104.0,11000,21000.0,,140000.0,665.0,0.12,2.75,0.333,0.5,0.0
270,803,271,Fe3O4,,,,,19.0,19.0,19.0,1.0,,0.316,1.0,227.0,0,,0.0,73.8,0.0,,,,,,,,,1.0,11000.0,104.0,11000,21000.0,,140000.0,858.0,0.12,2.75,0.333,0.5,0.0
271,804,272,Fe3O4,,,,,19.0,19.0,19.0,1.0,,0.316,1.0,227.0,0,,0.0,73.8,0.0,,,,,,,,,1.0,4400.0,104.0,11000,21000.0,,140000.0,858.0,0.12,2.75,0.333,0.5,0.0
272,805,273,Fe3O4,,,,,19.0,19.0,19.0,1.0,,0.316,1.0,227.0,0,,0.0,73.8,0.0,,,,,,,,,1.0,4400.0,104.0,11000,21000.0,,140000.0,858.0,0.12,2.75,0.333,0.5,0.0
273,806,274,Fe3O4,,,,,19.0,19.0,19.0,1.0,,0.316,1.0,227.0,0,,0.0,73.8,0.0,,,,,,,,,1.0,4400.0,104.0,11000,21000.0,,140000.0,858.0,0.12,2.75,0.333,0.5,0.0
274,807,275,Fe3O4,,,,,19.0,19.0,19.0,1.0,,0.316,1.0,227.0,0,,0.0,73.8,0.0,,,,,,,,,1.0,4400.0,104.0,11000,21000.0,,140000.0,858.0,0.12,2.75,0.333,0.5,0.0
275,808,276,Fe3O4,,,,,19.0,19.0,19.0,1.0,,0.316,1.0,227.0,0,,0.0,73.8,0.0,,,,,,,,,1.0,4400.0,104.0,11000,21000.0,,140000.0,858.0,0.12,2.75,0.333,0.5,0.0
276,809,277,Fe3O4,,,,,19.0,19.0,19.0,1.0,,0.316,1.0,227.0,0,,0.0,73.8,0.0,,,,,,,,,1.0,4400.0,104.0,11000,21000.0,,140000.0,858.0,0.12,2.75,0.333,0.5,0.0
277,810,278,Fe3O4,,,,,19.0,19.0,19.0,1.0,,0.316,1.0,227.0,0,,0.0,73.8,0.0,,,,,,,,,1.0,4400.0,104.0,11000,21000.0,,140000.0,858.0,0.12,2.75,0.333,0.5,0.0
278,811,279,Fe3O4,,,,,19.0,19.0,19.0,1.0,,0.316,1.0,227.0,0,,0.0,73.8,0.0,,,,,,,,,1.0,4400.0,104.0,11000,21000.0,,140000.0,858.0,0.12,2.75,0.333,0.5,0.0
279,812,280,Fe3O4,,,,,19.0,19.0,19.0,1.0,,0.316,1.0,227.0,0,,0.0,73.8,0.0,,,,,,,,,1.0,4400.0,104.0,11000,21000.0,,140000.0,858.0,0.12,2.75,0.333,0.5,0.0
280,813,281,Fe3O4,,,,,19.0,19.0,19.0,1.0,,0.316,1.0,227.0,0,,0.0,73.8,0.0,,,,,,,,,1.0,4400.0,104.0,11000,21000.0,,140000.0,858.0,0.12,2.75,0.333,0.5,0.0
281,814,282,Fe3O4,,,,,19.0,19.0,19.0,1.0,,0.316,1.0,227.0,0,,0.0,73.8,0.0,,,,,,,,,1.0,4400.0,104.0,11000,21000.0,,140000.0,858.0,0.12,2.75,0.333,0.5,0.0
282,815,283,Fe3O4,,,,,19.0,19.0,19.0,1.0,,0.316,1.0,227.0,0,,0.0,73.8,0.0,,,,,,,,,1.0,4400.0,104.0,11000,21000.0,,140000.0,858.0,0.12,2.75,0.333,0.5,0.0
283,816,284,Fe3O4,,,,,19.0,19.0,19.0,1.0,,0.316,1.0,227.0,0,,0.0,73.8,0.0,,,,,,,,,1.0,4400.0,104.0,11000,21000.0,,140000.0,858.0,0.12,2.75,0.333,0.5,0.0
284,817,285,Fe3O4,,,,,19.0,19.0,19.0,1.0,,0.316,1.0,227.0,0,,0.0,73.8,0.0,,,,,,,,,1.0,4400.0,104.0,11000,21000.0,,140000.0,858.0,0.12,2.75,0.333,0.5,0.0
285,818,286,Fe3O4,,,,,19.0,19.0,19.0,1.0,,0.316,1.0,227.0,0,,0.0,73.8,0.0,,,,,,,,,1.0,4400.0,104.0,11000,21000.0,,140000.0,858.0,0.12,2.75,0.333,0.5,0.0
286,819,287,Fe3O4,,,,,25.0,25.0,25.0,1.0,,0.24,1.0,227.0,0,,404.667,66.277,20.847,,,,,,,,,1.0,2400.0,104.0,11000,21000.0,,140000.0,858.0,0.12,2.75,0.333,0.5,0.0
287,820,288,Fe3O4,,,,,25.0,25.0,25.0,1.0,,0.24,1.0,227.0,0,,404.667,66.277,20.847,,,,,,,,,1.0,2400.0,104.0,11000,21000.0,,140000.0,858.0,0.12,2.75,0.333,0.5,0.0
288,821,289,Fe3O4,,,,,25.0,25.0,25.0,1.0,,0.24,1.0,227.0,0,,404.667,66.277,20.847,,,,,,,,,1.0,2400.0,104.0,11000,21000.0,,140000.0,858.0,0.12,2.75,0.333,0.5,0.0
289,822,290,Fe3O4,,,,,25.0,25.0,25.0,1.0,,0.24,1.0,227.0,0,,404.667,66.277,20.847,,,,,,,,,1.0,2400.0,104.0,11000,21000.0,,140000.0,858.0,0.12,2.75,0.333,0.5,0.0
290,823,291,Fe3O4,,,,,25.0,25.0,25.0,1.0,,0.24,1.0,227.0,0,,404.667,66.277,20.847,,,,,,,,,1.0,2400.0,104.0,11000,21000.0,,140000.0,858.0,0.12,2.75,0.333,0.5,0.0
291,824,292,Fe3O4,,,,,25.0,25.0,25.0,1.0,,0.24,1.0,227.0,0,,404.667,66.277,20.847,,,,,,,,,1.0,2400.0,104.0,11000,21000.0,,140000.0,858.0,0.12,2.75,0.333,0.5,0.0
292,825,293,Fe3O4,,,,,25.0,25.0,25.0,1.0,,0.24,1.0,227.0,0,,404.667,66.277,20.847,,,,,,,,,1.0,2400.0,104.0,11000,21000.0,,140000.0,858.0,0.12,2.75,0.333,0.5,0.0
293,826,294,Fe3O4,,,,,25.0,25.0,25.0,1.0,,0.24,1.0,227.0,0,,404.667,66.277,20.847,,,,,,,,,1.0,2400.0,104.0,11000,21000.0,,140000.0,858.0,0.12,2.75,0.333,0.5,0.0
294,827,295,Fe3O4,,,,,25.0,25.0,25.0,1.0,,0.24,1.0,227.0,0,,404.667,66.277,20.847,,,,,,,,,1.0,2400.0,104.0,11000,21000.0,,140000.0,858.0,0.12,2.75,0.333,0.5,0.0
295,828,296,Fe3O4,,,,,25.0,25.0,25.0,1.0,,0.24,1.0,227.0,0,,404.667,66.277,20.847,,,,,,,,,1.0,2400.0,104.0,11000,21000.0,,140000.0,858.0,0.12,2.75,0.333,0.5,0.0
296,829,297,Fe3O4,,,,,25.0,25.0,25.0,1.0,,0.24,1.0,227.0,0,,404.667,66.277,20.847,,,,,,,,,1.0,2400.0,104.0,11000,21000.0,,140000.0,858.0,0.12,2.75,0.333,0.5,0.0
297,830,298,Fe3O4,,,,,25.0,25.0,25.0,1.0,,0.24,1.0,227.0,0,,404.667,66.277,20.847,,,,,,,,,1.0,2400.0,104.0,11000,21000.0,,140000.0,858.0,0.12,2.75,0.333,0.5,0.0
298,831,299,Fe3O4,,,,,38.0,38.0,38.0,1.0,,0.158,1.0,227.0,0,,1.848,72.167,28.933,,,,,,,,,1.0,11000.0,104.0,11000,21000.0,,140000.0,858.0,0.12,2.75,0.333,0.5,0.0
299,832,300,Fe3O4,,,,,38.0,38.0,38.0,1.0,,0.158,1.0,227.0,0,,1.848,72.167,28.933,,,,,,,,,1.0,11000.0,104.0,11000,21000.0,,140000.0,858.0,0.12,2.75,0.333,0.5,0.0
300,833,301,Fe3O4,,,,,38.0,38.0,38.0,1.0,,0.158,1.0,227.0,0,,1.848,72.167,28.933,,,,,,,,,1.0,11000.0,104.0,11000,21000.0,,140000.0,858.0,0.12,2.75,0.333,0.5,0.0
301,834,302,Fe3O4,,,,,38.0,38.0,38.0,1.0,,0.158,1.0,227.0,0,,1.848,72.167,28.933,,,,,,,,,1.0,11000.0,104.0,11000,21000.0,,140000.0,858.0,0.12,2.75,0.333,0.5,0.0
302,835,303,Fe3O4,,,,,38.0,38.0,38.0,1.0,,0.158,1.0,227.0,0,,1.848,72.167,28.933,,,,,,,,,1.0,11000.0,104.0,11000,21000.0,,140000.0,858.0,0.12,2.75,0.333,0.5,0.0
303,836,304,Fe3O4,,,,,38.0,38.0,38.0,1.0,,0.158,1.0,227.0,0,,1.848,72.167,28.933,,,,,,,,,1.0,11000.0,104.0,11000,21000.0,,140000.0,858.0,0.12,2.75,0.333,0.5,0.0
304,837,305,Fe3O4,,,,,38.0,38.0,38.0,1.0,,0.158,1.0,227.0,0,,1.848,72.167,28.933,,,,,,,,,1.0,11000.0,104.0,11000,21000.0,,140000.0,858.0,0.12,2.75,0.333,0.5,0.0
305,838,306,Fe3O4,,,,,41.0,7.0,24.65,0.782,,1.405,5.857,227.0,0,,0.0,91.32,0.0,,,,,,,,,1.0,11000.0,104.0,11000,24000.0,,140000.0,858.0,0.12,2.75,0.024,0.5,0.0
306,839,307,Fe3O4,,,,,41.0,7.0,24.65,0.782,,1.405,5.857,227.0,0,,0.0,91.32,0.0,,,,,,,,,1.0,11000.0,104.0,11000,24000.0,,140000.0,858.0,0.12,2.75,0.024,0.5,0.0
307,840,308,Fe3O4,,,,,41.0,7.0,24.65,0.782,,1.405,5.857,227.0,0,,0.0,91.32,0.0,,,,,,,,,1.0,11000.0,104.0,11000,24000.0,,140000.0,858.0,0.12,2.75,0.024,0.5,0.0
308,841,309,Fe3O4,,,,,41.0,7.0,24.65,0.782,,1.405,5.857,227.0,0,,0.0,91.32,0.0,,,,,,,,,1.0,11000.0,104.0,11000,24000.0,,140000.0,858.0,0.12,2.75,0.024,0.5,0.0
309,842,310,Fe3O4,,,,,41.0,7.0,24.65,0.782,,1.405,5.857,227.0,0,,0.0,91.32,0.0,,,,,,,,,1.0,11000.0,104.0,11000,24000.0,,140000.0,858.0,0.12,2.75,0.024,0.5,0.0
310,843,311,Fe3O4,,,,,41.0,7.0,24.65,0.782,,1.405,5.857,227.0,0,,0.0,91.32,0.0,,,,,,,,,1.0,11000.0,104.0,11000,24000.0,,140000.0,858.0,0.12,2.75,0.024,0.5,0.0
311,844,312,Fe3O4,,,,,41.0,7.0,24.65,0.782,,1.405,5.857,227.0,0,,0.0,91.32,0.0,,,,,,,,,1.0,11000.0,104.0,11000,24000.0,,140000.0,858.0,0.12,2.75,0.024,0.5,0.0
312,845,313,Fe3O4,,,,,41.0,7.0,24.65,0.782,,1.405,5.857,227.0,0,,0.0,91.32,0.0,,,,,,,,,1.0,11000.0,104.0,11000,24000.0,,140000.0,858.0,0.12,2.75,0.024,0.5,0.0
313,846,314,Fe3O4,,,,,65.0,5.7,35.6,0.674,,1.223,11.404,227.0,0,,0.0,88.3,0.0,,,,,,,,,1.0,11000.0,104.0,11000,24000.0,,140000.0,858.0,0.12,2.75,0.014,0.5,0.0
314,847,315,Fe3O4,,,,,65.0,5.7,35.6,0.674,,1.223,11.404,227.0,0,,0.0,88.3,0.0,,,,,,,,,1.0,11000.0,104.0,11000,24000.0,,140000.0,858.0,0.12,2.75,0.014,0.5,0.0
315,848,316,Fe3O4,,,,,65.0,5.7,35.6,0.674,,1.223,11.404,227.0,0,,0.0,88.3,0.0,,,,,,,,,1.0,11000.0,104.0,11000,24000.0,,140000.0,858.0,0.12,2.75,0.014,0.5,0.0
316,849,317,Fe3O4,,,,,65.0,5.7,35.6,0.674,,1.223,11.404,227.0,0,,0.0,88.3,0.0,,,,,,,,,1.0,11000.0,104.0,11000,24000.0,,140000.0,858.0,0.12,2.75,0.014,0.5,0.0
317,850,318,Fe3O4,,,,,65.0,5.7,35.6,0.674,,1.223,11.404,227.0,0,,0.0,88.3,0.0,,,,,,,,,1.0,11000.0,104.0,11000,24000.0,,140000.0,858.0,0.12,2.75,0.014,0.5,0.0
318,851,319,Fe3O4,,,,,65.0,5.7,35.6,0.674,,1.223,11.404,227.0,0,,0.0,88.3,0.0,,,,,,,,,1.0,11000.0,104.0,11000,24000.0,,140000.0,858.0,0.12,2.75,0.014,0.5,0.0
319,852,320,Fe3O4,,,,,65.0,5.7,35.6,0.674,,1.223,11.404,227.0,0,,0.0,88.3,0.0,,,,,,,,,1.0,11000.0,104.0,11000,24000.0,,140000.0,858.0,0.12,2.75,0.014,0.5,0.0
320,853,321,Fe3O4,,,,,65.0,5.7,35.6,0.674,,1.223,11.404,227.0,0,,0.0,88.3,0.0,,,,,,,,,1.0,11000.0,104.0,11000,24000.0,,140000.0,858.0,0.12,2.75,0.014,0.5,0.0
321,854,322,Fe3O4,,,,,65.0,5.7,35.6,0.674,,1.223,11.404,227.0,0,,0.0,88.3,0.0,,,,,,,,,1.0,11000.0,104.0,11000,24000.0,,140000.0,858.0,0.12,2.75,0.014,0.5,0.0
322,855,323,Fe3O4,,,,,65.0,5.7,35.6,0.674,,1.223,11.404,227.0,0,,0.0,88.3,0.0,,,,,,,,,1.0,11000.0,104.0,11000,24000.0,,140000.0,858.0,0.12,2.75,0.014,0.5,0.0
323,856,324,Fe3O4,,,,,65.0,5.7,35.6,0.674,,1.223,11.404,227.0,0,,0.0,88.3,0.0,,,,,,,,,1.0,11000.0,104.0,11000,24000.0,,140000.0,858.0,0.12,2.75,0.014,0.5,0.0
324,857,325,Fe3O4,,,,,65.0,5.7,35.6,0.674,,1.223,11.404,227.0,0,,0.0,88.3,0.0,,,,,,,,,1.0,11000.0,104.0,11000,24000.0,,140000.0,858.0,0.12,2.75,0.014,0.5,0.0
325,858,326,Fe3O4,,,,,65.0,5.7,35.6,0.674,,1.223,11.404,227.0,0,,0.0,88.3,0.0,,,,,,,,,1.0,11000.0,104.0,11000,24000.0,,140000.0,858.0,0.12,2.75,0.014,0.5,0.0
326,859,327,Fe3O4,,,,,65.0,5.7,35.6,0.674,,1.223,11.404,227.0,0,,0.0,88.3,0.0,,,,,,,,,1.0,11000.0,104.0,11000,24000.0,,140000.0,858.0,0.12,2.75,0.014,0.5,0.0
327,860,328,Fe3O4,,,,,65.0,5.7,35.6,0.674,,1.223,11.404,227.0,0,,0.0,88.3,0.0,,,,,,,,,1.0,11000.0,104.0,11000,24000.0,,140000.0,858.0,0.12,2.75,0.014,0.5,0.0
328,861,329,Fe3O4,,,,,65.0,5.7,35.6,0.674,,1.223,11.404,227.0,0,,0.0,88.3,0.0,,,,,,,,,1.0,11000.0,104.0,11000,24000.0,,140000.0,858.0,0.12,2.75,0.014,0.5,0.0
329,862,330,Fe3O4,,,,,65.0,5.7,35.6,0.674,,1.223,11.404,227.0,0,,0.0,88.3,0.0,,,,,,,,,1.0,11000.0,104.0,11000,24000.0,,140000.0,858.0,0.12,2.75,0.014,0.5,0.0
330,863,331,Fe3O4,,,,,65.0,5.7,35.6,0.674,,1.223,11.404,227.0,0,,0.0,88.3,0.0,,,,,,,,,1.0,11000.0,104.0,11000,24000.0,,140000.0,858.0,0.12,2.75,0.014,0.5,0.0
331,864,332,Fe3O4,,,,,65.0,5.7,35.6,0.674,,1.223,11.404,227.0,0,,0.0,88.3,0.0,,,,,,,,,1.0,11000.0,104.0,11000,24000.0,,140000.0,858.0,0.12,2.75,0.014,0.5,0.0
332,865,333,Fe3O4,,,,,65.0,5.7,35.6,0.674,,1.223,11.404,227.0,0,,0.0,88.3,0.0,,,,,,,,,1.0,11000.0,104.0,11000,24000.0,,140000.0,858.0,0.12,2.75,0.014,0.5,0.0
333,866,334,Fe3O4,,,,,65.0,5.7,35.6,0.674,,1.223,11.404,227.0,0,,0.0,88.3,0.0,,,,,,,,,1.0,11000.0,104.0,11000,24000.0,,140000.0,858.0,0.12,2.75,0.014,0.5,0.0
334,867,335,Fe3O4,,,,,41.0,7.0,24.65,0.782,,1.405,5.857,227.0,0,,0.0,91.32,0.0,,,,,,,,,1.0,11000.0,104.0,11000,24000.0,,140000.0,858.0,0.12,2.75,0.024,0.5,0.0
335,868,336,Fe3O4,,,,,41.0,7.0,24.65,0.782,,1.405,5.857,227.0,0,,0.0,91.32,0.0,,,,,,,,,1.0,11000.0,104.0,11000,24000.0,,140000.0,858.0,0.12,2.75,0.024,0.5,0.0
336,869,337,Fe3O4,,,,,41.0,7.0,24.65,0.782,,1.405,5.857,227.0,0,,0.0,91.32,0.0,,,,,,,,,1.0,11000.0,104.0,11000,24000.0,,140000.0,858.0,0.12,2.75,0.024,0.5,0.0
337,870,338,Fe3O4,,,,,41.0,7.0,24.65,0.782,,1.405,5.857,227.0,0,,0.0,91.32,0.0,,,,,,,,,1.0,11000.0,104.0,11000,24000.0,,140000.0,858.0,0.12,2.75,0.024,0.5,0.0
338,871,339,Fe3O4,,,,,41.0,7.0,24.65,0.782,,1.405,5.857,227.0,0,,0.0,91.32,0.0,,,,,,,,,1.0,11000.0,104.0,11000,24000.0,,140000.0,858.0,0.12,2.75,0.024,0.5,0.0
339,872,340,Fe3O4,,,,,41.0,7.0,24.65,0.782,,1.405,5.857,227.0,0,,0.0,91.32,0.0,,,,,,,,,1.0,11000.0,104.0,11000,24000.0,,140000.0,858.0,0.12,2.75,0.024,0.5,0.0
340,873,341,Fe3O4,,,,,41.0,7.0,24.65,0.782,,1.405,5.857,227.0,0,,0.0,91.32,0.0,,,,,,,,,1.0,11000.0,104.0,11000,24000.0,,140000.0,858.0,0.12,2.75,0.024,0.5,0.0
341,874,342,Fe3O4,,,,,41.0,7.0,24.65,0.782,,1.405,5.857,227.0,0,,0.0,91.32,0.0,,,,,,,,,1.0,11000.0,104.0,11000,24000.0,,140000.0,858.0,0.12,2.75,0.024,0.5,0.0
342,875,343,Fe3O4,,,,,41.0,7.0,24.65,0.782,,1.405,5.857,227.0,0,,0.0,91.32,0.0,,,,,,,,,1.0,11000.0,104.0,11000,24000.0,,140000.0,858.0,0.12,2.75,0.024,0.5,0.0
343,876,344,Fe3O4,,,,,41.0,7.0,24.65,0.782,,1.405,5.857,227.0,0,,0.0,91.32,0.0,,,,,,,,,1.0,11000.0,104.0,11000,24000.0,,140000.0,858.0,0.12,2.75,0.024,0.5,0.0
344,877,345,Fe3O4,,,,,41.0,7.0,24.65,0.782,,1.405,5.857,227.0,0,,0.0,91.32,0.0,,,,,,,,,1.0,11000.0,104.0,11000,24000.0,,140000.0,858.0,0.12,2.75,0.024,0.5,0.0
345,878,346,Fe3O4,,,,,41.0,7.0,24.65,0.782,,1.405,5.857,227.0,0,,0.0,91.32,0.0,,,,,,,,,1.0,11000.0,104.0,11000,24000.0,,140000.0,858.0,0.12,2.75,0.024,0.5,0.0
346,879,347,Fe3O4,,,,,41.0,7.0,24.65,0.782,,1.405,5.857,227.0,0,,0.0,91.32,0.0,,,,,,,,,1.0,11000.0,104.0,11000,24000.0,,140000.0,858.0,0.12,2.75,0.024,0.5,0.0
347,880,348,Fe3O4,,,,,41.0,7.0,24.65,0.782,,1.405,5.857,227.0,0,,0.0,91.32,0.0,,,,,,,,,1.0,11000.0,104.0,11000,24000.0,,140000.0,858.0,0.12,2.75,0.024,0.5,0.0
348,881,349,Fe3O4,,,,,41.0,7.0,24.65,0.782,,1.405,5.857,227.0,0,,0.0,91.32,0.0,,,,,,,,,1.0,11000.0,104.0,11000,24000.0,,140000.0,858.0,0.12,2.75,0.024,0.5,0.0
349,882,350,Fe3O4,,,,,41.0,7.0,24.65,0.782,,1.405,5.857,227.0,0,,0.0,91.32,0.0,,,,,,,,,1.0,11000.0,104.0,11000,24000.0,,140000.0,858.0,0.12,2.75,0.024,0.5,0.0
350,883,351,Fe3O4,,,,,25.0,25.0,25.0,1.0,,0.24,1.0,227.0,0,,0.0,60.0,0.0,,,,,,,,,1.0,11000.0,104.0,11000,21000.0,,140000.0,858.0,0.12,2.75,0.333,0.5,0.0
351,884,352,Fe3O4,,,,,56.0,10.0,24.65,0.789,,0.527,5.6,227.0,0,,0.0,88.3,0.0,,,,,,,,,1.0,11000.0,104.0,11000,24000.0,,140000.0,858.0,0.12,2.75,0.02,0.5,0.0
352,885,353,Fe3O4,,,,,30.0,30.0,30.0,1.0,,0.2,1.0,227.0,0,,0.0,60.0,0.0,,,,,,,,,1.0,11000.0,104.0,11000,21000.0,,140000.0,858.0,0.12,2.75,0.333,0.5,0.0
353,886,354,Fe3O4,,,,,30.0,30.0,30.0,1.0,,0.2,1.0,227.0,0,,0.0,60.0,0.0,,,,,,,,,1.0,11000.0,104.0,11000,21000.0,,140000.0,858.0,0.12,2.75,0.333,0.5,0.0
354,887,355,Fe3O4,,,,,60.0,60.0,60.0,1.0,,0.479,1.0,227.0,0,,173.667,81.833,23.513,,,,,,,,,1.0,11000.0,104.0,11000,21000.0,,140000.0,858.0,0.12,2.75,0.333,0.5,0.0
355,888,356,Fe3O4,,,,,13.0,13.0,13.0,1.0,,0.462,1.0,227.0,0,,0.0,68.0,0.0,,,,,,,,,1.0,11000.0,104.0,11000,21000.0,,140000.0,665.0,0.12,2.75,0.21,0.5,0.0
356,889,357,Fe3O4,,,,,13.0,13.0,13.0,1.0,,0.462,1.0,227.0,0,,0.0,68.0,0.0,,,,,,,,,1.0,11000.0,104.0,11000,21000.0,,140000.0,665.0,0.12,2.75,0.21,0.5,0.0
357,890,358,Fe3O4,,,,,13.0,13.0,13.0,1.0,,0.462,1.0,227.0,0,,0.0,68.0,0.0,,,,,,,,,1.0,11000.0,104.0,11000,21000.0,,140000.0,665.0,0.12,2.75,0.21,0.5,0.0
358,891,359,Fe3O4,,,,,13.0,13.0,13.0,1.0,,0.462,1.0,227.0,0,,0.0,68.0,0.0,,,,,,,,,1.0,11000.0,104.0,11000,21000.0,,140000.0,665.0,0.12,2.75,0.21,0.5,0.0
359,892,360,Fe3O4,,,,,22.0,22.0,22.0,1.0,,0.273,1.0,227.0,0,,22.0,73.0,7.0,,,,,,,,,1.0,11000.0,104.0,11000,21000.0,,140000.0,858.0,0.12,2.75,0.21,0.5,0.0
360,893,361,Fe3O4,,,,,22.0,22.0,22.0,1.0,,0.273,1.0,227.0,0,,22.0,73.0,7.0,,,,,,,,,1.0,11000.0,104.0,11000,21000.0,,140000.0,858.0,0.12,2.75,0.21,0.5,0.0
361,894,362,Fe3O4,,,,,22.0,22.0,22.0,1.0,,0.273,1.0,227.0,0,,22.0,73.0,7.0,,,,,,,,,1.0,11000.0,104.0,11000,21000.0,,140000.0,858.0,0.12,2.75,0.21,0.5,0.0
362,895,363,Fe3O4,,,,,22.0,22.0,22.0,1.0,,0.273,1.0,227.0,0,,22.0,73.0,7.0,,,,,,,,,1.0,11000.0,104.0,11000,21000.0,,140000.0,858.0,0.12,2.75,0.21,0.5,0.0
363,896,364,Fe3O4,,,,,43.0,43.0,43.0,1.0,,0.14,1.0,227.0,0,,37.0,85.0,14.0,,,,,,,,,1.0,11000.0,104.0,11000,21000.0,,140000.0,858.0,0.12,2.75,0.21,0.5,0.0
364,897,365,Fe3O4,,,,,43.0,43.0,43.0,1.0,,0.14,1.0,227.0,0,,37.0,85.0,14.0,,,,,,,,,1.0,11000.0,104.0,11000,21000.0,,140000.0,858.0,0.12,2.75,0.21,0.5,0.0
365,898,366,Fe3O4,,,,,43.0,43.0,43.0,1.0,,0.14,1.0,227.0,0,,37.0,85.0,14.0,,,,,,,,,1.0,11000.0,104.0,11000,21000.0,,140000.0,858.0,0.12,2.75,0.21,0.5,0.0
366,899,367,Fe3O4,,,,,43.0,43.0,43.0,1.0,,0.14,1.0,227.0,0,,37.0,85.0,14.0,,,,,,,,,1.0,11000.0,104.0,11000,21000.0,,140000.0,858.0,0.67,2.75,0.21,0.5,0.0
367,900,368,Fe3O4,,,,,98.0,98.0,98.0,1.0,,0.061,1.0,227.0,0,,80.0,90.0,23.0,,,,,,,,,1.0,11000.0,104.0,11000,21000.0,,140000.0,858.0,0.67,2.75,0.21,0.5,0.0
368,901,369,Fe3O4,,,,,98.0,98.0,98.0,1.0,,0.061,1.0,227.0,0,,80.0,90.0,23.0,,,,,,,,,1.0,11000.0,104.0,11000,21000.0,,140000.0,858.0,0.67,2.75,0.21,0.5,0.0
369,902,370,Fe3O4,,,,,98.0,98.0,98.0,1.0,,0.061,1.0,227.0,0,,80.0,90.0,23.0,,,,,,,,,1.0,11000.0,104.0,11000,21000.0,,140000.0,858.0,0.67,2.75,0.21,0.5,0.0
370,903,371,Fe3O4,,,,,98.0,98.0,98.0,1.0,,0.061,1.0,227.0,0,,80.0,90.0,23.0,,,,,,,,,1.0,11000.0,104.0,11000,21000.0,,140000.0,858.0,0.67,2.75,0.21,0.5,0.0
371,904,372,Fe3O4,,,,,260.0,260.0,260.0,1.0,,0.023,1.0,227.0,0,,118.0,92.0,13.0,,,,,,,,,1.0,11000.0,104.0,11000,21000.0,,140000.0,858.0,0.67,2.75,0.21,0.5,0.0
372,905,373,Fe3O4,,,,,260.0,260.0,260.0,1.0,,0.023,1.0,227.0,0,,118.0,92.0,13.0,,,,,,,,,1.0,11000.0,104.0,11000,21000.0,,140000.0,858.0,0.67,2.75,0.21,0.5,0.0
373,906,374,Fe3O4,,,,,260.0,260.0,260.0,1.0,,0.023,1.0,227.0,0,,118.0,92.0,13.0,,,,,,,,,1.0,11000.0,104.0,11000,21000.0,,140000.0,858.0,0.67,2.75,0.21,0.5,0.0
374,907,375,Fe3O4,,,,,260.0,260.0,260.0,1.0,,0.028,1.0,227.0,0,,118.0,92.0,13.0,,,,,,,,,1.0,11000.0,104.0,11000,21000.0,,140000.0,858.0,0.67,2.75,0.21,0.5,0.0
375,908,376,Fe3O4,,,,,8.4,8.4,8.4,1.0,,0.357,1.0,227.0,0,,0.0,20.0,0.0,,,,,,,,,1.0,11000.0,104.0,11000,21000.0,,140000.0,635.0,0.67,2.75,0.333,0.5,0.0
376,909,377,Fe12C5,,,,,13.6,13.6,13.6,1.0,,0.221,1.0,226.5,0,,0.0,132.0,0.0,,,,,,,,,1.176,57725.0,55828.0,100500,32550.0,,739244.75,655.0,6.317,2.042,0.333,0.5,0.004
377,910,378,Fe12C5,,,,,13.6,13.6,13.6,1.0,,0.221,1.0,226.5,0,,0.0,132.0,0.0,,,,,,,,,1.176,57725.0,55828.0,100500,32550.0,,739244.75,655.0,6.317,2.042,0.333,0.5,0.004
378,911,379,Fe12C5,,,,,13.6,13.6,13.6,1.0,,0.221,1.0,226.5,0,,0.0,132.0,0.0,,,,,,,,,1.176,57725.0,55828.0,100500,32550.0,,739244.75,655.0,6.317,2.042,0.333,0.5,0.004
379,912,380,Fe12C5,,,,,13.6,13.6,13.6,1.0,,0.221,1.0,226.5,0,,0.0,132.0,0.0,,,,,,,,,1.176,57725.0,55828.0,100500,32550.0,,739244.75,655.0,6.317,2.042,0.333,0.5,0.004
380,913,381,Fe12C5,,,,,13.6,13.6,13.6,1.0,,0.221,1.0,226.5,0,,0.0,132.0,0.0,,,,,,,,,1.176,57725.0,55828.0,100500,32550.0,,739244.75,655.0,6.317,2.042,0.333,0.5,0.004
381,914,382,Fe12C5,,,,,13.6,13.6,13.6,1.0,,0.221,1.0,226.5,0,,0.0,132.0,0.0,,,,,,,,,1.176,57725.0,55828.0,100500,32550.0,,739244.75,655.0,6.317,2.042,0.333,0.5,0.004
382,915,383,Fe2O3,,,,,12.3,13.3,14.3,1.0,,0.5,1.163,227.0,0,,612.0,20.123,7.363,,,,,,,,,1.0,8000.0,104.0,11000,47000.0,,140000.0,948.0,0.1,2.796,0.333,0.5,0.0
383,916,384,Fe2O3,,,,,12.3,13.3,14.3,1.0,,0.5,1.163,227.0,0,,1017.2,40.87,14.207,,,,,,,,,1.0,8000.0,104.0,11000,47000.0,,140000.0,948.0,0.1,2.796,0.333,0.5,0.0
384,917,385,Fe2O3,,,,,11.7,12.7,13.7,1.0,,0.526,1.171,227.0,0,,1465.0,0.137,0.053,,,,,,,,,1.0,8000.0,104.0,11000,47000.0,,140000.0,948.0,0.1,2.796,0.333,0.5,0.0
385,918,386,Fe2O3,,,,,11.7,12.7,13.7,1.0,,0.526,1.171,227.0,0,,1922.8,0.42,0.143,,,,,,,,,1.0,8000.0,104.0,11000,47000.0,,140000.0,948.0,0.1,2.796,0.333,0.5,0.0
386,919,387,Fe2O3,,,,,250.0,250.0,250.0,1.0,,0.012,1.0,167.0,0,,130.0,18.98,1.97,,,,,,,,,1.0,8000.0,105.0,11000,1870.0,,140000.0,500.0,0.1,2.796,0.333,0.5,0.0
387,920,388,Fe2O3,,,,,250.0,250.0,250.0,1.0,,0.012,1.0,167.0,0,,130.0,10.45,1.97,,,,,,,,,1.0,8000.0,105.0,11000,1870.0,,140000.0,500.0,0.1,2.796,0.333,0.5,0.0
388,921,389,Fe2O3,,,,,35.0,35.0,35.0,1.0,,0.171,1.0,227.0,0,,0.0,83.63,0.0,,,,,,,,,1.0,8000.0,104.0,11000,48000.0,,140000.0,948.0,0.1,2.796,0.333,0.5,0.0
389,922,390,Fe2O3,,,,,35.0,35.0,35.0,1.0,,0.171,1.0,227.0,0,,0.0,89.2,0.0,,,,,,,,,1.0,8000.0,104.0,11000,48000.0,,140000.0,948.0,0.1,2.796,0.333,0.5,0.0
390,923,391,Fe2O3,,,,,10.0,10.0,10.0,1.0,,0.3,1.0,167.0,0,,3.564,28.0,19.253,,,,,,,,,1.0,26000.0,104.0,11000,89000.0,,140000.0,948.0,0.1,2.796,0.333,0.5,0.0
391,924,392,Fe2O3,,,,,10.0,10.0,10.0,1.0,,0.3,1.0,167.0,0,,3.566,28.0,19.503,,,,,,,,,1.0,26000.0,104.0,11000,89000.0,,140000.0,948.0,0.1,2.796,0.333,0.5,0.0
392,925,393,Fe2O3,,,,,10.0,10.0,10.0,1.0,,0.3,1.0,167.0,0,,3.564,28.0,19.253,,,,,,,,,1.0,26000.0,104.0,11000,89000.0,,140000.0,948.0,0.1,2.796,0.333,0.5,0.0
393,926,394,Fe2O3,,,,,18.0,18.0,18.0,1.0,,0.167,1.0,167.0,0,,7.224,39.0,32.58,,,,,,,,,1.0,8000.0,104.0,11000,48000.0,,140000.0,948.0,0.1,2.796,0.333,0.5,0.0
394,927,395,Fe2O3,,,,,18.0,18.0,18.0,1.0,,0.167,1.0,167.0,0,,7.224,39.0,32.58,,,,,,,,,1.0,8000.0,104.0,11000,48000.0,,140000.0,948.0,0.1,2.796,0.333,0.5,0.0
395,928,396,Fe2O3,,,,,22.0,22.0,22.0,1.0,,0.136,1.0,167.0,0,,7.224,39.0,32.58,,,,,,,,,1.0,8000.0,104.0,11000,16000.0,,140000.0,948.0,0.1,2.796,0.333,0.5,0.0
396,929,397,Fe2O3,,,,,22.0,22.0,22.0,1.0,,0.136,1.0,167.0,0,,7.224,39.0,32.58,,,,,,,,,1.0,8000.0,104.0,11000,16000.0,,140000.0,948.0,0.1,2.796,0.333,0.5,0.0
397,930,398,Fe2O3Fe4(Fe(CN)6)3,,,,,10.5,10.5,10.5,1.0,,0.286,1.0,225.0,0,,0.0,34.73,0.0,,,,,,,,,1.083,19200.0,104.0,11000,34000.0,,140000.0,800.0,0.12,2.654,0.333,0.5,0.0
398,931,399,Fe2O3Fe4(Fe(CN)6)4,,,,,10.5,10.5,10.5,1.0,,0.286,1.0,225.0,0,,0.0,34.7,0.0,,,,,,,,,1.053,19200.0,104.0,11000,34000.0,,140000.0,800.0,0.12,2.669,0.333,0.5,0.0
399,932,400,Fe3O4,,,,,169.1,169.1,169.1,0.993,,0.035,1.0,227.0,0,,100.0,75.9,15.0,,,,,,,,,1.071,11000.0,104.0,11000,47000.0,,140000.0,858.0,0.67,2.75,0.333,0.5,0.0
400,933,401,Fe3O4,,,,,215.7,185.0,185.0,1.0,,0.028,1.166,227.0,0,,100.0,87.4,15.0,,,,,,,,,1.071,11000.0,104.0,11000,47000.0,,140000.0,858.0,0.67,2.75,0.333,0.5,0.0
401,934,402,Fe3O4,,,,,222.8,222.8,222.8,0.998,,0.027,1.0,227.0,0,,100.0,83.5,15.0,,,,,,,,,1.071,11000.0,104.0,11000,47000.0,,140000.0,858.0,0.67,2.75,0.333,0.5,0.0
402,935,403,Fe3O4,,,,,246.6,246.6,246.6,1.0,,0.024,1.0,227.0,0,,0.0,49.41,0.0,,,,,,,,,1.071,11000.0,104.0,11000,47000.0,,140000.0,858.0,0.67,2.75,0.333,0.5,0.0
403,936,404,Fe3O4,,,,,246.6,246.6,246.6,1.0,,0.024,1.0,227.0,0,,0.0,49.41,0.0,,,,,,,,,1.071,11000.0,104.0,11000,47000.0,,140000.0,858.0,0.67,2.75,0.333,0.5,0.0
404,937,405,Fe3O4,,,,,590.0,590.0,590.0,1.0,,0.01,1.0,227.0,0,,0.0,50.72,0.0,,,,,,,,,1.071,11000.0,104.0,11000,47000.0,,140000.0,858.0,0.67,2.75,0.333,0.5,0.0
405,938,406,Fe3O4,,,,,590.0,590.0,590.0,1.0,,0.01,1.0,227.0,0,,0.0,50.72,0.0,,,,,,,,,1.071,11000.0,104.0,11000,47000.0,,140000.0,858.0,0.67,2.75,0.333,0.5,0.0
406,939,407,Fe3O4,,,,,10.0,10.0,10.0,1.0,,0.6,1.0,227.0,0,,0.0,78.0,0.0,,,,,,,,,1.071,11000.0,104.0,11000,47000.0,,140000.0,650.0,0.67,2.75,0.333,0.5,0.0
407,940,408,Fe3O4,,,,,30.0,30.0,30.0,1.0,,0.1,1.0,227.0,0,,0.0,15.83,0.0,,,,,,,,,1.071,11000.0,104.0,11000,47000.0,,140000.0,858.0,0.67,2.75,0.333,0.5,0.0
408,941,409,Fe3O4,,,,,30.0,30.0,30.0,1.0,,0.1,1.0,227.0,0,,0.0,15.83,0.0,,,,,,,,,1.071,11000.0,104.0,11000,47000.0,,140000.0,858.0,0.67,2.75,0.333,0.5,0.0
409,942,410,Fe3O4,,,,,15.0,15.0,15.0,1.0,,0.2,1.0,227.0,0,,0.0,15.83,0.0,,,,,,,,,1.071,11000.0,104.0,11000,47000.0,,140000.0,645.0,0.67,2.75,0.333,0.5,0.0
410,943,411,Fe3O4,,,,,15.0,15.0,15.0,1.0,,0.2,1.0,227.0,0,,0.0,15.83,0.0,,,,,,,,,1.071,11000.0,104.0,11000,47000.0,,140000.0,858.0,0.67,2.75,0.333,0.5,0.0
411,944,412,Fe3O4,,,,,25.0,25.0,25.0,1.0,,0.12,1.0,227.0,0,,0.0,46.03,0.0,,,,,,,,,1.071,11000.0,104.0,11000,47000.0,,140000.0,858.0,0.67,2.75,0.333,0.5,0.0
412,945,413,Fe3O4,,,,,25.0,25.0,25.0,1.0,,0.12,1.0,227.0,0,,0.0,46.03,0.0,,,,,,,,,1.071,11000.0,104.0,11000,47000.0,,140000.0,858.0,0.67,2.75,0.333,0.5,0.0
413,946,414,Fe3O4,,,,,20.0,20.0,20.0,1.0,,0.3,1.0,227.0,0,,15000.0,5.92,0.043,,,,,,,,,1.071,11000.0,104.0,11000,48000.0,,140000.0,858.0,0.67,2.75,0.333,0.5,0.0
414,947,415,Fe3O4,,,,,310.0,135.0,135.0,1.0,,0.019,2.296,227.0,0,,21600.0,7.16,0.043,,,,,,,,,1.071,11000.0,104.0,11000,48000.0,,140000.0,858.0,0.67,2.75,0.333,0.5,0.0
415,948,416,Fe3O4,,,,,310.0,135.0,135.0,1.0,,0.019,2.296,227.0,0,,30800.0,8.42,0.942,,,,,,,,,1.071,11000.0,104.0,11000,48000.0,,140000.0,858.0,0.67,2.75,0.333,0.5,0.0
416,949,417,Fe3O4CeO2,,,,,630.0,630.0,630.0,1.0,,0.005,1.0,227.0,0,,0.0,41.62,0.0,,,,,,,,,0.833,11000.0,104.0,11000,47000.0,,140000.0,639.0,0.67,2.725,0.333,0.5,0.0
417,950,418,Fe3O4CeO2,,,,,630.0,630.0,630.0,1.0,,0.005,1.0,227.0,0,,0.0,41.62,0.0,,,,,,,,,0.833,11000.0,104.0,11000,47000.0,,140000.0,639.0,0.67,2.725,0.333,0.5,0.0
418,951,419,Fe3O4MnO2,,,,,2000.0,2000.0,2000.0,0.923,,0.002,1.0,227.0,0,,0.0,8.45,0.0,,,,,,,,,1.389,21137.5,3000.0,11000,32500.0,,772500.0,684.0,0.395,2.768,0.333,0.5,0.004
419,952,420,Fe3O4MnO2,,,,,2000.0,2000.0,2000.0,0.923,,0.002,1.0,227.0,0,,0.0,8.45,0.0,,,,,,,,,1.389,21137.5,3000.0,11000,32500.0,,772500.0,684.0,0.395,2.768,0.333,0.5,0.004
420,953,421,Fe3O4Si,,,,,27.0,27.0,27.0,1.0,,0.111,1.0,226.0,0,,0.0,54.8,0.0,,,,,,,,,1.071,29250.0,104.0,11000,47000.0,,140000.0,655.0,0.395,2.644,0.333,0.5,0.0
421,954,422,Fe3O4Si,,,,,27.0,27.0,27.0,1.0,,0.111,1.0,226.0,0,,0.0,54.8,0.0,,,,,,,,,1.071,29250.0,104.0,11000,47000.0,,140000.0,655.0,0.395,2.644,0.333,0.5,0.0
422,955,423,FeV2O4,,,,,2000.0,100.0,100.0,1.0,,0.002,20.0,2.0,0,,750.0,750.0,0.22,,,,,,,,,0.833,16000.0,10.6,390000,200000.0,,1615000.0,125.0,0.17,2.87,0.333,0.156,0.001
423,956,424,FeV2O4,,,,,2000.0,100.0,100.0,1.0,,0.002,20.0,2.0,0,,750.0,750.0,0.071,,,,,,,,,0.833,16000.0,10.6,390000,200000.0,,1615000.0,125.0,0.17,2.87,0.333,0.156,0.001
424,957,425,MgMn9(FeO2)20,,,,,13.0,13.0,13.0,1.0,,0.462,1.0,227.0,0,,0.0,63.98,0.0,,,,,,,,,1.036,29975.0,104.0,11000,35446.56,,670000.0,655.0,0.42,2.707,0.333,0.5,0.0
425,958,426,MgMn9(FeO2)20,,,,,13.0,13.0,13.0,1.0,,0.462,1.0,227.0,0,,0.0,63.98,0.0,,,,,,,,,1.036,29975.0,104.0,11000,35446.56,,670000.0,655.0,0.42,2.707,0.333,0.5,0.0
426,959,427,Mg3Mn7(FeO2)20,,,,,14.0,14.0,14.0,1.0,,0.429,1.0,227.0,0,,0.0,75.96,0.0,,,,,,,,,0.964,27200.0,104.0,11000,35446.56,,140000.0,655.0,0.257,2.7,0.333,0.5,0.0
427,960,428,Mg3Mn7(FeO2)20,,,,,14.0,14.0,14.0,1.0,,0.429,1.0,227.0,0,,0.0,75.96,0.0,,,,,,,,,0.964,27200.0,104.0,11000,35446.56,,140000.0,655.0,0.257,2.7,0.333,0.5,0.0
428,961,429,Mg2Mn3(FeO2)10,,,,,12.0,12.0,12.0,1.0,,0.5,1.0,227.0,0,,0.0,65.88,0.0,,,,,,,,,0.929,31725.0,80.65,58250,35446.56,,935000.0,655.0,0.295,2.696,0.333,0.414,0.0
429,962,430,Mg2Mn3(FeO2)10,,,,,12.0,12.0,12.0,1.0,,0.5,1.0,227.0,0,,0.0,65.88,0.0,,,,,,,,,0.929,31725.0,80.65,58250,35446.56,,935000.0,655.0,0.295,2.696,0.333,0.414,0.0
430,963,431,MgMn(FeO2)4,,,,,11.0,11.0,11.0,1.0,,0.545,1.0,227.0,0,,0.0,60.08,0.0,,,,,,,,,0.893,31725.0,104.0,11000,35446.56,,670000.0,655.0,0.42,2.693,0.333,0.5,0.0
431,964,432,MgMn(FeO2)4,,,,,11.0,11.0,11.0,1.0,,0.545,1.0,227.0,0,,0.0,60.08,0.0,,,,,,,,,0.893,31725.0,104.0,11000,35446.56,,670000.0,655.0,0.42,2.693,0.333,0.5,0.0
432,965,433,MgFe2O4,,,,,220.0,220.0,220.0,0.998,,0.014,1.0,227.0,0,,0.0,69.5,0.0,,,,,,,,,1.667,62000.0,162000.0,11000,47000.0,,2670000.0,713.0,0.67,2.676,0.333,0.5,0.015
433,966,434,MgFe2O4,,,,,220.0,220.0,220.0,0.998,,0.014,1.0,227.0,0,,0.0,69.5,0.0,,,,,,,,,1.667,62000.0,162000.0,11000,47000.0,,2670000.0,713.0,0.67,2.676,0.333,0.5,0.015
434,967,435,MgFe2O4,,,,,220.0,220.0,220.0,0.998,,0.014,1.0,227.0,0,,0.0,69.5,0.0,,,,,,,,,1.667,62000.0,162000.0,11000,47000.0,,2670000.0,713.0,0.67,2.676,0.333,0.5,0.015
435,968,436,MnZn(FeO2)4,,,,,14.0,14.0,14.0,1.0,,0.214,1.0,227.0,0,,0.88,41.12,8.15,,,,,,,,,0.893,39650.0,57.3,12500,149000.0,,1085000.0,800.0,0.145,2.717,0.333,0.328,0.0
436,969,437,MnFe2O4,,,,,37.0,37.0,37.0,1.0,,0.081,1.0,227.0,0,,0.25,75.0,20.0,,,,,,,,,1.071,4000.0,3300.0,11000,56000.0,,6979.0,570.0,0.257,2.71,0.333,0.5,0.0
437,970,438,MnFe2O4,,,,,37.0,37.0,37.0,1.0,,0.081,1.0,227.0,0,,0.25,75.0,20.0,,,,,,,,,1.071,4000.0,3300.0,11000,56000.0,,6979.0,570.0,0.257,2.71,0.333,0.5,0.0
438,971,439,MnFe2O4,,,,,37.0,37.0,37.0,1.0,,0.081,1.0,227.0,0,,0.25,75.0,20.0,,,,,,,,,1.071,4000.0,3300.0,11000,56000.0,,6979.0,570.0,0.257,2.71,0.333,0.5,0.0
439,972,440,MnFe2O4,,,,,37.0,37.0,37.0,1.0,,0.081,1.0,227.0,0,,0.25,75.0,20.0,,,,,,,,,1.071,4000.0,3300.0,11000,56000.0,,6979.0,570.0,0.257,2.71,0.333,0.5,0.0
440,973,441,MnFe2O4,,,,,37.0,37.0,37.0,1.0,,0.081,1.0,227.0,0,,0.25,75.0,20.0,,,,,,,,,1.071,4000.0,3300.0,11000,56000.0,,6979.0,570.0,0.257,2.71,0.333,0.5,0.0
441,974,442,MnFe2O4,,,,,37.0,37.0,37.0,1.0,,0.081,1.0,227.0,0,,0.25,75.0,20.0,,,,,,,,,1.071,4000.0,3300.0,11000,56000.0,,6979.0,570.0,0.257,2.71,0.333,0.5,0.0
442,975,443,MnFe2O4,,,,,7.13,7.13,7.13,1.0,,0.421,1.0,57.0,0,,44.52,51.99,0.52,,,,,,,,,1.071,172000.0,1650102.0,49100,36407.25,,6979.0,573.0,-5.098,2.71,0.333,0.328,0.0
443,976,444,MnFe2O4,,,,,4.0,4.0,4.0,1.0,,0.75,1.0,227.0,0,,0.0,66.3,0.0,,,,,,,,,2.5,172000.0,3300.0,210000,56000.0,,6979.0,573.0,0.17,2.71,0.333,0.156,0.001
444,977,445,MnFe2O4,,,,,16.0,16.0,16.0,1.0,,0.187,1.0,227.0,0,,0.0,54.55,0.0,,,,,,,,,2.5,172000.0,3300.0,210000,56000.0,,6979.0,573.0,0.17,2.71,0.333,0.156,0.001
445,978,446,MnFe2O4,,,,,18.0,18.0,18.0,1.0,,0.167,1.0,227.0,0,,0.0,42.99,0.0,,,,,,,,,2.5,172000.0,3300.0,210000,56000.0,,6979.0,573.0,0.17,2.71,0.333,0.156,0.001
446,979,447,MnFe2O4,,,,,27.0,27.0,27.0,1.0,,0.111,1.0,227.0,0,,0.0,18.7,0.0,,,,,,,,,2.5,172000.0,3300.0,210000,56000.0,,6979.0,573.0,0.17,2.71,0.333,0.156,0.001
447,980,448,MnFe2O4,,,,,4.0,4.0,4.0,1.0,,0.75,1.0,227.0,0,,0.0,66.3,0.0,,,,,,,,,2.5,172000.0,3300.0,210000,56000.0,,6979.0,573.0,0.17,2.71,0.333,0.156,0.001
448,981,449,MnFe2O4,,,,,16.0,16.0,16.0,1.0,,0.187,1.0,227.0,0,,0.0,54.55,0.0,,,,,,,,,2.5,172000.0,3300.0,210000,56000.0,,6979.0,573.0,0.17,2.71,0.333,0.156,0.001
449,982,450,MnFe2O4,,,,,18.0,18.0,18.0,1.0,,0.167,1.0,227.0,0,,0.0,42.99,0.0,,,,,,,,,2.5,172000.0,3300.0,210000,56000.0,,6979.0,573.0,0.17,2.71,0.333,0.156,0.001
450,983,451,MnFe2O4,,,,,27.0,27.0,27.0,1.0,,0.111,1.0,227.0,0,,0.0,18.7,0.0,,,,,,,,,2.5,172000.0,3300.0,210000,56000.0,,6979.0,573.0,0.17,2.71,0.333,0.156,0.001
451,984,452,MnFe2O4,,,,,3.16,3.16,3.16,1.0,,0.949,1.0,227.0,0,,0.0,44.17,0.0,,,,,,,,,2.5,172000.0,3300.0,210000,56000.0,,6979.0,573.0,0.17,2.71,0.333,0.156,0.001
452,985,453,MnFe2O4,,,,,150.0,150.0,150.0,1.0,,0.02,1.0,227.0,0,,1005.0,49.3,18.89,,,,,,,,,2.5,172000.0,3300.0,210000,56000.0,,6979.0,573.0,0.17,2.71,0.333,0.156,0.001
453,986,454,MnFe2O4,,,,,4.5,4.5,4.5,1.0,,0.667,1.0,227.0,0,,53.8,61.6,4.4,,,,,,,,,2.5,172000.0,3300.0,210000,56000.0,,6979.0,658.0,0.17,2.71,0.333,0.156,0.001
454,987,455,MnFe2O4,,,,,3.5,3.5,3.5,1.0,,0.857,1.0,227.0,0,,128.5,76.8,7.4,,,,,,,,,2.5,172000.0,3300.0,210000,56000.0,,6979.0,658.0,0.17,2.71,0.333,0.156,0.001
455,988,456,MnFe2O4,,,,,2.0,2.0,2.0,1.0,,1.5,1.0,227.0,0,,114.4,58.5,2.7,,,,,,,,,2.5,172000.0,3300.0,210000,56000.0,,6979.0,658.0,0.17,2.71,0.333,0.156,0.001
456,989,457,MnFe2O4,,,,,2.0,2.0,2.0,1.0,,1.5,1.0,227.0,0,,75.8,28.8,0.5,,,,,,,,,2.5,200000.0,3300.0,210000,56000.0,,6979.0,658.0,0.17,2.71,0.333,0.156,0.001
457,990,458,MnFe2O4,,,,,1.5,1.5,1.5,1.0,,2.0,1.0,227.0,0,,252.2,26.5,1.9,,,,,,,,,2.5,172000.0,3300.0,210000,56000.0,,6979.0,658.0,0.17,2.71,0.333,0.156,0.001
458,991,459,MnFe2O4,,,,,1.5,1.5,1.5,1.0,,2.0,1.0,227.0,0,,152.4,20.3,0.7,,,,,,,,,2.5,172000.0,3300.0,210000,56000.0,,6979.0,658.0,0.17,2.71,0.333,0.156,0.001
459,992,460,MnFe2O4,,,,,2.0,2.0,2.0,1.0,,1.5,1.0,227.0,0,,55.3,46.1,0.9,,,,,,,,,2.5,172000.0,3300.0,210000,56000.0,,6979.0,658.0,0.17,2.71,0.333,0.156,0.001
460,993,461,MnFe2O4,,,,,2.5,2.5,2.5,1.0,,1.2,1.0,227.0,0,,125.8,19.7,0.5,,,,,,,,,2.5,172000.0,3300.0,210000,56000.0,,6979.0,658.0,0.17,2.71,0.333,0.156,0.001
461,994,462,ZnFe4NiO8,,,,,83.0,83.0,83.0,1.0,,0.036,1.0,227.0,0,,0.0,77.1,0.0,,,,,,,,,0.821,10.46,1650078.0,12350,786.24,,140000.0,650.0,-4.998,2.743,0.333,0.5,0.0
462,995,463,Zn7Fe41Ni13O80,,,,,3.6,3.6,3.6,1.0,,0.833,1.0,227.0,0,,7.0,30.8,0.16,,,,,,,,,0.862,11000.0,200.0,158000,629.0,,140000.0,626.0,0.12,2.748,0.333,0.5,0.0
463,996,464,Zn7Fe41Ni13O100,,,,,3.6,3.6,3.6,1.0,,0.833,1.0,227.0,0,,7.0,30.8,0.16,,,,,,,,,0.755,11000.0,200.0,158000,629.0,,140000.0,626.0,0.12,2.748,0.333,0.5,0.0
464,997,465,Zn7Fe41Ni13O120,,,,,4.4,4.4,4.4,1.0,,0.682,1.0,227.0,0,,27.0,36.3,0.77,,,,,,,,,0.671,11000.0,200.0,158000,629.0,,140000.0,626.0,0.12,2.748,0.333,0.5,0.0
465,998,466,Zn7Fe41Ni13O140,,,,,4.4,4.4,4.4,1.0,,0.682,1.0,227.0,0,,27.0,36.3,0.77,,,,,,,,,0.604,11000.0,200.0,158000,629.0,,140000.0,626.0,0.12,2.748,0.333,0.5,0.0
466,999,467,NiFe2O4,,,,,70.0,70.0,70.0,1.0,,0.043,1.0,227.0,0,,0.0,44.42,0.0,,,,,,,,,0.929,16400.0,6600000.0,16400,51000.0,,739244.75,540.0,-20.9,2.761,0.333,9.1,0.008
467,1000,468,NiFe2O4,,,,,30.0,30.0,30.0,1.0,,0.1,1.0,227.0,0,,0.28,68.0,25.0,,,,,,,,,0.929,7000.0,6600000.0,124000,5767.84,,6979.0,860.0,-20.9,2.761,0.333,9.1,0.004
468,1001,469,NiFe2O4,,,,,30.0,30.0,30.0,1.0,,0.1,1.0,227.0,0,,0.28,68.0,25.0,,,,,,,,,0.929,7000.0,6600000.0,124000,5767.84,,6979.0,860.0,-20.9,2.761,0.333,9.1,0.004
469,1002,470,NiFe2O4,,,,,30.0,30.0,30.0,1.0,,0.1,1.0,227.0,0,,0.28,68.0,25.0,,,,,,,,,0.929,7000.0,6600000.0,124000,5767.84,,6979.0,860.0,-20.9,2.761,0.333,9.1,0.004
470,1003,471,NiFe2O4,,,,,30.0,30.0,30.0,1.0,,0.1,1.0,227.0,0,,0.28,68.0,25.0,,,,,,,,,0.929,7000.0,6600000.0,124000,5767.84,,6979.0,860.0,-20.9,2.761,0.333,9.1,0.004
471,1004,472,NiFe2O4,,,,,30.0,30.0,30.0,1.0,,0.1,1.0,227.0,0,,0.28,68.0,25.0,,,,,,,,,0.929,7000.0,6600000.0,124000,5767.84,,6979.0,860.0,-20.9,2.761,0.333,9.1,0.004
472,1005,473,NiFe2O4,,,,,30.0,30.0,30.0,1.0,,0.1,1.0,227.0,0,,0.28,68.0,25.0,,,,,,,,,0.929,7000.0,6600000.0,124000,5767.84,,6979.0,860.0,-20.9,2.761,0.333,9.1,0.004
473,1006,474,NiFe2O4,,,,,8.1,8.1,8.1,1.0,,0.37,1.0,227.0,0,,20.04,17.49,0.02,,,,,,,,,0.929,16400.0,6600000.0,16400,51000.0,,1405000.0,843.0,-20.9,2.761,0.333,9.1,0.008
474,1007,475,Co50Ni25Au11O100,,,,,500.0,500.0,500.0,1.0,,0.006,1.0,227.0,0,,669.56,89.43,25.3,,,,,,,,,1.708,62000.0,177250.0,11000,37967.5,,739244.75,420.0,0.528,2.762,0.333,0.5,0.008
475,1008,476,Co50Ni25Au11O100,,,,,500.0,500.0,500.0,1.0,,0.006,1.0,227.0,0,,669.56,89.43,25.3,,,,,,,,,1.708,62000.0,177250.0,11000,37967.5,,739244.75,420.0,0.528,2.762,0.333,0.5,0.008
476,1009,477,Co50Ni25Au11O100,,,,,500.0,500.0,500.0,1.0,,0.006,1.0,227.0,0,,669.56,89.43,25.3,,,,,,,,,1.708,62000.0,177250.0,11000,37967.5,,739244.75,420.0,0.528,2.762,0.333,0.5,0.008
477,1010,478,NiFe2O4,,,,,200.0,200.0,200.0,1.0,,0.015,1.0,227.0,0,,0.0,43.0,20.25,,,,,,,,,2.167,16400.0,6600000.0,16400,51000.0,,2670000.0,790.0,-20.9,2.761,0.333,9.1,0.015
478,1011,479,NiFe2O4,,,,,200.0,200.0,200.0,1.0,,0.015,1.0,227.0,0,,0.0,43.0,20.25,,,,,,,,,2.167,16400.0,6600000.0,16400,51000.0,,2670000.0,843.15,-20.9,2.761,0.333,9.1,0.015
479,1012,480,NiFe2O4,,,,,200.0,200.0,200.0,1.0,,0.015,1.0,227.0,0,,0.0,43.0,20.25,,,,,,,,,2.167,16400.0,6600000.0,16400,51000.0,,2670000.0,843.15,-20.9,2.761,0.333,9.1,0.015
480,1013,481,NiTe,,,,,5000.0,45.0,45.0,0.846,,0.001,111.111,194.0,0,,140.0,0.61,140.0,,,,,,,,,0.0,23750.0,55828.0,11000,21000.0,,772500.0,1494.0,0.12,2.005,0.333,0.5,0.004
481,1014,482,PdFe2O3,,,,,70.0,70.0,70.0,1.0,,0.043,1.0,182.0,0,,0.0,41.34,27.0,,,,,,,,,1.5,8250.0,8578.0,11000,21750.0,,140000.0,928.0,0.105,2.697,0.333,0.328,0.0
482,1015,483,PdFe2O3,,,,,70.0,70.0,70.0,1.0,,0.043,1.0,182.0,0,,0.0,41.34,27.0,,,,,,,,,1.5,8250.0,8578.0,11000,21750.0,,140000.0,928.0,0.105,2.697,0.333,0.328,0.0
483,1016,484,PdFe2O3,,,,,70.0,70.0,70.0,1.0,,0.043,1.0,182.0,0,,0.0,41.34,27.0,,,,,,,,,1.5,8250.0,8578.0,11000,21750.0,,140000.0,928.0,0.105,2.697,0.333,0.328,0.0
484,1017,485,Tb11Fe139O200,,,,,14.14,14.14,14.14,1.0,,0.212,1.0,227.0,0,,6.49,46.3,0.46,,,,,,,,,0.937,29100.0,104.0,11000,21000.0,,140000.0,800.0,0.12,2.727,0.333,0.5,0.0
485,1018,486,Tb11Fe139O200,,,,,14.14,14.14,14.14,1.0,,0.212,1.0,227.0,0,,6.49,46.3,0.46,,,,,,,,,0.937,29100.0,104.0,11000,21000.0,,140000.0,800.0,0.12,2.727,0.333,0.5,0.0
486,1019,487,Tb11Fe139O200,,,,,14.14,14.14,14.14,1.0,,0.212,1.0,227.0,0,,6.49,46.3,0.46,,,,,,,,,0.937,29100.0,104.0,11000,21000.0,,140000.0,800.0,0.12,2.727,0.333,0.5,0.0
487,1020,488,TbFe5O8,,,,,18.12,18.12,18.12,1.0,,0.166,1.0,227.0,0,,8.12,51.7,1.34,,,,,,,,,0.857,32600.0,104.0,3000,255000.0,,140000.0,727.5,0.12,2.698,0.333,0.5,0.0
488,1021,489,TbFe5O8,,,,,18.12,18.12,18.12,1.0,,0.166,1.0,227.0,0,,8.12,51.7,1.34,,,,,,,,,0.857,32600.0,104.0,3000,255000.0,,140000.0,727.5,0.12,2.698,0.333,0.5,0.0
489,1022,490,TbFe5O8,,,,,18.12,18.12,18.12,1.0,,0.166,1.0,227.0,0,,8.12,51.7,1.34,,,,,,,,,0.857,32600.0,104.0,3000,255000.0,,140000.0,727.5,0.12,2.698,0.333,0.5,0.0
490,1023,491,Tb3Fe9O16,,,,,22.46,22.46,22.46,1.0,,0.134,1.0,227.0,0,,10.12,96.1,1.61,,,,,,,,,0.786,66100.0,104.0,11000,14446.56,,140000.0,655.0,0.12,2.672,0.333,0.5,0.0
491,1024,492,Tb3Fe9O16,,,,,22.46,22.46,22.46,1.0,,0.134,1.0,227.0,0,,10.12,96.1,1.61,,,,,,,,,0.786,66100.0,104.0,11000,14446.56,,140000.0,655.0,0.12,2.672,0.333,0.5,0.0
492,1025,493,Tb3Fe9O16,,,,,22.46,22.46,22.46,1.0,,0.134,1.0,227.0,0,,10.12,96.1,1.61,,,,,,,,,0.786,66100.0,104.0,11000,14446.56,,140000.0,655.0,0.12,2.672,0.333,0.5,0.0
493,1026,494,Mn9Zn(FeO2)20,,,,,19.8,19.8,19.8,1.0,,0.303,1.0,227.0,0,,0.0,46.5,0.0,,,,,,,,,1.036,19200.0,104.0,11000,34000.0,,140000.0,800.0,0.395,2.711,0.333,0.5,0.0
494,1027,495,Mn9Zn(FeO2)20,,,,,19.8,19.8,19.8,1.0,,0.303,1.0,227.0,0,,0.0,46.5,0.0,,,,,,,,,1.036,19200.0,104.0,11000,34000.0,,140000.0,800.0,0.395,2.711,0.333,0.5,0.0
495,1028,496,Mn9Zn(FeO2)20,,,,,19.8,19.8,19.8,1.0,,0.303,1.0,227.0,0,,0.0,46.5,0.0,,,,,,,,,1.036,19200.0,104.0,11000,34000.0,,140000.0,800.0,0.395,2.711,0.333,0.5,0.0
496,1029,497,Mn9Zn(FeO2)20,,,,,19.8,19.8,19.8,1.0,,0.303,1.0,227.0,0,,0.0,46.5,0.0,,,,,,,,,1.036,19200.0,104.0,11000,34000.0,,140000.0,800.0,0.395,2.711,0.333,0.5,0.0
497,1030,498,Mn4Zn(FeO2)10,,,,,16.7,16.7,16.7,1.0,,0.359,1.0,227.0,0,,0.0,51.2,0.0,,,,,,,,,1.0,31100.0,104.0,3000,255000.0,,140000.0,800.0,0.12,2.713,0.333,0.5,0.0
498,1031,499,Mn4Zn(FeO2)10,,,,,16.7,16.7,16.7,1.0,,0.359,1.0,227.0,0,,0.0,51.2,0.0,,,,,,,,,1.0,31100.0,104.0,3000,255000.0,,140000.0,800.0,0.12,2.713,0.333,0.5,0.0
499,1032,500,Mn4Zn(FeO2)10,,,,,16.7,16.7,16.7,1.0,,0.359,1.0,227.0,0,,0.0,51.2,0.0,,,,,,,,,1.0,31100.0,104.0,3000,255000.0,,140000.0,800.0,0.12,2.713,0.333,0.5,0.0
500,1033,501,Mn4Zn(FeO2)10,,,,,16.7,16.7,16.7,1.0,,0.359,1.0,227.0,0,,0.0,51.2,0.0,,,,,,,,,1.0,31100.0,104.0,3000,255000.0,,140000.0,800.0,0.12,2.713,0.333,0.5,0.0
501,1034,502,Zn3Fe20Co7O40,,,,,6.9,6.9,6.9,1.0,,0.435,1.0,227.0,0,,0.0,94.0,0.0,,,,,,,,,0.914,14500.0,104.0,11000,8832.0,,140000.0,396.0,0.12,2.747,0.333,0.5,0.0
502,1035,503,Mn7Zn3(FeO2)20,,,,,13.1,13.1,13.1,1.0,,0.458,1.0,227.0,0,,0.0,52.3,0.0,,,,,,,,,0.964,54600.0,104.0,3000,255000.0,,140000.0,800.0,0.12,2.714,0.333,0.5,0.0
503,1036,504,Mn7Zn3(FeO2)20,,,,,13.1,13.1,13.1,1.0,,0.458,1.0,227.0,0,,0.0,52.3,0.0,,,,,,,,,0.964,54600.0,104.0,3000,255000.0,,140000.0,800.0,0.12,2.714,0.333,0.5,0.0
504,1037,505,Mn7Zn3(FeO2)20,,,,,13.1,13.1,13.1,1.0,,0.458,1.0,227.0,0,,0.0,52.3,0.0,,,,,,,,,0.964,54600.0,104.0,3000,255000.0,,140000.0,800.0,0.12,2.714,0.333,0.5,0.0
505,1038,506,Mn7Zn3(FeO2)20,,,,,13.1,13.1,13.1,1.0,,0.458,1.0,227.0,0,,0.0,52.3,0.0,,,,,,,,,0.964,54600.0,104.0,3000,255000.0,,140000.0,800.0,0.12,2.714,0.333,0.5,0.0
506,1039,507,Mn3Zn2(FeO2)10,,,,,12.2,12.2,12.2,1.0,,0.492,1.0,227.0,0,,0.0,52.3,0.0,,,,,,,,,0.929,62100.0,104.0,3000,255000.0,,140000.0,800.0,0.12,2.716,0.333,0.5,0.0
507,1040,508,Mn3Zn2(FeO2)10,,,,,12.2,12.2,12.2,1.0,,0.492,1.0,227.0,0,,0.0,52.3,0.0,,,,,,,,,0.929,62100.0,104.0,3000,255000.0,,140000.0,800.0,0.12,2.716,0.333,0.5,0.0
508,1041,509,Mn3Zn2(FeO2)10,,,,,12.2,12.2,12.2,1.0,,0.492,1.0,227.0,0,,0.0,52.3,0.0,,,,,,,,,0.929,62100.0,104.0,3000,255000.0,,140000.0,800.0,0.12,2.716,0.333,0.5,0.0
509,1042,510,Mn3Zn2(FeO2)10,,,,,12.2,12.2,12.2,1.0,,0.492,1.0,227.0,0,,0.0,52.3,0.0,,,,,,,,,0.929,62100.0,104.0,3000,255000.0,,140000.0,800.0,0.12,2.716,0.333,0.5,0.0
510,1043,511,MnZn(FeO2)4,,,,,11.3,11.3,11.3,0.999,,0.531,1.0,227.0,0,,0.0,56.6,0.0,,,,,,,,,0.893,65600.0,104.0,3000,255000.0,,140000.0,800.0,0.12,2.717,0.333,0.5,0.0
511,1044,512,MnZn(FeO2)4,,,,,11.3,11.3,11.3,0.999,,0.531,1.0,227.0,0,,0.0,56.6,0.0,,,,,,,,,0.893,65600.0,104.0,3000,255000.0,,140000.0,800.0,0.12,2.717,0.333,0.5,0.0
512,1045,513,MnZn(FeO2)4,,,,,11.3,11.3,11.3,0.999,,0.531,1.0,227.0,0,,0.0,56.6,0.0,,,,,,,,,0.893,65600.0,104.0,3000,255000.0,,140000.0,800.0,0.12,2.717,0.333,0.5,0.0
513,1046,514,MnZn(FeO2)4,,,,,11.3,11.3,11.3,0.999,,0.531,1.0,227.0,0,,0.0,56.6,0.0,,,,,,,,,0.893,65600.0,104.0,3000,255000.0,,140000.0,800.0,0.12,2.717,0.333,0.5,0.0
514,1047,515,Mn2Zn3(FeO2)10,,,,,10.3,10.3,10.3,0.999,,0.583,1.0,227.0,0,,0.0,46.2,0.0,,,,,,,,,0.857,71300.0,104.0,11000,21000.0,,140000.0,800.0,0.12,2.719,0.333,0.5,0.0
515,1048,516,Mn2Zn3(FeO2)10,,,,,10.3,10.3,10.3,0.999,,0.583,1.0,227.0,0,,0.0,46.2,0.0,,,,,,,,,0.857,71300.0,104.0,11000,21000.0,,140000.0,800.0,0.12,2.719,0.333,0.5,0.0
516,1049,517,Mn2Zn3(FeO2)10,,,,,10.3,10.3,10.3,0.999,,0.583,1.0,227.0,0,,0.0,46.2,0.0,,,,,,,,,0.857,71300.0,104.0,11000,21000.0,,140000.0,800.0,0.12,2.719,0.333,0.5,0.0
517,1050,518,Mn2Zn3(FeO2)10,,,,,10.3,10.3,10.3,0.999,,0.583,1.0,227.0,0,,0.0,46.2,0.0,,,,,,,,,0.857,71300.0,104.0,11000,21000.0,,140000.0,800.0,0.12,2.719,0.333,0.5,0.0
518,1051,519,Mn3Zn7(FeO2)20,,,,,8.8,8.8,8.8,0.999,,0.682,1.0,227.0,0,,0.0,40.1,0.0,,,,,,,,,0.821,61900.0,223000.0,11000,21000.0,,2670000.0,800.0,0.12,2.72,0.333,0.5,0.015
519,1052,520,Mn3Zn7(FeO2)20,,,,,8.8,8.8,8.8,0.999,,0.682,1.0,227.0,0,,0.0,40.1,0.0,,,,,,,,,0.821,61900.0,223000.0,11000,21000.0,,2670000.0,800.0,0.12,2.72,0.333,0.5,0.015
520,1053,521,Mn3Zn7(FeO2)20,,,,,8.8,8.8,8.8,0.999,,0.682,1.0,227.0,0,,0.0,40.1,0.0,,,,,,,,,0.821,61900.0,223000.0,11000,21000.0,,2670000.0,800.0,0.12,2.72,0.333,0.5,0.015
521,1054,522,Mn3Zn7(FeO2)20,,,,,8.8,8.8,8.8,0.999,,0.682,1.0,227.0,0,,0.0,40.1,0.0,,,,,,,,,0.821,61900.0,223000.0,11000,21000.0,,2670000.0,800.0,0.12,2.72,0.333,0.5,0.015
522,1055,523,MnZn4(FeO2)10,,,,,8.9,8.9,8.9,0.999,,0.674,1.0,227.0,0,,0.0,27.9,0.0,,,,,,,,,0.786,54800.0,223000.0,11000,21000.0,,2670000.0,800.0,0.12,2.721,0.333,0.5,0.015
523,1056,524,MnZn4(FeO2)10,,,,,8.9,8.9,8.9,0.999,,0.674,1.0,227.0,0,,0.0,27.9,0.0,,,,,,,,,0.786,54800.0,223000.0,11000,21000.0,,2670000.0,800.0,0.12,2.721,0.333,0.5,0.015
524,1057,525,MnZn4(FeO2)10,,,,,8.9,8.9,8.9,0.999,,0.674,1.0,227.0,0,,0.0,27.9,0.0,,,,,,,,,0.786,54800.0,223000.0,11000,21000.0,,2670000.0,800.0,0.12,2.721,0.333,0.5,0.015
525,1058,526,MnZn4(FeO2)10,,,,,8.9,8.9,8.9,0.999,,0.674,1.0,227.0,0,,0.0,27.9,0.0,,,,,,,,,0.786,54800.0,223000.0,11000,21000.0,,2670000.0,800.0,0.12,2.721,0.333,0.5,0.015
526,1059,527,MnZn9(FeO2)20,,,,,8.2,8.2,8.2,0.999,,0.732,1.0,227.0,0,,0.0,19.4,0.0,,,,,,,,,0.75,57100.0,223000.0,11000,21000.0,,2670000.0,800.0,0.12,2.723,0.333,0.5,0.015
527,1060,528,MnZn9(FeO2)20,,,,,8.2,8.2,8.2,0.999,,0.732,1.0,227.0,0,,0.0,19.4,0.0,,,,,,,,,0.75,57100.0,223000.0,11000,21000.0,,2670000.0,800.0,0.12,2.723,0.333,0.5,0.015
528,1061,529,MnZn9(FeO2)20,,,,,8.2,8.2,8.2,0.999,,0.732,1.0,227.0,0,,0.0,19.4,0.0,,,,,,,,,0.75,57100.0,223000.0,11000,21000.0,,2670000.0,800.0,0.12,2.723,0.333,0.5,0.015
529,1062,530,MnZn9(FeO2)20,,,,,8.2,8.2,8.2,0.999,,0.732,1.0,227.0,0,,0.0,19.4,0.0,,,,,,,,,0.75,57100.0,223000.0,11000,21000.0,,2670000.0,800.0,0.12,2.723,0.333,0.5,0.015
530,1063,531,ZnFe2O4,,,,,19.5,19.5,19.5,1.0,,0.752,1.0,227.0,0,,0.0,12.2,0.0,,,,,,,,,0.714,4300.0,223000.0,158000,133196.56,,2670000.0,800.0,6.205,2.724,0.333,9.1,0.015
531,1064,532,ZnFe2O4,,,,,19.5,19.5,19.5,1.0,,0.752,1.0,227.0,0,,0.0,12.2,0.0,,,,,,,,,0.714,4300.0,223000.0,158000,133196.56,,2670000.0,800.0,6.205,2.724,0.333,9.1,0.015
532,1065,533,ZnFe2O4,,,,,19.5,19.5,19.5,1.0,,0.752,1.0,227.0,0,,0.0,12.2,0.0,,,,,,,,,0.714,4300.0,223000.0,158000,133196.56,,2670000.0,800.0,6.205,2.724,0.333,9.1,0.015
533,1066,534,ZnFe2O4,,,,,19.5,19.5,19.5,1.0,,0.752,1.0,227.0,0,,0.0,12.2,0.0,,,,,,,,,0.714,4300.0,223000.0,158000,133196.56,,2670000.0,800.0,6.205,2.724,0.333,9.1,0.015
534,1067,535,ZnFe2O4,,,,,19.5,19.5,19.5,1.0,,0.752,1.0,227.0,0,,0.0,12.2,0.0,,,,,,,,,0.714,4300.0,223000.0,158000,133196.56,,2670000.0,800.0,6.205,2.724,0.333,9.1,0.015
535,1068,536,ZnFe2O4,,,,,19.5,19.5,19.5,1.0,,0.752,1.0,227.0,0,,0.0,12.2,0.0,,,,,,,,,0.714,4300.0,223000.0,158000,133196.56,,2670000.0,800.0,6.205,2.724,0.333,9.1,0.015
536,1069,537,ZnFe2O4,,,,,19.5,19.5,19.5,1.0,,0.752,1.0,227.0,0,,0.0,12.2,0.0,,,,,,,,,0.714,4300.0,223000.0,158000,133196.56,,2670000.0,800.0,6.205,2.724,0.333,9.1,0.015
537,1070,538,ZnFe2O4,,,,,19.5,19.5,19.5,1.0,,0.752,1.0,227.0,0,,0.0,12.2,0.0,,,,,,,,,0.714,4300.0,223000.0,158000,133196.56,,2670000.0,800.0,6.205,2.724,0.333,9.1,0.015
538,1071,539,ZnFe2O4,,,,,19.5,19.5,19.5,1.0,,0.752,1.0,227.0,0,,0.0,12.2,0.0,,,,,,,,,0.714,4300.0,223000.0,158000,133196.56,,2670000.0,800.0,6.205,2.724,0.333,9.1,0.015
539,1072,540,ZnFe2O4,,,,,19.5,19.5,19.5,1.0,,0.752,1.0,227.0,0,,0.0,12.2,0.0,,,,,,,,,0.714,4300.0,223000.0,158000,133196.56,,2670000.0,800.0,6.205,2.724,0.333,9.1,0.015
540,1073,541,ZnFe2O4,,,,,19.5,19.5,19.5,1.0,,0.752,1.0,227.0,0,,0.0,12.2,0.0,,,,,,,,,0.714,4300.0,223000.0,158000,133196.56,,2670000.0,800.0,6.205,2.724,0.333,9.1,0.015
541,1074,542,ZnFe2O4,,,,,33.3,33.3,33.3,1.0,,0.09,1.0,227.0,0,,0.0,11.0,0.0,,,,,,,,,0.714,3700.0,223000.0,158000,133196.56,,2670000.0,800.0,6.205,2.724,0.333,9.1,0.015
542,1075,543,ZnFe2O4,,,,,33.3,33.3,33.3,1.0,,0.09,1.0,227.0,0,,0.0,11.0,0.0,,,,,,,,,0.714,3700.0,223000.0,158000,133196.56,,2670000.0,800.0,6.205,2.724,0.333,9.1,0.015
543,1076,544,ZnFe2O4,,,,,33.3,33.3,33.3,1.0,,0.09,1.0,227.0,0,,0.0,11.0,0.0,,,,,,,,,0.714,3700.0,223000.0,158000,133196.56,,2670000.0,800.0,6.205,2.724,0.333,9.1,0.015
544,1077,545,ZnFe2O4,,,,,33.3,33.3,33.3,1.0,,0.09,1.0,227.0,0,,0.0,11.0,0.0,,,,,,,,,0.714,3700.0,223000.0,158000,133196.56,,2670000.0,800.0,6.205,2.724,0.333,9.1,0.015
545,1078,546,ZnFe2O4,,,,,33.3,33.3,33.3,1.0,,0.09,1.0,227.0,0,,0.0,11.0,0.0,,,,,,,,,0.714,3700.0,223000.0,158000,133196.56,,2670000.0,800.0,6.205,2.724,0.333,9.1,0.015
546,1079,547,ZnFe2O4,,,,,33.3,33.3,33.3,1.0,,0.09,1.0,227.0,0,,0.0,11.0,0.0,,,,,,,,,0.714,3700.0,223000.0,158000,133196.56,,2670000.0,800.0,6.205,2.724,0.333,9.1,0.015
547,1080,548,ZnFe2O4,,,,,33.3,33.3,33.3,1.0,,0.09,1.0,227.0,0,,0.0,11.0,0.0,,,,,,,,,0.714,3700.0,223000.0,158000,133196.56,,2670000.0,800.0,6.205,2.724,0.333,9.1,0.015
548,1081,549,ZnFe2O4,,,,,33.3,33.3,33.3,1.0,,0.09,1.0,227.0,0,,0.0,11.0,0.0,,,,,,,,,0.714,3700.0,223000.0,158000,133196.56,,2670000.0,800.0,6.205,2.724,0.333,9.1,0.015
549,1082,550,ZnFe2O4,,,,,33.3,33.3,33.3,1.0,,0.09,1.0,227.0,0,,0.0,11.0,0.0,,,,,,,,,0.714,3700.0,223000.0,158000,133196.56,,2670000.0,800.0,6.205,2.724,0.333,9.1,0.015
550,1083,551,ZnFe2O4,,,,,33.3,33.3,33.3,1.0,,0.09,1.0,227.0,0,,0.0,11.0,0.0,,,,,,,,,0.714,3700.0,223000.0,158000,133196.56,,2670000.0,800.0,6.205,2.724,0.333,9.1,0.015
551,1084,552,ZnFe2O4,,,,,33.3,33.3,33.3,1.0,,0.09,1.0,227.0,0,,0.0,11.0,0.0,,,,,,,,,0.714,3700.0,223000.0,158000,133196.56,,2670000.0,800.0,6.205,2.724,0.333,9.1,0.015
552,1085,553,ZnFe2O4,,,,,33.3,33.3,33.3,1.0,,0.09,1.0,227.0,0,,0.0,11.0,0.0,,,,,,,,,0.714,3700.0,223000.0,158000,133196.56,,2670000.0,800.0,6.205,2.724,0.333,9.1,0.015
553,1086,554,ZnFe2O4,,,,,33.3,33.3,33.3,1.0,,0.09,1.0,227.0,0,,0.0,11.0,0.0,,,,,,,,,0.714,3700.0,223000.0,158000,133196.56,,2670000.0,800.0,6.205,2.724,0.333,9.1,0.015
554,1087,555,ZnFe2O4,,,,,10.0,10.0,10.0,1.0,,0.3,1.0,227.0,0,,67.3,41.06,0.62,,,,,,,,,0.714,12000.0,223000.0,5280000,158196.56,,2670000.0,800.0,6.205,2.724,0.333,9.1,0.015
555,1088,556,ZnFe2O4,,,,,10.0,10.0,10.0,1.0,,0.3,1.0,227.0,0,,67.3,41.06,0.62,,,,,,,,,0.714,12000.0,223000.0,5280000,158196.56,,2670000.0,800.0,6.205,2.724,0.333,9.1,0.015
556,1089,557,ZnFe2O4,,,,,10.0,10.0,10.0,1.0,,0.3,1.0,227.0,0,,67.3,41.06,0.62,,,,,,,,,0.714,12000.0,223000.0,5280000,158196.56,,2670000.0,800.0,6.205,2.724,0.333,9.1,0.015
557,1090,558,ZnFe2O4,,,,,200.0,200.0,200.0,1.0,,0.015,1.0,227.0,0,,0.0,65.0,0.0,,,,,,,,,1.667,62000.0,223000.0,242000,133196.56,,2670000.0,800.0,0.17,2.724,0.333,9.1,0.015
558,1091,559,ZnFe2O4,,,,,200.0,200.0,200.0,1.0,,0.015,1.0,227.0,0,,0.0,65.0,0.0,,,,,,,,,1.667,62000.0,223000.0,242000,133196.56,,2670000.0,800.0,0.17,2.724,0.333,9.1,0.015
559,1092,560,ZnFe2O4,,,,,200.0,200.0,200.0,1.0,,0.015,1.0,227.0,0,,0.0,65.0,0.0,,,,,,,,,1.667,62000.0,223000.0,242000,133196.56,,2670000.0,800.0,0.17,2.724,0.333,9.1,0.015
560,1093,561,ZnFe2O4,,,,,200.0,200.0,200.0,1.0,,0.015,1.0,227.0,0,,0.0,65.0,0.0,,,,,,,,,1.667,62000.0,223000.0,242000,133196.56,,2670000.0,800.0,0.17,2.724,0.333,9.1,0.015
561,1094,562,ZnFe2O4,,,,,5.0,5.0,5.0,1.0,,0.6,1.0,227.0,0,,74.2,96.9,7.1,,,,,,,,,1.667,62000.0,223000.0,122000,133196.56,,2670000.0,600.0,0.17,2.724,0.333,9.1,0.015
562,1095,563,ZnFe2O4,,,,,2.0,2.0,2.0,1.0,,1.5,1.0,227.0,0,,99.1,26.8,0.5,,,,,,,,,1.667,62000.0,223000.0,166000,206500.0,,2670000.0,600.0,6.205,2.724,0.333,9.1,0.015
563,1096,564,ZnFe2O4,,,,,2.0,2.0,2.0,1.0,,1.5,1.0,227.0,0,,74.7,31.0,0.5,,,,,,,,,1.667,62000.0,223000.0,166000,133196.56,,2670000.0,600.0,6.205,2.724,0.333,9.1,0.015
564,1097,565,ZnFe2O4,,,,,2.5,2.5,2.5,1.0,,1.2,1.0,227.0,0,,66.9,33.7,0.6,,,,,,,,,1.667,62000.0,223000.0,166000,133196.56,,2670000.0,600.0,6.205,2.724,0.333,9.1,0.015
565,1098,566,ZnFe2O4,,,,,2.5,2.5,2.5,1.0,,1.2,1.0,227.0,0,,37.8,64.3,1.8,,,,,,,,,1.667,62000.0,223000.0,158000,133196.56,,2670000.0,600.0,3.188,2.724,0.333,9.1,0.015
566,1099,567,ZnFe2O4,,,,,5.5,5.5,5.5,1.0,,0.545,1.0,227.0,0,,100.7,85.1,9.9,,,,,,,,,1.667,62000.0,223000.0,122000,133196.56,,2670000.0,600.0,0.17,2.724,0.333,9.1,0.015
567,1100,568,ZnFe2O4,,,,,7.5,3.875,3.875,1.0,,0.63,1.935,227.0,0,,69.9,70.0,4.85,,,,,,,,,1.667,62000.0,223000.0,640000,91250.0,,2670000.0,600.0,0.17,2.724,0.333,9.1,0.015
